2025-07-08 11:28:34,082 - INFO - IMAGE EVENT: Unknown button/list response: option_B from 2348177136154
2025-07-08 11:28:34,084 - INFO - IMAGE EVENT: Handling text message for 2348177136154: B
2025-07-08 11:28:34,084 - INFO - IMAGE EVENT: Handling quiz response for 2348177136154: B
2025-07-08 11:28:34,084 - INFO - IMAGE EVENT: User 123 answered question 3 correctly
2025-07-08 11:28:34,084 - INFO - IMAGE EVENT: Inserted response for user 123: question 3, correct=1, quiz=quiz6
2025-07-08 11:28:34,559 - INFO - IMAGE EVENT: Moving to next question. New index: 3
2025-07-08 11:28:34,579 - INFO - IMAGE EVENT: Preparing to send interactive message to 2348177136154
2025-07-08 11:28:34,579 - INFO - IMAGE EVENT: Preparing button message for 2348177136154
2025-07-08 11:28:34,579 - INFO - IMAGE EVENT: Sending request to WhatsApp API for 2348177136154
2025-07-08 11:28:34,580 - INFO - IMAGE EVENT: Request data: {
  "messaging_product": "whatsapp",
  "to": "2348177136154",
  "type": "interactive",
  "interactive": {
    "type": "button",
    "body": {
      "text": "Question 4 out of 5:\n\nHow should technology adoption be approached?\n\nA) Buy the most expensive option\nB) Ignore it completely\nC) Based on cost-benefit analysis\n"
    },
    "action": {
      "buttons": [
        {
          "type": "reply",
          "reply": {
            "id": "option_A",
            "title": "A"
          }
        },
        {
          "type": "reply",
          "reply": {
            "id": "option_B",
            "title": "B"
          }
        },
        {
          "type": "reply",
          "reply": {
            "id": "option_C",
            "title": "C"
          }
        }
      ]
    }
  }
}
2025-07-08 11:28:35,051 - INFO - IMAGE EVENT: Received response from WhatsApp API for 2348177136154 - Status: 200
2025-07-08 11:28:35,054 - INFO - IMAGE EVENT: Response content: {"messaging_product":"whatsapp","contacts":[{"input":"2348177136154","wa_id":"2348177136154"}],"messages":[{"id":"wamid.HBgNMjM0ODE3NzEzNjE1NBUCABEYEkMwMEFFMDREODdGNUVDQTA3OAA="}]}
2025-07-08 11:28:35,055 - INFO - IMAGE EVENT: Successfully sent interactive message to 2348177136154
2025-07-08 11:30:32,744 - INFO - IMAGE EVENT: Full message content: {
  "from": "2348032315661",
  "id": "wamid.HBgNMjM0ODAzMjMxNTY2MRUCABIYIDlCNjZCMzFDQjBDODgzNTQwQ0E4RkEzMTAwNTZBNUY5AA==",
  "timestamp": "1751974231",
  "text": {
    "body": "Hi, this is empowerlocals, you can edit this intro message!"
  },
  "type": "text"
}
2025-07-08 11:30:32,744 - INFO - IMAGE EVENT: Received message of type 'text' from 2348032315661
2025-07-08 11:30:32,745 - INFO - IMAGE EVENT: Processing message wamid.HBgNMjM0ODAzMjMxNTY2MRUCABIYIDlCNjZCMzFDQjBDODgzNTQwQ0E4RkEzMTAwNTZBNUY5AA== for user: None
2025-07-08 11:30:33,234 - INFO - IMAGE EVENT: New user created for 2348032315661, awaiting name
2025-07-08 11:30:56,087 - INFO - IMAGE EVENT: Full message content: {
  "from": "2348032315661",
  "id": "wamid.HBgNMjM0ODAzMjMxNTY2MRUCABIYIDk2MjY0MDA0RDZFOUU1ODIyRTZCRUNFMzhDNDQ5RUNBAA==",
  "timestamp": "1751974255",
  "text": {
    "body": "Aweojo oluwakemi Florence"
  },
  "type": "text"
}
2025-07-08 11:30:56,087 - INFO - IMAGE EVENT: Received message of type 'text' from 2348032315661
2025-07-08 11:30:56,088 - INFO - IMAGE EVENT: Processing message wamid.HBgNMjM0ODAzMjMxNTY2MRUCABIYIDk2MjY0MDA0RDZFOUU1ODIyRTZCRUNFMzhDNDQ5RUNBAA== for user: <sqlite3.Row object at 0x7fe7201c0ab0>
2025-07-08 11:30:56,098 - INFO - IMAGE EVENT: User state: awaiting_full_info
2025-07-08 11:30:56,098 - INFO - IMAGE EVENT: Received text message from 2348032315661: aweojo oluwakemi florence
2025-07-08 11:30:56,099 - INFO - IMAGE EVENT: Handling text message for 2348032315661: aweojo oluwakemi florence
2025-07-08 11:31:08,668 - INFO - IMAGE EVENT: Full message content: {
  "context": {
    "from": "2349134774276",
    "id": "wamid.HBgNMjM0ODE3NzEzNjE1NBUCABEYEkMwMEFFMDREODdGNUVDQTA3OAA="
  },
  "from": "2348177136154",
  "id": "wamid.HBgNMjM0ODE3NzEzNjE1NBUCABIYIDIyQjFCNTM5RDNDRkNCMzY0MUE2Q0M2OEU2RUIyQUVGAA==",
  "timestamp": "1751974267",
  "type": "interactive",
  "interactive": {
    "type": "button_reply",
    "button_reply": {
      "id": "option_C",
      "title": "C"
    }
  }
}
2025-07-08 11:31:08,669 - INFO - IMAGE EVENT: Received message of type 'interactive' from 2348177136154
2025-07-08 11:31:08,670 - INFO - IMAGE EVENT: Processing message wamid.HBgNMjM0ODE3NzEzNjE1NBUCABIYIDIyQjFCNTM5RDNDRkNCMzY0MUE2Q0M2OEU2RUIyQUVGAA== for user: <sqlite3.Row object at 0x7fe7201c0990>
2025-07-08 11:31:08,670 - INFO - IMAGE EVENT: User state: quiz_3
2025-07-08 11:31:08,671 - INFO - IMAGE EVENT: Processing interactive message: {
  "type": "button_reply",
  "button_reply": {
    "id": "option_C",
    "title": "C"
  }
}
2025-07-08 11:31:08,671 - INFO - IMAGE EVENT: Received button reply: id=option_C, text=C
2025-07-08 11:31:08,671 - INFO - IMAGE EVENT: Handling other button response
2025-07-08 11:31:08,671 - INFO - IMAGE EVENT: Button/List response received: id=option_C, text=C
2025-07-08 11:31:08,671 - INFO - IMAGE EVENT: Unknown button/list response: option_C from 2348177136154
2025-07-08 11:31:08,672 - INFO - IMAGE EVENT: Handling text message for 2348177136154: C
2025-07-08 11:31:08,672 - INFO - IMAGE EVENT: Handling quiz response for 2348177136154: C
2025-07-08 11:31:08,672 - INFO - IMAGE EVENT: User 123 answered question 4 correctly
2025-07-08 11:31:08,672 - INFO - IMAGE EVENT: Inserted response for user 123: question 4, correct=1, quiz=quiz6
2025-07-08 11:31:09,156 - INFO - IMAGE EVENT: Moving to next question. New index: 4
2025-07-08 11:31:09,168 - INFO - IMAGE EVENT: Preparing to send interactive message to 2348177136154
2025-07-08 11:31:09,169 - INFO - IMAGE EVENT: Preparing button message for 2348177136154
2025-07-08 11:31:09,169 - INFO - IMAGE EVENT: Sending request to WhatsApp API for 2348177136154
2025-07-08 11:31:09,170 - INFO - IMAGE EVENT: Request data: {
  "messaging_product": "whatsapp",
  "to": "2348177136154",
  "type": "interactive",
  "interactive": {
    "type": "button",
    "body": {
      "text": "Question 5 out of 5:\n\nWhat is the primary goal of quality control?\n\nA) Increasing prices\nB) Maintaining standards\nC) Reducing staff\n"
    },
    "action": {
      "buttons": [
        {
          "type": "reply",
          "reply": {
            "id": "option_A",
            "title": "A"
          }
        },
        {
          "type": "reply",
          "reply": {
            "id": "option_B",
            "title": "B"
          }
        },
        {
          "type": "reply",
          "reply": {
            "id": "option_C",
            "title": "C"
          }
        }
      ]
    }
  }
}
2025-07-08 11:31:09,559 - INFO - IMAGE EVENT: Received response from WhatsApp API for 2348177136154 - Status: 200
2025-07-08 11:31:09,563 - INFO - IMAGE EVENT: Response content: {"messaging_product":"whatsapp","contacts":[{"input":"2348177136154","wa_id":"2348177136154"}],"messages":[{"id":"wamid.HBgNMjM0ODE3NzEzNjE1NBUCABEYEjZFMUJBNjZFMkNDQzhGQ0ZCMwA="}]}
2025-07-08 11:31:09,563 - INFO - IMAGE EVENT: Successfully sent interactive message to 2348177136154
2025-07-08 11:31:28,276 - INFO - IMAGE EVENT: Full message content: {
  "from": "2348032315661",
  "id": "wamid.HBgNMjM0ODAzMjMxNTY2MRUCABIYIEQ1NjcyQkZENzI5NzJCMDFDQjZCOUQ5OTk5OUQ0RkU4AA==",
  "timestamp": "1751974287",
  "text": {
    "body": "Same here am 33 years old"
  },
  "type": "text"
}
2025-07-08 11:31:28,298 - INFO - IMAGE EVENT: Received message of type 'text' from 2348032315661
2025-07-08 11:31:28,299 - INFO - IMAGE EVENT: Processing message wamid.HBgNMjM0ODAzMjMxNTY2MRUCABIYIEQ1NjcyQkZENzI5NzJCMDFDQjZCOUQ5OTk5OUQ0RkU4AA== for user: <sqlite3.Row object at 0x7fe7201c0290>
2025-07-08 11:31:28,300 - INFO - IMAGE EVENT: User state: awaiting_age
2025-07-08 11:31:28,300 - INFO - IMAGE EVENT: Received text message from 2348032315661: same here am 33 years old
2025-07-08 11:31:28,300 - INFO - IMAGE EVENT: Handling text message for 2348032315661: same here am 33 years old
2025-07-08 11:31:34,616 - INFO - IMAGE EVENT: Full message content: {
  "context": {
    "from": "2349134774276",
    "id": "wamid.HBgNMjM0ODAyNjI3NTU1OBUCABEYEjBFMTY4QjdDODU4RTRGN0JBNQA="
  },
  "from": "2348026275558",
  "id": "wamid.HBgNMjM0ODAyNjI3NTU1OBUCABIYIEY5MjE0RDVFMjkzMzk4MkUxRTU0QjM4OEMxMjM5N0Q5AA==",
  "timestamp": "1751974293",
  "type": "interactive",
  "interactive": {
    "type": "button_reply",
    "button_reply": {
      "id": "quiz",
      "title": "Start Quiz"
    }
  }
}
2025-07-08 11:31:34,616 - INFO - IMAGE EVENT: Received message of type 'interactive' from 2348026275558
2025-07-08 11:31:34,617 - INFO - IMAGE EVENT: Processing message wamid.HBgNMjM0ODAyNjI3NTU1OBUCABIYIEY5MjE0RDVFMjkzMzk4MkUxRTU0QjM4OEMxMjM5N0Q5AA== for user: <sqlite3.Row object at 0x7fe7201c0450>
2025-07-08 11:31:34,617 - INFO - IMAGE EVENT: User state: selecting_quiz
2025-07-08 11:31:34,617 - INFO - IMAGE EVENT: Processing interactive message: {
  "type": "button_reply",
  "button_reply": {
    "id": "quiz",
    "title": "Start Quiz"
  }
}
2025-07-08 11:31:34,617 - INFO - IMAGE EVENT: Received button reply: id=quiz, text=Start Quiz
2025-07-08 11:31:34,617 - INFO - IMAGE EVENT: Handling other button response
2025-07-08 11:31:34,617 - INFO - IMAGE EVENT: Button/List response received: id=quiz, text=Start Quiz
2025-07-08 11:31:34,617 - INFO - IMAGE EVENT: Handling Start Quiz request for 2348026275558
2025-07-08 11:31:34,617 - INFO - IMAGE EVENT: Handling text message for 2348026275558: Start Quiz
2025-07-08 11:31:34,617 - INFO - IMAGE EVENT: Quiz selection initiated for 2348026275558 with message: Start Quiz
2025-07-08 11:31:35,131 - INFO - IMAGE EVENT: Preparing to send interactive message to 2348026275558
2025-07-08 11:31:35,131 - INFO - IMAGE EVENT: Preparing button message for 2348026275558
2025-07-08 11:31:35,131 - INFO - IMAGE EVENT: Sending request to WhatsApp API for 2348026275558
2025-07-08 11:31:35,131 - INFO - IMAGE EVENT: Request data: {
  "messaging_product": "whatsapp",
  "to": "2348026275558",
  "type": "interactive",
  "interactive": {
    "type": "button",
    "body": {
      "text": "What would you like to do?"
    },
    "action": {
      "buttons": [
        {
          "type": "reply",
          "reply": {
            "id": "quiz",
            "title": "Start Quiz"
          }
        },
        {
          "type": "reply",
          "reply": {
            "id": "quiz6",
            "title": "Start quiz6"
          }
        }
      ]
    }
  }
}
2025-07-08 11:31:35,556 - INFO - IMAGE EVENT: Received response from WhatsApp API for 2348026275558 - Status: 200
2025-07-08 11:31:35,568 - INFO - IMAGE EVENT: Response content: {"messaging_product":"whatsapp","contacts":[{"input":"2348026275558","wa_id":"2348026275558"}],"messages":[{"id":"wamid.HBgNMjM0ODAyNjI3NTU1OBUCABEYEkQyNDE4MEVGRTM2RkZEMThCNQA="}]}
2025-07-08 11:31:35,570 - INFO - IMAGE EVENT: Successfully sent interactive message to 2348026275558
2025-07-08 11:31:39,656 - INFO - IMAGE EVENT: Full message content: {
  "from": "2348032315661",
  "id": "wamid.HBgNMjM0ODAzMjMxNTY2MRUCABIYIDY0N0RDMzg2MkRFOTJERjQ4NTRGOTM5QjQ0MkZBNTZGAA==",
  "timestamp": "1751974299",
  "text": {
    "body": "Female"
  },
  "type": "text"
}
2025-07-08 11:31:39,656 - INFO - IMAGE EVENT: Received message of type 'text' from 2348032315661
2025-07-08 11:31:39,657 - INFO - IMAGE EVENT: Processing message wamid.HBgNMjM0ODAzMjMxNTY2MRUCABIYIDY0N0RDMzg2MkRFOTJERjQ4NTRGOTM5QjQ0MkZBNTZGAA== for user: <sqlite3.Row object at 0x7fe7201c0e90>
2025-07-08 11:31:39,657 - INFO - IMAGE EVENT: User state: awaiting_gender
2025-07-08 11:31:39,661 - INFO - IMAGE EVENT: Received text message from 2348032315661: female
2025-07-08 11:31:39,662 - INFO - IMAGE EVENT: Handling text message for 2348032315661: female
2025-07-08 11:31:58,462 - INFO - IMAGE EVENT: Full message content: {
  "from": "2348032315661",
  "id": "wamid.HBgNMjM0ODAzMjMxNTY2MRUCABIYIDcxNUJGMzQyRENDRkMyNzE5ODkwODM0ODVFQkJCODMzAA==",
  "timestamp": "1751974317",
  "text": {
    "body": "Baking and pasterie"
  },
  "type": "text"
}
2025-07-08 11:31:58,462 - INFO - IMAGE EVENT: Received message of type 'text' from 2348032315661
2025-07-08 11:31:58,463 - INFO - IMAGE EVENT: Processing message wamid.HBgNMjM0ODAzMjMxNTY2MRUCABIYIDcxNUJGMzQyRENDRkMyNzE5ODkwODM0ODVFQkJCODMzAA== for user: <sqlite3.Row object at 0x7fe7201c0690>
2025-07-08 11:31:58,464 - INFO - IMAGE EVENT: User state: awaiting_business_type
2025-07-08 11:31:58,464 - INFO - IMAGE EVENT: Received text message from 2348032315661: baking and pasterie
2025-07-08 11:31:58,465 - INFO - IMAGE EVENT: Handling text message for 2348032315661: baking and pasterie
2025-07-08 11:31:59,062 - INFO - IMAGE EVENT: Preparing to send interactive message to 2348032315661
2025-07-08 11:31:59,062 - INFO - IMAGE EVENT: Preparing list message for 2348032315661
2025-07-08 11:31:59,062 - INFO - IMAGE EVENT: Sending request to WhatsApp API for 2348032315661
2025-07-08 11:31:59,063 - INFO - IMAGE EVENT: Request data: {
  "messaging_product": "whatsapp",
  "to": "2348032315661",
  "type": "interactive",
  "interactive": {
    "type": "list",
    "header": {
      "type": "text",
      "text": "Business Location"
    },
    "body": {
      "text": "Which local government is your business located in?"
    },
    "footer": {
      "text": "Select your location"
    },
    "action": {
      "button": "Choose location",
      "sections": [
        {
          "title": "Local Governments",
          "rows": [
            {
              "id": "epe",
              "title": "Epe"
            },
            {
              "id": "alimosho",
              "title": "Alimosho"
            },
            {
              "id": "ikorodu",
              "title": "Ikorodu"
            },
            {
              "id": "others",
              "title": "Others"
            }
          ]
        }
      ]
    }
  }
}
2025-07-08 11:31:59,552 - INFO - IMAGE EVENT: Received response from WhatsApp API for 2348032315661 - Status: 200
2025-07-08 11:31:59,553 - INFO - IMAGE EVENT: Response content: {"messaging_product":"whatsapp","contacts":[{"input":"2348032315661","wa_id":"2348032315661"}],"messages":[{"id":"wamid.HBgNMjM0ODAzMjMxNTY2MRUCABEYEjkxODlFNDc0MjQ4OTlCQkVCRQA="}]}
2025-07-08 11:31:59,553 - INFO - IMAGE EVENT: Successfully sent interactive message to 2348032315661
2025-07-08 11:32:03,159 - INFO - IMAGE EVENT: Full message content: {
  "context": {
    "from": "2349134774276",
    "id": "wamid.HBgNMjM0ODE3NzEzNjE1NBUCABEYEjZFMUJBNjZFMkNDQzhGQ0ZCMwA="
  },
  "from": "2348177136154",
  "id": "wamid.HBgNMjM0ODE3NzEzNjE1NBUCABIYIDI0RDM3Mjc1NUJDMEJCQTM2NDQzM0M5NTQyRTMzMDQ0AA==",
  "timestamp": "1751974322",
  "type": "interactive",
  "interactive": {
    "type": "button_reply",
    "button_reply": {
      "id": "option_B",
      "title": "B"
    }
  }
}
2025-07-08 11:32:03,159 - INFO - IMAGE EVENT: Received message of type 'interactive' from 2348177136154
2025-07-08 11:32:03,160 - INFO - IMAGE EVENT: Processing message wamid.HBgNMjM0ODE3NzEzNjE1NBUCABIYIDI0RDM3Mjc1NUJDMEJCQTM2NDQzM0M5NTQyRTMzMDQ0AA== for user: <sqlite3.Row object at 0x7fe7201c09b0>
2025-07-08 11:32:03,160 - INFO - IMAGE EVENT: User state: quiz_4
2025-07-08 11:32:03,161 - INFO - IMAGE EVENT: Processing interactive message: {
  "type": "button_reply",
  "button_reply": {
    "id": "option_B",
    "title": "B"
  }
}
2025-07-08 11:32:03,161 - INFO - IMAGE EVENT: Received button reply: id=option_B, text=B
2025-07-08 11:32:03,161 - INFO - IMAGE EVENT: Handling other button response
2025-07-08 11:32:03,161 - INFO - IMAGE EVENT: Button/List response received: id=option_B, text=B
2025-07-08 11:32:03,161 - INFO - IMAGE EVENT: Unknown button/list response: option_B from 2348177136154
2025-07-08 11:32:03,162 - INFO - IMAGE EVENT: Handling text message for 2348177136154: B
2025-07-08 11:32:03,162 - INFO - IMAGE EVENT: Handling quiz response for 2348177136154: B
2025-07-08 11:32:03,163 - INFO - IMAGE EVENT: User 123 answered question 5 correctly
2025-07-08 11:32:03,163 - INFO - IMAGE EVENT: Inserted response for user 123: question 5, correct=1, quiz=quiz6
2025-07-08 11:32:03,755 - INFO - IMAGE EVENT: Moving to next question. New index: 5
2025-07-08 11:32:03,756 - INFO - IMAGE EVENT: Finishing quiz quiz6 for user 123
2025-07-08 11:32:04,265 - INFO - IMAGE EVENT: Database updated for user 123 after finishing quiz quiz6
2025-07-08 11:32:04,265 - INFO - IMAGE EVENT: Preparing to send interactive message to 2348177136154
2025-07-08 11:32:04,265 - INFO - IMAGE EVENT: Preparing button message for 2348177136154
2025-07-08 11:32:04,266 - INFO - IMAGE EVENT: Sending request to WhatsApp API for 2348177136154
2025-07-08 11:32:04,266 - INFO - IMAGE EVENT: Request data: {
  "messaging_product": "whatsapp",
  "to": "2348177136154",
  "type": "interactive",
  "interactive": {
    "type": "button",
    "body": {
      "text": "What would you like to do next?"
    },
    "action": {
      "buttons": [
        {
          "type": "reply",
          "reply": {
            "id": "quiz",
            "title": "Take Another Quiz"
          }
        },
        {
          "type": "reply",
          "reply": {
            "id": "records",
            "title": "Switch to Records"
          }
        },
        {
          "type": "reply",
          "reply": {
            "id": "ai_chat",
            "title": "Review Mistakes (AI)"
          }
        }
      ]
    }
  }
}
2025-07-08 11:32:04,739 - INFO - IMAGE EVENT: Received response from WhatsApp API for 2348177136154 - Status: 200
2025-07-08 11:32:04,740 - INFO - IMAGE EVENT: Response content: {"messaging_product":"whatsapp","contacts":[{"input":"2348177136154","wa_id":"2348177136154"}],"messages":[{"id":"wamid.HBgNMjM0ODE3NzEzNjE1NBUCABEYEkU5MzE0QkFBRDM1M0U2M0NCQQA="}]}
2025-07-08 11:32:04,740 - INFO - IMAGE EVENT: Successfully sent interactive message to 2348177136154
2025-07-08 11:32:04,740 - INFO - IMAGE EVENT: Quiz quiz6 finished successfully for user 123
2025-07-08 11:32:10,659 - INFO - IMAGE EVENT: Full message content: {
  "context": {
    "from": "2349134774276",
    "id": "wamid.HBgNMjM0ODAzMjMxNTY2MRUCABEYEjkxODlFNDc0MjQ4OTlCQkVCRQA="
  },
  "from": "2348032315661",
  "id": "wamid.HBgNMjM0ODAzMjMxNTY2MRUCABIYIEEwM0ZEMTAzOUUwMkE3ODQ0NkZBN0Y5QjdERjlEMERDAA==",
  "timestamp": "1751974330",
  "type": "interactive",
  "interactive": {
    "type": "list_reply",
    "list_reply": {
      "id": "ikorodu",
      "title": "Ikorodu"
    }
  }
}
2025-07-08 11:32:10,659 - INFO - IMAGE EVENT: Received message of type 'interactive' from 2348032315661
2025-07-08 11:32:10,660 - INFO - IMAGE EVENT: Processing message wamid.HBgNMjM0ODAzMjMxNTY2MRUCABIYIEEwM0ZEMTAzOUUwMkE3ODQ0NkZBN0Y5QjdERjlEMERDAA== for user: <sqlite3.Row object at 0x7fe7201c0490>
2025-07-08 11:32:10,661 - INFO - IMAGE EVENT: User state: awaiting_location
2025-07-08 11:32:10,661 - INFO - IMAGE EVENT: Processing interactive message: {
  "type": "list_reply",
  "list_reply": {
    "id": "ikorodu",
    "title": "Ikorodu"
  }
}
2025-07-08 11:32:10,662 - INFO - IMAGE EVENT: Received list selection: id=ikorodu, title=Ikorodu
2025-07-08 11:32:10,662 - INFO - IMAGE EVENT: Button/List response received: id=ikorodu, text=Ikorodu
2025-07-08 11:32:10,662 - INFO - IMAGE EVENT: Unknown button/list response: ikorodu from 2348032315661
2025-07-08 11:32:10,663 - INFO - IMAGE EVENT: Handling text message for 2348032315661: Ikorodu
2025-07-08 11:32:11,310 - INFO - IMAGE EVENT: Preparing to send interactive message to 2348032315661
2025-07-08 11:32:11,310 - INFO - IMAGE EVENT: Preparing list message for 2348032315661
2025-07-08 11:32:11,310 - INFO - IMAGE EVENT: Sending request to WhatsApp API for 2348032315661
2025-07-08 11:32:11,311 - INFO - IMAGE EVENT: Request data: {
  "messaging_product": "whatsapp",
  "to": "2348032315661",
  "type": "interactive",
  "interactive": {
    "type": "list",
    "header": {
      "type": "text",
      "text": "Business Size"
    },
    "body": {
      "text": "How many work in your business?"
    },
    "footer": {
      "text": "Select an option below"
    },
    "action": {
      "button": "Select size",
      "sections": [
        {
          "title": "Choose an option",
          "rows": [
            {
              "id": "me",
              "title": "Just me"
            },
            {
              "id": "micro",
              "title": "1-5 workers"
            },
            {
              "id": "very_small",
              "title": "6-15 workers"
            },
            {
              "id": "small",
              "title": "16-30 workers"
            },
            {
              "id": "medium",
              "title": "31-50 workers"
            },
            {
              "id": "large",
              "title": "51-100 workers"
            },
            {
              "id": "very_large",
              "title": "Over 100 workers"
            }
          ]
        }
      ]
    }
  }
}
2025-07-08 11:32:11,850 - INFO - IMAGE EVENT: Received response from WhatsApp API for 2348032315661 - Status: 200
2025-07-08 11:32:11,859 - INFO - IMAGE EVENT: Response content: {"messaging_product":"whatsapp","contacts":[{"input":"2348032315661","wa_id":"2348032315661"}],"messages":[{"id":"wamid.HBgNMjM0ODAzMjMxNTY2MRUCABEYEkFCRUUxNjczRDkxOEI4NDExQwA="}]}
2025-07-08 11:32:11,859 - INFO - IMAGE EVENT: Successfully sent interactive message to 2348032315661
2025-07-08 11:32:23,923 - INFO - IMAGE EVENT: Full message content: {
  "context": {
    "from": "2349134774276",
    "id": "wamid.HBgNMjM0ODAzMjMxNTY2MRUCABEYEkFCRUUxNjczRDkxOEI4NDExQwA="
  },
  "from": "2348032315661",
  "id": "wamid.HBgNMjM0ODAzMjMxNTY2MRUCABIYIDc5ODIyQ0I5MzU1NzEwNzhERTU2MDlGQTdEMzIxMjRGAA==",
  "timestamp": "1751974343",
  "type": "interactive",
  "interactive": {
    "type": "list_reply",
    "list_reply": {
      "id": "me",
      "title": "Just me"
    }
  }
}
2025-07-08 11:32:23,923 - INFO - IMAGE EVENT: Received message of type 'interactive' from 2348032315661
2025-07-08 11:32:23,924 - INFO - IMAGE EVENT: Processing message wamid.HBgNMjM0ODAzMjMxNTY2MRUCABIYIDc5ODIyQ0I5MzU1NzEwNzhERTU2MDlGQTdEMzIxMjRGAA== for user: <sqlite3.Row object at 0x7fe7201c0bf0>
2025-07-08 11:32:23,925 - INFO - IMAGE EVENT: User state: awaiting_business_size
2025-07-08 11:32:23,925 - INFO - IMAGE EVENT: Processing interactive message: {
  "type": "list_reply",
  "list_reply": {
    "id": "me",
    "title": "Just me"
  }
}
2025-07-08 11:32:23,925 - INFO - IMAGE EVENT: Received list selection: id=me, title=Just me
2025-07-08 11:32:23,926 - INFO - IMAGE EVENT: Button/List response received: id=me, text=Just me
2025-07-08 11:32:23,938 - INFO - IMAGE EVENT: Unknown button/list response: me from 2348032315661
2025-07-08 11:32:23,938 - INFO - IMAGE EVENT: Handling text message for 2348032315661: Just me
2025-07-08 11:32:23,943 - INFO - IMAGE EVENT: Preparing to send interactive message to 2348032315661
2025-07-08 11:32:23,944 - INFO - IMAGE EVENT: Preparing list message for 2348032315661
2025-07-08 11:32:23,944 - INFO - IMAGE EVENT: Sending request to WhatsApp API for 2348032315661
2025-07-08 11:32:23,944 - INFO - IMAGE EVENT: Request data: {
  "messaging_product": "whatsapp",
  "to": "2348032315661",
  "type": "interactive",
  "interactive": {
    "type": "list",
    "header": {
      "type": "text",
      "text": "Financial Status"
    },
    "body": {
      "text": "How is your business doing?"
    },
    "footer": {
      "text": "Select an option below"
    },
    "action": {
      "button": "Select status",
      "sections": [
        {
          "title": "Choose an option",
          "rows": [
            {
              "id": "loss",
              "title": "Losing money monthly"
            },
            {
              "id": "break_even",
              "title": "Breaking even"
            },
            {
              "id": "small_profit",
              "title": "Small profit months"
            },
            {
              "id": "good_profit",
              "title": "Good profit often"
            },
            {
              "id": "growing",
              "title": "Growing profit monthly"
            },
            {
              "id": "unstable",
              "title": "Profit varies a lot"
            }
          ]
        }
      ]
    }
  }
}
2025-07-08 11:32:24,424 - INFO - IMAGE EVENT: Received response from WhatsApp API for 2348032315661 - Status: 200
2025-07-08 11:32:24,425 - INFO - IMAGE EVENT: Response content: {"messaging_product":"whatsapp","contacts":[{"input":"2348032315661","wa_id":"2348032315661"}],"messages":[{"id":"wamid.HBgNMjM0ODAzMjMxNTY2MRUCABEYEjEzQzBGM0E5MjMzODVBMEE4MwA="}]}
2025-07-08 11:32:24,457 - INFO - IMAGE EVENT: Successfully sent interactive message to 2348032315661
2025-07-08 11:32:41,516 - INFO - IMAGE EVENT: Full message content: {
  "context": {
    "from": "2349134774276",
    "id": "wamid.HBgNMjM0ODAzMjMxNTY2MRUCABEYEjEzQzBGM0E5MjMzODVBMEE4MwA="
  },
  "from": "2348032315661",
  "id": "wamid.HBgNMjM0ODAzMjMxNTY2MRUCABIYIDc2NEMzRkM2OTAyMTlDRjQwODM1NzY3RkNGMDNGMTc4AA==",
  "timestamp": "1751974360",
  "type": "interactive",
  "interactive": {
    "type": "list_reply",
    "list_reply": {
      "id": "small_profit",
      "title": "Small profit months"
    }
  }
}
2025-07-08 11:32:41,516 - INFO - IMAGE EVENT: Received message of type 'interactive' from 2348032315661
2025-07-08 11:32:41,517 - INFO - IMAGE EVENT: Processing message wamid.HBgNMjM0ODAzMjMxNTY2MRUCABIYIDc2NEMzRkM2OTAyMTlDRjQwODM1NzY3RkNGMDNGMTc4AA== for user: <sqlite3.Row object at 0x7fe7201c05f0>
2025-07-08 11:32:41,517 - INFO - IMAGE EVENT: User state: awaiting_financial_status
2025-07-08 11:32:41,517 - INFO - IMAGE EVENT: Processing interactive message: {
  "type": "list_reply",
  "list_reply": {
    "id": "small_profit",
    "title": "Small profit months"
  }
}
2025-07-08 11:32:41,518 - INFO - IMAGE EVENT: Received list selection: id=small_profit, title=Small profit months
2025-07-08 11:32:41,518 - INFO - IMAGE EVENT: Button/List response received: id=small_profit, text=Small profit months
2025-07-08 11:32:41,518 - INFO - IMAGE EVENT: Unknown button/list response: small_profit from 2348032315661
2025-07-08 11:32:41,518 - INFO - IMAGE EVENT: Handling text message for 2348032315661: Small profit months
2025-07-08 11:32:41,523 - INFO - IMAGE EVENT: Preparing to send interactive message to 2348032315661
2025-07-08 11:32:41,523 - INFO - IMAGE EVENT: Preparing list message for 2348032315661
2025-07-08 11:32:41,523 - INFO - IMAGE EVENT: Sending request to WhatsApp API for 2348032315661
2025-07-08 11:32:41,524 - INFO - IMAGE EVENT: Request data: {
  "messaging_product": "whatsapp",
  "to": "2348032315661",
  "type": "interactive",
  "interactive": {
    "type": "list",
    "header": {
      "type": "text",
      "text": "Main Challenge"
    },
    "body": {
      "text": "What is your biggest challenge?"
    },
    "footer": {
      "text": "Select an option below"
    },
    "action": {
      "button": "Select challenge",
      "sections": [
        {
          "title": "Choose an option",
          "rows": [
            {
              "id": "cash_flow",
              "title": "Not enough cash"
            },
            {
              "id": "marketing",
              "title": "Getting customers"
            },
            {
              "id": "competition",
              "title": "Too many competitors"
            },
            {
              "id": "skills",
              "title": "Need business skills"
            },
            {
              "id": "staff",
              "title": "Staff issues"
            },
            {
              "id": "tech",
              "title": "Need better technology"
            }
          ]
        }
      ]
    }
  }
}
2025-07-08 11:32:41,911 - INFO - IMAGE EVENT: Received response from WhatsApp API for 2348032315661 - Status: 200
2025-07-08 11:32:41,912 - INFO - IMAGE EVENT: Response content: {"messaging_product":"whatsapp","contacts":[{"input":"2348032315661","wa_id":"2348032315661"}],"messages":[{"id":"wamid.HBgNMjM0ODAzMjMxNTY2MRUCABEYEkYzQ0Q1QTQ0MEI2Q0Y1N0Q0QwA="}]}
2025-07-08 11:32:41,912 - INFO - IMAGE EVENT: Successfully sent interactive message to 2348032315661
2025-07-08 11:32:56,301 - INFO - IMAGE EVENT: Full message content: {
  "from": "2347038222877",
  "id": "wamid.HBgNMjM0NzAzODIyMjg3NxUCABIYIDQ1MzcyMzQyMTA0OTM0QzA0MkFGM0EyMDU1NTQxQUUzAA==",
  "timestamp": "1751974375",
  "text": {
    "body": "Hi, this is empowerlocals, you can edit this intro message!"
  },
  "type": "text"
}
2025-07-08 11:32:56,302 - INFO - IMAGE EVENT: Received message of type 'text' from 2347038222877
2025-07-08 11:32:56,357 - INFO - IMAGE EVENT: Processing message wamid.HBgNMjM0NzAzODIyMjg3NxUCABIYIDQ1MzcyMzQyMTA0OTM0QzA0MkFGM0EyMDU1NTQxQUUzAA== for user: <sqlite3.Row object at 0x7fe7201c0770>
2025-07-08 11:32:56,358 - INFO - IMAGE EVENT: User state: awaiting_choice
2025-07-08 11:32:56,358 - INFO - IMAGE EVENT: Received text message from 2347038222877: hi, this is empowerlocals, you can edit this intro message!
2025-07-08 11:32:56,370 - INFO - IMAGE EVENT: Handling text message for 2347038222877: hi, this is empowerlocals, you can edit this intro message!
2025-07-08 11:32:57,125 - INFO - IMAGE EVENT: Presenting main options to user 2347038222877
2025-07-08 11:32:57,125 - INFO - IMAGE EVENT: Preparing to send interactive message to 2347038222877
2025-07-08 11:32:57,126 - INFO - IMAGE EVENT: Preparing button message for 2347038222877
2025-07-08 11:32:57,126 - INFO - IMAGE EVENT: Sending request to WhatsApp API for 2347038222877
2025-07-08 11:32:57,126 - INFO - IMAGE EVENT: Request data: {
  "messaging_product": "whatsapp",
  "to": "2347038222877",
  "type": "interactive",
  "interactive": {
    "type": "button",
    "body": {
      "text": "What would you like to do next?"
    },
    "action": {
      "buttons": [
        {
          "type": "reply",
          "reply": {
            "id": "quiz",
            "title": "Start Quiz"
          }
        },
        {
          "type": "reply",
          "reply": {
            "id": "records",
            "title": "Record Keeping"
          }
        },
        {
          "type": "reply",
          "reply": {
            "id": "settings",
            "title": "Settings"
          }
        }
      ]
    }
  }
}
2025-07-08 11:32:57,672 - INFO - IMAGE EVENT: Received response from WhatsApp API for 2347038222877 - Status: 200
2025-07-08 11:32:57,756 - INFO - IMAGE EVENT: Response content: {"messaging_product":"whatsapp","contacts":[{"input":"2347038222877","wa_id":"2347038222877"}],"messages":[{"id":"wamid.HBgNMjM0NzAzODIyMjg3NxUCABEYEjVFNzlEM0IzRjhGNkJGQzU4MgA="}]}
2025-07-08 11:32:57,757 - INFO - IMAGE EVENT: Successfully sent interactive message to 2347038222877
2025-07-08 11:33:00,965 - INFO - IMAGE EVENT: Full message content: {
  "context": {
    "from": "2349134774276",
    "id": "wamid.HBgNMjM0ODAzMjMxNTY2MRUCABEYEkYzQ0Q1QTQ0MEI2Q0Y1N0Q0QwA="
  },
  "from": "2348032315661",
  "id": "wamid.HBgNMjM0ODAzMjMxNTY2MRUCABIYIDJEQzA3NUNEMTk1RkY5QjZBQzI1QzA0OTVFQTA2REMzAA==",
  "timestamp": "1751974380",
  "type": "interactive",
  "interactive": {
    "type": "list_reply",
    "list_reply": {
      "id": "cash_flow",
      "title": "Not enough cash"
    }
  }
}
2025-07-08 11:33:00,965 - INFO - IMAGE EVENT: Received message of type 'interactive' from 2348032315661
2025-07-08 11:33:00,975 - INFO - IMAGE EVENT: Processing message wamid.HBgNMjM0ODAzMjMxNTY2MRUCABIYIDJEQzA3NUNEMTk1RkY5QjZBQzI1QzA0OTVFQTA2REMzAA== for user: <sqlite3.Row object at 0x7fe7201c01b0>
2025-07-08 11:33:00,975 - INFO - IMAGE EVENT: User state: awaiting_main_challenge
2025-07-08 11:33:00,976 - INFO - IMAGE EVENT: Processing interactive message: {
  "type": "list_reply",
  "list_reply": {
    "id": "cash_flow",
    "title": "Not enough cash"
  }
}
2025-07-08 11:33:00,976 - INFO - IMAGE EVENT: Received list selection: id=cash_flow, title=Not enough cash
2025-07-08 11:33:00,976 - INFO - IMAGE EVENT: Button/List response received: id=cash_flow, text=Not enough cash
2025-07-08 11:33:00,976 - INFO - IMAGE EVENT: Unknown button/list response: cash_flow from 2348032315661
2025-07-08 11:33:00,976 - INFO - IMAGE EVENT: Handling text message for 2348032315661: Not enough cash
2025-07-08 11:33:01,056 - INFO - IMAGE EVENT: Preparing to send interactive message to 2348032315661
2025-07-08 11:33:01,056 - INFO - IMAGE EVENT: Preparing list message for 2348032315661
2025-07-08 11:33:01,056 - INFO - IMAGE EVENT: Sending request to WhatsApp API for 2348032315661
2025-07-08 11:33:01,056 - INFO - IMAGE EVENT: Request data: {
  "messaging_product": "whatsapp",
  "to": "2348032315661",
  "type": "interactive",
  "interactive": {
    "type": "list",
    "header": {
      "type": "text",
      "text": "Record Keeping"
    },
    "body": {
      "text": "How do you track money?"
    },
    "footer": {
      "text": "Select an option below"
    },
    "action": {
      "button": "Select method",
      "sections": [
        {
          "title": "Choose an option",
          "rows": [
            {
              "id": "none",
              "title": "No records kept"
            },
            {
              "id": "memory",
              "title": "In my head"
            },
            {
              "id": "notes",
              "title": "Notebook"
            },
            {
              "id": "phone",
              "title": "Phone notes"
            },
            {
              "id": "spreadsheet",
              "title": "Spreadsheets"
            },
            {
              "id": "software",
              "title": "Accounting software"
            }
          ]
        }
      ]
    }
  }
}
2025-07-08 11:33:01,545 - INFO - IMAGE EVENT: Received response from WhatsApp API for 2348032315661 - Status: 200
2025-07-08 11:33:01,546 - INFO - IMAGE EVENT: Response content: {"messaging_product":"whatsapp","contacts":[{"input":"2348032315661","wa_id":"2348032315661"}],"messages":[{"id":"wamid.HBgNMjM0ODAzMjMxNTY2MRUCABEYEkUxODQ5MkE0NDUwQjA1MTk3MAA="}]}
2025-07-08 11:33:01,546 - INFO - IMAGE EVENT: Successfully sent interactive message to 2348032315661
2025-07-08 11:33:21,043 - INFO - IMAGE EVENT: Full message content: {
  "context": {
    "from": "2349134774276",
    "id": "wamid.HBgNMjM0ODAzMjMxNTY2MRUCABEYEkUxODQ5MkE0NDUwQjA1MTk3MAA="
  },
  "from": "2348032315661",
  "id": "wamid.HBgNMjM0ODAzMjMxNTY2MRUCABIYIDY2Mzk3NzYwNzFCNzU3NjdERUMzNDlFODY0RDM0MzRDAA==",
  "timestamp": "1751974400",
  "type": "interactive",
  "interactive": {
    "type": "list_reply",
    "list_reply": {
      "id": "none",
      "title": "No records kept"
    }
  }
}
2025-07-08 11:33:21,044 - INFO - IMAGE EVENT: Received message of type 'interactive' from 2348032315661
2025-07-08 11:33:21,045 - INFO - IMAGE EVENT: Processing message wamid.HBgNMjM0ODAzMjMxNTY2MRUCABIYIDY2Mzk3NzYwNzFCNzU3NjdERUMzNDlFODY0RDM0MzRDAA== for user: <sqlite3.Row object at 0x7fe7201c01b0>
2025-07-08 11:33:21,045 - INFO - IMAGE EVENT: User state: awaiting_record_keeping
2025-07-08 11:33:21,045 - INFO - IMAGE EVENT: Processing interactive message: {
  "type": "list_reply",
  "list_reply": {
    "id": "none",
    "title": "No records kept"
  }
}
2025-07-08 11:33:21,045 - INFO - IMAGE EVENT: Received list selection: id=none, title=No records kept
2025-07-08 11:33:21,045 - INFO - IMAGE EVENT: Button/List response received: id=none, text=No records kept
2025-07-08 11:33:21,046 - INFO - IMAGE EVENT: Unknown button/list response: none from 2348032315661
2025-07-08 11:33:21,046 - INFO - IMAGE EVENT: Handling text message for 2348032315661: No records kept
2025-07-08 11:33:21,051 - INFO - IMAGE EVENT: Preparing to send interactive message to 2348032315661
2025-07-08 11:33:21,051 - INFO - IMAGE EVENT: Preparing list message for 2348032315661
2025-07-08 11:33:21,051 - INFO - IMAGE EVENT: Sending request to WhatsApp API for 2348032315661
2025-07-08 11:33:21,052 - INFO - IMAGE EVENT: Request data: {
  "messaging_product": "whatsapp",
  "to": "2348032315661",
  "type": "interactive",
  "interactive": {
    "type": "list",
    "header": {
      "type": "text",
      "text": "Growth Goal"
    },
    "body": {
      "text": "What is your main goal?"
    },
    "footer": {
      "text": "Select an option below"
    },
    "action": {
      "button": "Select goal",
      "sections": [
        {
          "title": "Choose an option",
          "rows": [
            {
              "id": "more_sales",
              "title": "More sales"
            },
            {
              "id": "new_location",
              "title": "New location"
            },
            {
              "id": "new_products",
              "title": "New products"
            },
            {
              "id": "better_profit",
              "title": "Increase profit"
            },
            {
              "id": "equipment",
              "title": "Better equipment"
            },
            {
              "id": "stable",
              "title": "Keep stable"
            }
          ]
        }
      ]
    }
  }
}
2025-07-08 11:33:21,563 - INFO - IMAGE EVENT: Received response from WhatsApp API for 2348032315661 - Status: 200
2025-07-08 11:33:21,563 - INFO - IMAGE EVENT: Response content: {"messaging_product":"whatsapp","contacts":[{"input":"2348032315661","wa_id":"2348032315661"}],"messages":[{"id":"wamid.HBgNMjM0ODAzMjMxNTY2MRUCABEYEkQ1MTUzMUM5NTNERDYzQTBCNQA="}]}
2025-07-08 11:33:21,563 - INFO - IMAGE EVENT: Successfully sent interactive message to 2348032315661
2025-07-08 11:33:31,854 - INFO - IMAGE EVENT: Full message content: {
  "context": {
    "from": "2349134774276",
    "id": "wamid.HBgNMjM0NzAzODIyMjg3NxUCABEYEjVFNzlEM0IzRjhGNkJGQzU4MgA="
  },
  "from": "2347038222877",
  "id": "wamid.HBgNMjM0NzAzODIyMjg3NxUCABIYIERBNTFGNTM4RTJERjkxQjUxQzgwMDAwNTFGRkYxNEI5AA==",
  "timestamp": "1751974411",
  "type": "interactive",
  "interactive": {
    "type": "button_reply",
    "button_reply": {
      "id": "quiz",
      "title": "Start Quiz"
    }
  }
}
2025-07-08 11:33:31,855 - INFO - IMAGE EVENT: Received message of type 'interactive' from 2347038222877
2025-07-08 11:33:31,856 - INFO - IMAGE EVENT: Processing message wamid.HBgNMjM0NzAzODIyMjg3NxUCABIYIERBNTFGNTM4RTJERjkxQjUxQzgwMDAwNTFGRkYxNEI5AA== for user: <sqlite3.Row object at 0x7fe7201c0730>
2025-07-08 11:33:31,856 - INFO - IMAGE EVENT: User state: main_menu
2025-07-08 11:33:31,856 - INFO - IMAGE EVENT: Processing interactive message: {
  "type": "button_reply",
  "button_reply": {
    "id": "quiz",
    "title": "Start Quiz"
  }
}
2025-07-08 11:33:31,857 - INFO - IMAGE EVENT: Received button reply: id=quiz, text=Start Quiz
2025-07-08 11:33:31,857 - INFO - IMAGE EVENT: Handling other button response
2025-07-08 11:33:31,857 - INFO - IMAGE EVENT: Button/List response received: id=quiz, text=Start Quiz
2025-07-08 11:33:31,857 - INFO - IMAGE EVENT: Handling Start Quiz request for 2347038222877
2025-07-08 11:33:31,858 - INFO - IMAGE EVENT: Handling text message for 2347038222877: Start Quiz
2025-07-08 11:33:31,858 - INFO - IMAGE EVENT: Quiz selection initiated for 2347038222877 with message: Start Quiz
2025-07-08 11:33:32,358 - INFO - IMAGE EVENT: Preparing to send interactive message to 2347038222877
2025-07-08 11:33:32,359 - INFO - IMAGE EVENT: Preparing button message for 2347038222877
2025-07-08 11:33:32,359 - INFO - IMAGE EVENT: Sending request to WhatsApp API for 2347038222877
2025-07-08 11:33:32,361 - INFO - IMAGE EVENT: Request data: {
  "messaging_product": "whatsapp",
  "to": "2347038222877",
  "type": "interactive",
  "interactive": {
    "type": "button",
    "body": {
      "text": "What would you like to do?"
    },
    "action": {
      "buttons": [
        {
          "type": "reply",
          "reply": {
            "id": "quiz",
            "title": "Start Quiz"
          }
        },
        {
          "type": "reply",
          "reply": {
            "id": "quiz6",
            "title": "Start quiz6"
          }
        }
      ]
    }
  }
}
2025-07-08 11:33:32,883 - INFO - IMAGE EVENT: Received response from WhatsApp API for 2347038222877 - Status: 200
2025-07-08 11:33:32,886 - INFO - IMAGE EVENT: Response content: {"messaging_product":"whatsapp","contacts":[{"input":"2347038222877","wa_id":"2347038222877"}],"messages":[{"id":"wamid.HBgNMjM0NzAzODIyMjg3NxUCABEYEjY2NjhBODE1NjhBOTQxMkQxNwA="}]}
2025-07-08 11:33:32,886 - INFO - IMAGE EVENT: Successfully sent interactive message to 2347038222877
2025-07-08 11:33:39,999 - INFO - IMAGE EVENT: Full message content: {
  "context": {
    "from": "2349134774276",
    "id": "wamid.HBgNMjM0NzAzODIyMjg3NxUCABEYEjY2NjhBODE1NjhBOTQxMkQxNwA="
  },
  "from": "2347038222877",
  "id": "wamid.HBgNMjM0NzAzODIyMjg3NxUCABIYIDRGQkY4NkU2N0ZGNDIzODU5MTZGQzVGN0Y4NkVFRkVEAA==",
  "timestamp": "1751974419",
  "type": "interactive",
  "interactive": {
    "type": "button_reply",
    "button_reply": {
      "id": "quiz6",
      "title": "Start quiz6"
    }
  }
}
2025-07-08 11:33:40,000 - INFO - IMAGE EVENT: Received message of type 'interactive' from 2347038222877
2025-07-08 11:33:40,001 - INFO - IMAGE EVENT: Processing message wamid.HBgNMjM0NzAzODIyMjg3NxUCABIYIDRGQkY4NkU2N0ZGNDIzODU5MTZGQzVGN0Y4NkVFRkVEAA== for user: <sqlite3.Row object at 0x7fe7201c0d30>
2025-07-08 11:33:40,001 - INFO - IMAGE EVENT: User state: selecting_quiz
2025-07-08 11:33:40,001 - INFO - IMAGE EVENT: Processing interactive message: {
  "type": "button_reply",
  "button_reply": {
    "id": "quiz6",
    "title": "Start quiz6"
  }
}
2025-07-08 11:33:40,001 - INFO - IMAGE EVENT: Received button reply: id=quiz6, text=Start quiz6
2025-07-08 11:33:40,001 - INFO - IMAGE EVENT: Handling other button response
2025-07-08 11:33:40,001 - INFO - IMAGE EVENT: Button/List response received: id=quiz6, text=Start quiz6
2025-07-08 11:33:40,002 - INFO - IMAGE EVENT: Unknown button/list response: quiz6 from 2347038222877
2025-07-08 11:33:40,002 - INFO - IMAGE EVENT: Handling text message for 2347038222877: Start quiz6
2025-07-08 11:33:40,072 - INFO - IMAGE EVENT: Quiz selection initiated for 2347038222877 with message: Start quiz6
2025-07-08 11:33:40,166 - INFO - IMAGE EVENT: Starting quiz6 for user 169 at question 0
2025-07-08 11:33:40,173 - INFO - IMAGE EVENT: Preparing to send interactive message to 2347038222877
2025-07-08 11:33:40,173 - INFO - IMAGE EVENT: Preparing button message for 2347038222877
2025-07-08 11:33:40,173 - INFO - IMAGE EVENT: Sending request to WhatsApp API for 2347038222877
2025-07-08 11:33:40,174 - INFO - IMAGE EVENT: Request data: {
  "messaging_product": "whatsapp",
  "to": "2347038222877",
  "type": "interactive",
  "interactive": {
    "type": "button",
    "body": {
      "text": "Question 1 out of 5:\n\nWhat is operational management primarily concerned with?\n\nA) Marketing only\nB) Day-to-day business activities\nC) Yearly planning only\n"
    },
    "action": {
      "buttons": [
        {
          "type": "reply",
          "reply": {
            "id": "option_A",
            "title": "A"
          }
        },
        {
          "type": "reply",
          "reply": {
            "id": "option_B",
            "title": "B"
          }
        },
        {
          "type": "reply",
          "reply": {
            "id": "option_C",
            "title": "C"
          }
        }
      ]
    }
  }
}
2025-07-08 11:33:40,761 - INFO - IMAGE EVENT: Full message content: {
  "context": {
    "from": "2349134774276",
    "id": "wamid.HBgNMjM0ODAzMjMxNTY2MRUCABEYEkQ1MTUzMUM5NTNERDYzQTBCNQA="
  },
  "from": "2348032315661",
  "id": "wamid.HBgNMjM0ODAzMjMxNTY2MRUCABIYIDVDMDhGRUVGMzZDODAzNkE1MUUxQTgyNDE3OUFEOEM3AA==",
  "timestamp": "1751974420",
  "type": "interactive",
  "interactive": {
    "type": "list_reply",
    "list_reply": {
      "id": "equipment",
      "title": "Better equipment"
    }
  }
}
2025-07-08 11:33:40,761 - INFO - IMAGE EVENT: Received message of type 'interactive' from 2348032315661
2025-07-08 11:33:40,762 - INFO - IMAGE EVENT: Processing message wamid.HBgNMjM0ODAzMjMxNTY2MRUCABIYIDVDMDhGRUVGMzZDODAzNkE1MUUxQTgyNDE3OUFEOEM3AA== for user: <sqlite3.Row object at 0x7fe7201c0730>
2025-07-08 11:33:40,762 - INFO - IMAGE EVENT: User state: awaiting_growth_goal
2025-07-08 11:33:40,763 - INFO - IMAGE EVENT: Processing interactive message: {
  "type": "list_reply",
  "list_reply": {
    "id": "equipment",
    "title": "Better equipment"
  }
}
2025-07-08 11:33:40,763 - INFO - IMAGE EVENT: Received list selection: id=equipment, title=Better equipment
2025-07-08 11:33:40,763 - INFO - IMAGE EVENT: Button/List response received: id=equipment, text=Better equipment
2025-07-08 11:33:40,763 - INFO - IMAGE EVENT: Unknown button/list response: equipment from 2348032315661
2025-07-08 11:33:40,763 - INFO - IMAGE EVENT: Handling text message for 2348032315661: Better equipment
2025-07-08 11:33:40,766 - INFO - IMAGE EVENT: Received response from WhatsApp API for 2347038222877 - Status: 200
2025-07-08 11:33:40,767 - INFO - IMAGE EVENT: Response content: {"messaging_product":"whatsapp","contacts":[{"input":"2347038222877","wa_id":"2347038222877"}],"messages":[{"id":"wamid.HBgNMjM0NzAzODIyMjg3NxUCABEYEjM4QUZDQkM2QTVCNDYxM0RFNwA="}]}
2025-07-08 11:33:40,767 - INFO - IMAGE EVENT: Successfully sent interactive message to 2347038222877
2025-07-08 11:33:40,768 - INFO - IMAGE EVENT: Preparing to send interactive message to 2348032315661
2025-07-08 11:33:40,769 - INFO - IMAGE EVENT: Preparing list message for 2348032315661
2025-07-08 11:33:40,769 - INFO - IMAGE EVENT: Sending request to WhatsApp API for 2348032315661
2025-07-08 11:33:40,769 - INFO - IMAGE EVENT: Request data: {
  "messaging_product": "whatsapp",
  "to": "2348032315661",
  "type": "interactive",
  "interactive": {
    "type": "list",
    "header": {
      "type": "text",
      "text": "Funding Need"
    },
    "body": {
      "text": "What do you need funding for?"
    },
    "footer": {
      "text": "Select an option below"
    },
    "action": {
      "button": "Select need",
      "sections": [
        {
          "title": "Choose an option",
          "rows": [
            {
              "id": "urgent",
              "title": "Urgent money"
            },
            {
              "id": "expansion",
              "title": "Money to grow"
            },
            {
              "id": "equipment",
              "title": "For equipment"
            },
            {
              "id": "stock",
              "title": "For more stock"
            },
            {
              "id": "marketing",
              "title": "For marketing"
            }
          ]
        }
      ]
    }
  }
}
2025-07-08 11:33:41,247 - INFO - IMAGE EVENT: Received response from WhatsApp API for 2348032315661 - Status: 200
2025-07-08 11:33:41,248 - INFO - IMAGE EVENT: Response content: {"messaging_product":"whatsapp","contacts":[{"input":"2348032315661","wa_id":"2348032315661"}],"messages":[{"id":"wamid.HBgNMjM0ODAzMjMxNTY2MRUCABEYEjkyMzI5NUJBQkI3RDc0MEMzRAA="}]}
2025-07-08 11:33:41,248 - INFO - IMAGE EVENT: Successfully sent interactive message to 2348032315661
2025-07-08 11:33:59,675 - INFO - IMAGE EVENT: Full message content: {
  "context": {
    "from": "2349134774276",
    "id": "wamid.HBgNMjM0ODAzMjMxNTY2MRUCABEYEjkyMzI5NUJBQkI3RDc0MEMzRAA="
  },
  "from": "2348032315661",
  "id": "wamid.HBgNMjM0ODAzMjMxNTY2MRUCABIYIEZEMTg0QTlGNDU1MUVGM0FFODUwQkQ1NjJCNTE3NDE3AA==",
  "timestamp": "1751974438",
  "type": "interactive",
  "interactive": {
    "type": "list_reply",
    "list_reply": {
      "id": "equipment",
      "title": "For equipment"
    }
  }
}
2025-07-08 11:33:59,675 - INFO - IMAGE EVENT: Received message of type 'interactive' from 2348032315661
2025-07-08 11:33:59,676 - INFO - IMAGE EVENT: Processing message wamid.HBgNMjM0ODAzMjMxNTY2MRUCABIYIEZEMTg0QTlGNDU1MUVGM0FFODUwQkQ1NjJCNTE3NDE3AA== for user: <sqlite3.Row object at 0x7fe7201c0d50>
2025-07-08 11:33:59,676 - INFO - IMAGE EVENT: User state: awaiting_funding_need
2025-07-08 11:33:59,676 - INFO - IMAGE EVENT: Processing interactive message: {
  "type": "list_reply",
  "list_reply": {
    "id": "equipment",
    "title": "For equipment"
  }
}
2025-07-08 11:33:59,676 - INFO - IMAGE EVENT: Received list selection: id=equipment, title=For equipment
2025-07-08 11:33:59,676 - INFO - IMAGE EVENT: Button/List response received: id=equipment, text=For equipment
2025-07-08 11:33:59,677 - INFO - IMAGE EVENT: Unknown button/list response: equipment from 2348032315661
2025-07-08 11:33:59,677 - INFO - IMAGE EVENT: Handling text message for 2348032315661: For equipment
2025-07-08 11:34:00,216 - INFO - IMAGE EVENT: Presenting main options to user 2348032315661
2025-07-08 11:34:00,217 - INFO - IMAGE EVENT: Preparing to send interactive message to 2348032315661
2025-07-08 11:34:00,217 - INFO - IMAGE EVENT: Preparing button message for 2348032315661
2025-07-08 11:34:00,217 - INFO - IMAGE EVENT: Sending request to WhatsApp API for 2348032315661
2025-07-08 11:34:00,217 - INFO - IMAGE EVENT: Request data: {
  "messaging_product": "whatsapp",
  "to": "2348032315661",
  "type": "interactive",
  "interactive": {
    "type": "button",
    "body": {
      "text": "What would you like to do next?"
    },
    "action": {
      "buttons": [
        {
          "type": "reply",
          "reply": {
            "id": "quiz",
            "title": "Start Quiz"
          }
        },
        {
          "type": "reply",
          "reply": {
            "id": "records",
            "title": "Record Keeping"
          }
        },
        {
          "type": "reply",
          "reply": {
            "id": "settings",
            "title": "Settings"
          }
        }
      ]
    }
  }
}
2025-07-08 11:34:00,702 - INFO - IMAGE EVENT: Received response from WhatsApp API for 2348032315661 - Status: 200
2025-07-08 11:34:00,702 - INFO - IMAGE EVENT: Response content: {"messaging_product":"whatsapp","contacts":[{"input":"2348032315661","wa_id":"2348032315661"}],"messages":[{"id":"wamid.HBgNMjM0ODAzMjMxNTY2MRUCABEYEkJCNEExNEI1ODI5OUZENTQzRgA="}]}
2025-07-08 11:34:00,702 - INFO - IMAGE EVENT: Successfully sent interactive message to 2348032315661
2025-07-08 11:34:15,056 - INFO - IMAGE EVENT: Full message content: {
  "context": {
    "from": "2349134774276",
    "id": "wamid.HBgNMjM0ODAzMjMxNTY2MRUCABEYEkJCNEExNEI1ODI5OUZENTQzRgA="
  },
  "from": "2348032315661",
  "id": "wamid.HBgNMjM0ODAzMjMxNTY2MRUCABIYIEE5RkU0MDJFMzM0NDk2QzIzOTE0NTg0MDY5RTA2RDc1AA==",
  "timestamp": "1751974454",
  "type": "interactive",
  "interactive": {
    "type": "button_reply",
    "button_reply": {
      "id": "quiz",
      "title": "Start Quiz"
    }
  }
}
2025-07-08 11:34:15,057 - INFO - IMAGE EVENT: Received message of type 'interactive' from 2348032315661
2025-07-08 11:34:15,058 - INFO - IMAGE EVENT: Processing message wamid.HBgNMjM0ODAzMjMxNTY2MRUCABIYIEE5RkU0MDJFMzM0NDk2QzIzOTE0NTg0MDY5RTA2RDc1AA== for user: <sqlite3.Row object at 0x7fe7201c0a30>
2025-07-08 11:34:15,059 - INFO - IMAGE EVENT: User state: main_menu
2025-07-08 11:34:15,059 - INFO - IMAGE EVENT: Processing interactive message: {
  "type": "button_reply",
  "button_reply": {
    "id": "quiz",
    "title": "Start Quiz"
  }
}
2025-07-08 11:34:15,059 - INFO - IMAGE EVENT: Received button reply: id=quiz, text=Start Quiz
2025-07-08 11:34:15,059 - INFO - IMAGE EVENT: Handling other button response
2025-07-08 11:34:15,060 - INFO - IMAGE EVENT: Button/List response received: id=quiz, text=Start Quiz
2025-07-08 11:34:15,060 - INFO - IMAGE EVENT: Handling Start Quiz request for 2348032315661
2025-07-08 11:34:15,060 - INFO - IMAGE EVENT: Handling text message for 2348032315661: Start Quiz
2025-07-08 11:34:15,060 - INFO - IMAGE EVENT: Quiz selection initiated for 2348032315661 with message: Start Quiz
2025-07-08 11:34:15,533 - INFO - IMAGE EVENT: Preparing to send interactive message to 2348032315661
2025-07-08 11:34:15,533 - INFO - IMAGE EVENT: Preparing button message for 2348032315661
2025-07-08 11:34:15,534 - INFO - IMAGE EVENT: Sending request to WhatsApp API for 2348032315661
2025-07-08 11:34:15,534 - INFO - IMAGE EVENT: Request data: {
  "messaging_product": "whatsapp",
  "to": "2348032315661",
  "type": "interactive",
  "interactive": {
    "type": "button",
    "body": {
      "text": "What would you like to do?"
    },
    "action": {
      "buttons": [
        {
          "type": "reply",
          "reply": {
            "id": "quiz",
            "title": "Start Quiz"
          }
        },
        {
          "type": "reply",
          "reply": {
            "id": "quiz6",
            "title": "Start quiz6"
          }
        }
      ]
    }
  }
}
2025-07-08 11:34:15,922 - INFO - IMAGE EVENT: Received response from WhatsApp API for 2348032315661 - Status: 200
2025-07-08 11:34:15,958 - INFO - IMAGE EVENT: Response content: {"messaging_product":"whatsapp","contacts":[{"input":"2348032315661","wa_id":"2348032315661"}],"messages":[{"id":"wamid.HBgNMjM0ODAzMjMxNTY2MRUCABEYEjI2MDY2NTZERDQyQjAxQTBDQgA="}]}
2025-07-08 11:34:15,959 - INFO - IMAGE EVENT: Successfully sent interactive message to 2348032315661
2025-07-08 11:34:15,963 - INFO - IMAGE EVENT: Full message content: {
  "context": {
    "from": "2349134774276",
    "id": "wamid.HBgNMjM0NzAzODIyMjg3NxUCABEYEjM4QUZDQkM2QTVCNDYxM0RFNwA="
  },
  "from": "2347038222877",
  "id": "wamid.HBgNMjM0NzAzODIyMjg3NxUCABIYIEM5QkJGODcxNTQ4Nzc4NUNENzgxODdDRUU5NUFENDI2AA==",
  "timestamp": "1751974455",
  "type": "interactive",
  "interactive": {
    "type": "button_reply",
    "button_reply": {
      "id": "option_B",
      "title": "B"
    }
  }
}
2025-07-08 11:34:15,963 - INFO - IMAGE EVENT: Received message of type 'interactive' from 2347038222877
2025-07-08 11:34:15,972 - INFO - IMAGE EVENT: Processing message wamid.HBgNMjM0NzAzODIyMjg3NxUCABIYIEM5QkJGODcxNTQ4Nzc4NUNENzgxODdDRUU5NUFENDI2AA== for user: <sqlite3.Row object at 0x7fe7201c0cf0>
2025-07-08 11:34:15,972 - INFO - IMAGE EVENT: User state: quiz_0
2025-07-08 11:34:15,973 - INFO - IMAGE EVENT: Processing interactive message: {
  "type": "button_reply",
  "button_reply": {
    "id": "option_B",
    "title": "B"
  }
}
2025-07-08 11:34:15,973 - INFO - IMAGE EVENT: Received button reply: id=option_B, text=B
2025-07-08 11:34:15,973 - INFO - IMAGE EVENT: Handling other button response
2025-07-08 11:34:15,973 - INFO - IMAGE EVENT: Button/List response received: id=option_B, text=B
2025-07-08 11:34:15,973 - INFO - IMAGE EVENT: Unknown button/list response: option_B from 2347038222877
2025-07-08 11:34:15,973 - INFO - IMAGE EVENT: Handling text message for 2347038222877: B
2025-07-08 11:34:15,973 - INFO - IMAGE EVENT: Handling quiz response for 2347038222877: B
2025-07-08 11:34:15,974 - INFO - IMAGE EVENT: User 169 answered question 1 correctly
2025-07-08 11:34:15,974 - INFO - IMAGE EVENT: Inserted response for user 169: question 1, correct=1, quiz=quiz6
2025-07-08 11:34:16,496 - INFO - IMAGE EVENT: Moving to next question. New index: 1
2025-07-08 11:34:16,571 - INFO - IMAGE EVENT: Preparing to send interactive message to 2347038222877
2025-07-08 11:34:16,572 - INFO - IMAGE EVENT: Preparing button message for 2347038222877
2025-07-08 11:34:16,572 - INFO - IMAGE EVENT: Sending request to WhatsApp API for 2347038222877
2025-07-08 11:34:16,572 - INFO - IMAGE EVENT: Request data: {
  "messaging_product": "whatsapp",
  "to": "2347038222877",
  "type": "interactive",
  "interactive": {
    "type": "button",
    "body": {
      "text": "Question 2 out of 5:\n\nWhich is a key component of supply chain management?\n\nA) Social media marketing\nB) Supplier relationships\nC) Employee salaries\n"
    },
    "action": {
      "buttons": [
        {
          "type": "reply",
          "reply": {
            "id": "option_A",
            "title": "A"
          }
        },
        {
          "type": "reply",
          "reply": {
            "id": "option_B",
            "title": "B"
          }
        },
        {
          "type": "reply",
          "reply": {
            "id": "option_C",
            "title": "C"
          }
        }
      ]
    }
  }
}
2025-07-08 11:34:17,160 - INFO - IMAGE EVENT: Received response from WhatsApp API for 2347038222877 - Status: 200
2025-07-08 11:34:17,160 - INFO - IMAGE EVENT: Response content: {"messaging_product":"whatsapp","contacts":[{"input":"2347038222877","wa_id":"2347038222877"}],"messages":[{"id":"wamid.HBgNMjM0NzAzODIyMjg3NxUCABEYEkQyODdBRkZGQUYwMzRDOTcxNAA="}]}
2025-07-08 11:34:17,161 - INFO - IMAGE EVENT: Successfully sent interactive message to 2347038222877
2025-07-08 11:34:25,860 - INFO - IMAGE EVENT: Full message content: {
  "context": {
    "from": "2349134774276",
    "id": "wamid.HBgNMjM0ODAzMjMxNTY2MRUCABEYEjI2MDY2NTZERDQyQjAxQTBDQgA="
  },
  "from": "2348032315661",
  "id": "wamid.HBgNMjM0ODAzMjMxNTY2MRUCABIYIEJBNTBGRUNGNEExRTAxN0MwMDExMzVFMDNBRTlDOTY4AA==",
  "timestamp": "1751974465",
  "type": "interactive",
  "interactive": {
    "type": "button_reply",
    "button_reply": {
      "id": "quiz",
      "title": "Start Quiz"
    }
  }
}
2025-07-08 11:34:25,861 - INFO - IMAGE EVENT: Received message of type 'interactive' from 2348032315661
2025-07-08 11:34:25,864 - INFO - IMAGE EVENT: Processing message wamid.HBgNMjM0ODAzMjMxNTY2MRUCABIYIEJBNTBGRUNGNEExRTAxN0MwMDExMzVFMDNBRTlDOTY4AA== for user: <sqlite3.Row object at 0x7fe7201c02d0>
2025-07-08 11:34:25,864 - INFO - IMAGE EVENT: User state: selecting_quiz
2025-07-08 11:34:25,865 - INFO - IMAGE EVENT: Processing interactive message: {
  "type": "button_reply",
  "button_reply": {
    "id": "quiz",
    "title": "Start Quiz"
  }
}
2025-07-08 11:34:25,865 - INFO - IMAGE EVENT: Received button reply: id=quiz, text=Start Quiz
2025-07-08 11:34:25,865 - INFO - IMAGE EVENT: Handling other button response
2025-07-08 11:34:25,865 - INFO - IMAGE EVENT: Button/List response received: id=quiz, text=Start Quiz
2025-07-08 11:34:25,865 - INFO - IMAGE EVENT: Handling Start Quiz request for 2348032315661
2025-07-08 11:34:25,867 - INFO - IMAGE EVENT: Handling text message for 2348032315661: Start Quiz
2025-07-08 11:34:25,867 - INFO - IMAGE EVENT: Quiz selection initiated for 2348032315661 with message: Start Quiz
2025-07-08 11:34:26,273 - INFO - IMAGE EVENT: Preparing to send interactive message to 2348032315661
2025-07-08 11:34:26,284 - INFO - IMAGE EVENT: Preparing button message for 2348032315661
2025-07-08 11:34:26,356 - INFO - IMAGE EVENT: Sending request to WhatsApp API for 2348032315661
2025-07-08 11:34:26,356 - INFO - IMAGE EVENT: Request data: {
  "messaging_product": "whatsapp",
  "to": "2348032315661",
  "type": "interactive",
  "interactive": {
    "type": "button",
    "body": {
      "text": "What would you like to do?"
    },
    "action": {
      "buttons": [
        {
          "type": "reply",
          "reply": {
            "id": "quiz",
            "title": "Start Quiz"
          }
        },
        {
          "type": "reply",
          "reply": {
            "id": "quiz6",
            "title": "Start quiz6"
          }
        }
      ]
    }
  }
}
2025-07-08 11:34:26,712 - INFO - IMAGE EVENT: Received response from WhatsApp API for 2348032315661 - Status: 200
2025-07-08 11:34:26,713 - INFO - IMAGE EVENT: Response content: {"messaging_product":"whatsapp","contacts":[{"input":"2348032315661","wa_id":"2348032315661"}],"messages":[{"id":"wamid.HBgNMjM0ODAzMjMxNTY2MRUCABEYEkIyRjM0NzEyQUU5MjA2QzE1MAA="}]}
2025-07-08 11:34:26,713 - INFO - IMAGE EVENT: Successfully sent interactive message to 2348032315661
2025-07-08 11:34:47,064 - INFO - IMAGE EVENT: Full message content: {
  "context": {
    "from": "2349134774276",
    "id": "wamid.HBgNMjM0ODAzMjMxNTY2MRUCABEYEkIyRjM0NzEyQUU5MjA2QzE1MAA="
  },
  "from": "2348032315661",
  "id": "wamid.HBgNMjM0ODAzMjMxNTY2MRUCABIYIERFQ0QzNThCNjkxQThCRTc0M0JFQTRCNjhCQUY2MUMzAA==",
  "timestamp": "1751974486",
  "type": "interactive",
  "interactive": {
    "type": "button_reply",
    "button_reply": {
      "id": "quiz6",
      "title": "Start quiz6"
    }
  }
}
2025-07-08 11:34:47,064 - INFO - IMAGE EVENT: Received message of type 'interactive' from 2348032315661
2025-07-08 11:34:47,154 - INFO - IMAGE EVENT: Processing message wamid.HBgNMjM0ODAzMjMxNTY2MRUCABIYIERFQ0QzNThCNjkxQThCRTc0M0JFQTRCNjhCQUY2MUMzAA== for user: <sqlite3.Row object at 0x7fe7201c0e30>
2025-07-08 11:34:47,154 - INFO - IMAGE EVENT: User state: selecting_quiz
2025-07-08 11:34:47,157 - INFO - IMAGE EVENT: Processing interactive message: {
  "type": "button_reply",
  "button_reply": {
    "id": "quiz6",
    "title": "Start quiz6"
  }
}
2025-07-08 11:34:47,157 - INFO - IMAGE EVENT: Received button reply: id=quiz6, text=Start quiz6
2025-07-08 11:34:47,157 - INFO - IMAGE EVENT: Handling other button response
2025-07-08 11:34:47,163 - INFO - IMAGE EVENT: Button/List response received: id=quiz6, text=Start quiz6
2025-07-08 11:34:47,164 - INFO - IMAGE EVENT: Unknown button/list response: quiz6 from 2348032315661
2025-07-08 11:34:47,164 - INFO - IMAGE EVENT: Handling text message for 2348032315661: Start quiz6
2025-07-08 11:34:47,164 - INFO - IMAGE EVENT: Quiz selection initiated for 2348032315661 with message: Start quiz6
2025-07-08 11:34:47,180 - INFO - IMAGE EVENT: Starting quiz6 for user 205 at question 0
2025-07-08 11:34:47,181 - INFO - IMAGE EVENT: Preparing to send interactive message to 2348032315661
2025-07-08 11:34:47,181 - INFO - IMAGE EVENT: Preparing button message for 2348032315661
2025-07-08 11:34:47,182 - INFO - IMAGE EVENT: Sending request to WhatsApp API for 2348032315661
2025-07-08 11:34:47,182 - INFO - IMAGE EVENT: Request data: {
  "messaging_product": "whatsapp",
  "to": "2348032315661",
  "type": "interactive",
  "interactive": {
    "type": "button",
    "body": {
      "text": "Question 1 out of 5:\n\nWhat is operational management primarily concerned with?\n\nA) Marketing only\nB) Day-to-day business activities\nC) Yearly planning only\n"
    },
    "action": {
      "buttons": [
        {
          "type": "reply",
          "reply": {
            "id": "option_A",
            "title": "A"
          }
        },
        {
          "type": "reply",
          "reply": {
            "id": "option_B",
            "title": "B"
          }
        },
        {
          "type": "reply",
          "reply": {
            "id": "option_C",
            "title": "C"
          }
        }
      ]
    }
  }
}
2025-07-08 11:34:47,548 - INFO - IMAGE EVENT: Received response from WhatsApp API for 2348032315661 - Status: 200
2025-07-08 11:34:47,549 - INFO - IMAGE EVENT: Response content: {"messaging_product":"whatsapp","contacts":[{"input":"2348032315661","wa_id":"2348032315661"}],"messages":[{"id":"wamid.HBgNMjM0ODAzMjMxNTY2MRUCABEYEjU5OUE3RTlCNjY3QkY5MzMzMAA="}]}
2025-07-08 11:34:47,549 - INFO - IMAGE EVENT: Successfully sent interactive message to 2348032315661
2025-07-08 11:35:18,790 - INFO - IMAGE EVENT: Full message content: {
  "context": {
    "from": "2349134774276",
    "id": "wamid.HBgNMjM0ODAzMjMxNTY2MRUCABEYEjU5OUE3RTlCNjY3QkY5MzMzMAA="
  },
  "from": "2348032315661",
  "id": "wamid.HBgNMjM0ODAzMjMxNTY2MRUCABIYIDBBQTdFMUM1ODcwMkExOEYzNkQ1M0JEREI3M0Q0MjMyAA==",
  "timestamp": "1751974518",
  "type": "interactive",
  "interactive": {
    "type": "button_reply",
    "button_reply": {
      "id": "option_B",
      "title": "B"
    }
  }
}
2025-07-08 11:35:18,790 - INFO - IMAGE EVENT: Received message of type 'interactive' from 2348032315661
2025-07-08 11:35:18,791 - INFO - IMAGE EVENT: Processing message wamid.HBgNMjM0ODAzMjMxNTY2MRUCABIYIDBBQTdFMUM1ODcwMkExOEYzNkQ1M0JEREI3M0Q0MjMyAA== for user: <sqlite3.Row object at 0x7fe7201c0d50>
2025-07-08 11:35:18,791 - INFO - IMAGE EVENT: User state: quiz_0
2025-07-08 11:35:18,791 - INFO - IMAGE EVENT: Processing interactive message: {
  "type": "button_reply",
  "button_reply": {
    "id": "option_B",
    "title": "B"
  }
}
2025-07-08 11:35:18,791 - INFO - IMAGE EVENT: Received button reply: id=option_B, text=B
2025-07-08 11:35:18,791 - INFO - IMAGE EVENT: Handling other button response
2025-07-08 11:35:18,792 - INFO - IMAGE EVENT: Button/List response received: id=option_B, text=B
2025-07-08 11:35:18,792 - INFO - IMAGE EVENT: Unknown button/list response: option_B from 2348032315661
2025-07-08 11:35:18,792 - INFO - IMAGE EVENT: Handling text message for 2348032315661: B
2025-07-08 11:35:18,792 - INFO - IMAGE EVENT: Handling quiz response for 2348032315661: B
2025-07-08 11:35:18,792 - INFO - IMAGE EVENT: User 205 answered question 1 correctly
2025-07-08 11:35:18,792 - INFO - IMAGE EVENT: Inserted response for user 205: question 1, correct=1, quiz=quiz6
2025-07-08 11:35:19,336 - INFO - IMAGE EVENT: Moving to next question. New index: 1
2025-07-08 11:35:19,363 - INFO - IMAGE EVENT: Preparing to send interactive message to 2348032315661
2025-07-08 11:35:19,363 - INFO - IMAGE EVENT: Preparing button message for 2348032315661
2025-07-08 11:35:19,363 - INFO - IMAGE EVENT: Sending request to WhatsApp API for 2348032315661
2025-07-08 11:35:19,364 - INFO - IMAGE EVENT: Request data: {
  "messaging_product": "whatsapp",
  "to": "2348032315661",
  "type": "interactive",
  "interactive": {
    "type": "button",
    "body": {
      "text": "Question 2 out of 5:\n\nWhich is a key component of supply chain management?\n\nA) Social media marketing\nB) Supplier relationships\nC) Employee salaries\n"
    },
    "action": {
      "buttons": [
        {
          "type": "reply",
          "reply": {
            "id": "option_A",
            "title": "A"
          }
        },
        {
          "type": "reply",
          "reply": {
            "id": "option_B",
            "title": "B"
          }
        },
        {
          "type": "reply",
          "reply": {
            "id": "option_C",
            "title": "C"
          }
        }
      ]
    }
  }
}
2025-07-08 11:35:19,708 - INFO - IMAGE EVENT: Received response from WhatsApp API for 2348032315661 - Status: 200
2025-07-08 11:35:19,709 - INFO - IMAGE EVENT: Response content: {"messaging_product":"whatsapp","contacts":[{"input":"2348032315661","wa_id":"2348032315661"}],"messages":[{"id":"wamid.HBgNMjM0ODAzMjMxNTY2MRUCABEYEjI5MEI4MENDRTI5NDI4Q0M0OQA="}]}
2025-07-08 11:35:19,709 - INFO - IMAGE EVENT: Successfully sent interactive message to 2348032315661
2025-07-08 11:35:29,630 - INFO - IMAGE EVENT: Full message content: {
  "context": {
    "from": "2349134774276",
    "id": "wamid.HBgNMjM0NzAzODIyMjg3NxUCABEYEkQyODdBRkZGQUYwMzRDOTcxNAA="
  },
  "from": "2347038222877",
  "id": "wamid.HBgNMjM0NzAzODIyMjg3NxUCABIYIEJGQjQxQzhDQUM2NjA0MUIyQUM1MjIwRDYxQjZCMDMxAA==",
  "timestamp": "1751974528",
  "type": "interactive",
  "interactive": {
    "type": "button_reply",
    "button_reply": {
      "id": "option_A",
      "title": "A"
    }
  }
}
2025-07-08 11:35:29,631 - INFO - IMAGE EVENT: Received message of type 'interactive' from 2347038222877
2025-07-08 11:35:29,632 - INFO - IMAGE EVENT: Processing message wamid.HBgNMjM0NzAzODIyMjg3NxUCABIYIEJGQjQxQzhDQUM2NjA0MUIyQUM1MjIwRDYxQjZCMDMxAA== for user: <sqlite3.Row object at 0x7fe7201c0a30>
2025-07-08 11:35:29,632 - INFO - IMAGE EVENT: User state: quiz_1
2025-07-08 11:35:29,632 - INFO - IMAGE EVENT: Processing interactive message: {
  "type": "button_reply",
  "button_reply": {
    "id": "option_A",
    "title": "A"
  }
}
2025-07-08 11:35:29,632 - INFO - IMAGE EVENT: Received button reply: id=option_A, text=A
2025-07-08 11:35:29,632 - INFO - IMAGE EVENT: Handling other button response
2025-07-08 11:35:29,633 - INFO - IMAGE EVENT: Button/List response received: id=option_A, text=A
2025-07-08 11:35:29,633 - INFO - IMAGE EVENT: Unknown button/list response: option_A from 2347038222877
2025-07-08 11:35:29,633 - INFO - IMAGE EVENT: Handling text message for 2347038222877: A
2025-07-08 11:35:29,633 - INFO - IMAGE EVENT: Handling quiz response for 2347038222877: A
2025-07-08 11:35:29,633 - INFO - IMAGE EVENT: User 169 answered question 2 incorrectly
2025-07-08 11:35:29,634 - INFO - IMAGE EVENT: Inserted response for user 169: question 2, correct=0, quiz=quiz6
2025-07-08 11:35:30,143 - INFO - IMAGE EVENT: Moving to next question. New index: 2
2025-07-08 11:35:30,187 - INFO - IMAGE EVENT: Preparing to send interactive message to 2347038222877
2025-07-08 11:35:30,188 - INFO - IMAGE EVENT: Preparing button message for 2347038222877
2025-07-08 11:35:30,189 - INFO - IMAGE EVENT: Sending request to WhatsApp API for 2347038222877
2025-07-08 11:35:30,189 - INFO - IMAGE EVENT: Request data: {
  "messaging_product": "whatsapp",
  "to": "2347038222877",
  "type": "interactive",
  "interactive": {
    "type": "button",
    "body": {
      "text": "Question 3 out of 5:\n\nWhat is the first step in process mapping?\n\nA) Hiring staff\nB) Identifying core processes\nC) Buying equipment\n"
    },
    "action": {
      "buttons": [
        {
          "type": "reply",
          "reply": {
            "id": "option_A",
            "title": "A"
          }
        },
        {
          "type": "reply",
          "reply": {
            "id": "option_B",
            "title": "B"
          }
        },
        {
          "type": "reply",
          "reply": {
            "id": "option_C",
            "title": "C"
          }
        }
      ]
    }
  }
}
2025-07-08 11:35:30,731 - INFO - IMAGE EVENT: Received response from WhatsApp API for 2347038222877 - Status: 200
2025-07-08 11:35:30,732 - INFO - IMAGE EVENT: Response content: {"messaging_product":"whatsapp","contacts":[{"input":"2347038222877","wa_id":"2347038222877"}],"messages":[{"id":"wamid.HBgNMjM0NzAzODIyMjg3NxUCABEYEkE1NzI5OERBRDQ2QTNBM0I5QwA="}]}
2025-07-08 11:35:30,732 - INFO - IMAGE EVENT: Successfully sent interactive message to 2347038222877
2025-07-08 11:35:53,828 - INFO - IMAGE EVENT: Full message content: {
  "context": {
    "from": "2349134774276",
    "id": "wamid.HBgNMjM0ODAzMjMxNTY2MRUCABEYEjI5MEI4MENDRTI5NDI4Q0M0OQA="
  },
  "from": "2348032315661",
  "id": "wamid.HBgNMjM0ODAzMjMxNTY2MRUCABIYIDkwRTAwQTIwQUNGNjQ2N0RGRUJBMTNEMDBDQUQ3OUM0AA==",
  "timestamp": "1751974553",
  "type": "interactive",
  "interactive": {
    "type": "button_reply",
    "button_reply": {
      "id": "option_B",
      "title": "B"
    }
  }
}
2025-07-08 11:35:53,828 - INFO - IMAGE EVENT: Received message of type 'interactive' from 2348032315661
2025-07-08 11:35:53,829 - INFO - IMAGE EVENT: Processing message wamid.HBgNMjM0ODAzMjMxNTY2MRUCABIYIDkwRTAwQTIwQUNGNjQ2N0RGRUJBMTNEMDBDQUQ3OUM0AA== for user: <sqlite3.Row object at 0x7fe7201c0210>
2025-07-08 11:35:53,829 - INFO - IMAGE EVENT: User state: quiz_1
2025-07-08 11:35:53,830 - INFO - IMAGE EVENT: Processing interactive message: {
  "type": "button_reply",
  "button_reply": {
    "id": "option_B",
    "title": "B"
  }
}
2025-07-08 11:35:53,830 - INFO - IMAGE EVENT: Received button reply: id=option_B, text=B
2025-07-08 11:35:53,830 - INFO - IMAGE EVENT: Handling other button response
2025-07-08 11:35:53,830 - INFO - IMAGE EVENT: Button/List response received: id=option_B, text=B
2025-07-08 11:35:53,830 - INFO - IMAGE EVENT: Unknown button/list response: option_B from 2348032315661
2025-07-08 11:35:53,830 - INFO - IMAGE EVENT: Handling text message for 2348032315661: B
2025-07-08 11:35:53,831 - INFO - IMAGE EVENT: Handling quiz response for 2348032315661: B
2025-07-08 11:35:53,831 - INFO - IMAGE EVENT: User 205 answered question 2 correctly
2025-07-08 11:35:53,831 - INFO - IMAGE EVENT: Inserted response for user 205: question 2, correct=1, quiz=quiz6
2025-07-08 11:35:54,278 - INFO - IMAGE EVENT: Moving to next question. New index: 2
2025-07-08 11:35:54,289 - INFO - IMAGE EVENT: Preparing to send interactive message to 2348032315661
2025-07-08 11:35:54,289 - INFO - IMAGE EVENT: Preparing button message for 2348032315661
2025-07-08 11:35:54,290 - INFO - IMAGE EVENT: Sending request to WhatsApp API for 2348032315661
2025-07-08 11:35:54,290 - INFO - IMAGE EVENT: Request data: {
  "messaging_product": "whatsapp",
  "to": "2348032315661",
  "type": "interactive",
  "interactive": {
    "type": "button",
    "body": {
      "text": "Question 3 out of 5:\n\nWhat is the first step in process mapping?\n\nA) Hiring staff\nB) Identifying core processes\nC) Buying equipment\n"
    },
    "action": {
      "buttons": [
        {
          "type": "reply",
          "reply": {
            "id": "option_A",
            "title": "A"
          }
        },
        {
          "type": "reply",
          "reply": {
            "id": "option_B",
            "title": "B"
          }
        },
        {
          "type": "reply",
          "reply": {
            "id": "option_C",
            "title": "C"
          }
        }
      ]
    }
  }
}
2025-07-08 11:35:54,821 - INFO - IMAGE EVENT: Received response from WhatsApp API for 2348032315661 - Status: 200
2025-07-08 11:35:54,822 - INFO - IMAGE EVENT: Response content: {"messaging_product":"whatsapp","contacts":[{"input":"2348032315661","wa_id":"2348032315661"}],"messages":[{"id":"wamid.HBgNMjM0ODAzMjMxNTY2MRUCABEYEkI0REFCQTAwQjY0QzNBRTc4NQA="}]}
2025-07-08 11:35:54,822 - INFO - IMAGE EVENT: Successfully sent interactive message to 2348032315661
2025-07-08 11:35:58,925 - INFO - IMAGE EVENT: Full message content: {
  "from": "2347061890689",
  "id": "wamid.HBgNMjM0NzA2MTg5MDY4ORUCABIYIEFGMDhERDIxMzRCRTJCM0FEREQzRjFFNkU4RUZDRUZGAA==",
  "timestamp": "1751974558",
  "text": {
    "body": "Quiz"
  },
  "type": "text"
}
2025-07-08 11:35:58,925 - INFO - IMAGE EVENT: Received message of type 'text' from 2347061890689
2025-07-08 11:35:58,926 - INFO - IMAGE EVENT: Processing message wamid.HBgNMjM0NzA2MTg5MDY4ORUCABIYIEFGMDhERDIxMzRCRTJCM0FEREQzRjFFNkU4RUZDRUZGAA== for user: <sqlite3.Row object at 0x7fe7201c0710>
2025-07-08 11:35:58,926 - INFO - IMAGE EVENT: User state: selecting_quiz
2025-07-08 11:35:58,926 - INFO - IMAGE EVENT: Received text message from 2347061890689: quiz
2025-07-08 11:35:58,926 - INFO - IMAGE EVENT: Handling text message for 2347061890689: quiz
2025-07-08 11:35:58,927 - INFO - IMAGE EVENT: Quiz selection initiated for 2347061890689 with message: quiz
2025-07-08 11:35:59,501 - INFO - IMAGE EVENT: Preparing to send interactive message to 2347061890689
2025-07-08 11:35:59,501 - INFO - IMAGE EVENT: Preparing button message for 2347061890689
2025-07-08 11:35:59,501 - INFO - IMAGE EVENT: Sending request to WhatsApp API for 2347061890689
2025-07-08 11:35:59,501 - INFO - IMAGE EVENT: Request data: {
  "messaging_product": "whatsapp",
  "to": "2347061890689",
  "type": "interactive",
  "interactive": {
    "type": "button",
    "body": {
      "text": "What would you like to do?"
    },
    "action": {
      "buttons": [
        {
          "type": "reply",
          "reply": {
            "id": "quiz",
            "title": "Start Quiz"
          }
        },
        {
          "type": "reply",
          "reply": {
            "id": "quiz6",
            "title": "Start quiz6"
          }
        }
      ]
    }
  }
}
2025-07-08 11:36:00,014 - INFO - IMAGE EVENT: Received response from WhatsApp API for 2347061890689 - Status: 200
2025-07-08 11:36:00,015 - INFO - IMAGE EVENT: Response content: {"messaging_product":"whatsapp","contacts":[{"input":"2347061890689","wa_id":"2347061890689"}],"messages":[{"id":"wamid.HBgNMjM0NzA2MTg5MDY4ORUCABEYEjc2MjQ2ODY5N0Y2NDY0Mzg2NAA="}]}
2025-07-08 11:36:00,015 - INFO - IMAGE EVENT: Successfully sent interactive message to 2347061890689
2025-07-08 11:36:05,576 - INFO - IMAGE EVENT: Full message content: {
  "context": {
    "from": "2349134774276",
    "id": "wamid.HBgNMjM0NzA2MTg5MDY4ORUCABEYEjc2MjQ2ODY5N0Y2NDY0Mzg2NAA="
  },
  "from": "2347061890689",
  "id": "wamid.HBgNMjM0NzA2MTg5MDY4ORUCABIYIEYwMzJEMjdEMDUyQ0JBQzA3REM1MDA1NTUyRTY2N0Q5AA==",
  "timestamp": "1751974564",
  "type": "interactive",
  "interactive": {
    "type": "button_reply",
    "button_reply": {
      "id": "quiz6",
      "title": "Start quiz6"
    }
  }
}
2025-07-08 11:36:05,576 - INFO - IMAGE EVENT: Received message of type 'interactive' from 2347061890689
2025-07-08 11:36:05,577 - INFO - IMAGE EVENT: Processing message wamid.HBgNMjM0NzA2MTg5MDY4ORUCABIYIEYwMzJEMjdEMDUyQ0JBQzA3REM1MDA1NTUyRTY2N0Q5AA== for user: <sqlite3.Row object at 0x7fe7201c0730>
2025-07-08 11:36:05,655 - INFO - IMAGE EVENT: User state: selecting_quiz
2025-07-08 11:36:05,656 - INFO - IMAGE EVENT: Processing interactive message: {
  "type": "button_reply",
  "button_reply": {
    "id": "quiz6",
    "title": "Start quiz6"
  }
}
2025-07-08 11:36:05,656 - INFO - IMAGE EVENT: Received button reply: id=quiz6, text=Start quiz6
2025-07-08 11:36:05,657 - INFO - IMAGE EVENT: Handling other button response
2025-07-08 11:36:05,660 - INFO - IMAGE EVENT: Button/List response received: id=quiz6, text=Start quiz6
2025-07-08 11:36:05,670 - INFO - IMAGE EVENT: Unknown button/list response: quiz6 from 2347061890689
2025-07-08 11:36:05,671 - INFO - IMAGE EVENT: Handling text message for 2347061890689: Start quiz6
2025-07-08 11:36:05,671 - INFO - IMAGE EVENT: Quiz selection initiated for 2347061890689 with message: Start quiz6
2025-07-08 11:36:05,762 - INFO - IMAGE EVENT: Starting quiz6 for user 116 at question 0
2025-07-08 11:36:05,762 - INFO - IMAGE EVENT: Preparing to send interactive message to 2347061890689
2025-07-08 11:36:05,763 - INFO - IMAGE EVENT: Preparing button message for 2347061890689
2025-07-08 11:36:05,763 - INFO - IMAGE EVENT: Sending request to WhatsApp API for 2347061890689
2025-07-08 11:36:05,763 - INFO - IMAGE EVENT: Request data: {
  "messaging_product": "whatsapp",
  "to": "2347061890689",
  "type": "interactive",
  "interactive": {
    "type": "button",
    "body": {
      "text": "Question 1 out of 5:\n\nWhat is operational management primarily concerned with?\n\nA) Marketing only\nB) Day-to-day business activities\nC) Yearly planning only\n"
    },
    "action": {
      "buttons": [
        {
          "type": "reply",
          "reply": {
            "id": "option_A",
            "title": "A"
          }
        },
        {
          "type": "reply",
          "reply": {
            "id": "option_B",
            "title": "B"
          }
        },
        {
          "type": "reply",
          "reply": {
            "id": "option_C",
            "title": "C"
          }
        }
      ]
    }
  }
}
2025-07-08 11:36:06,173 - INFO - IMAGE EVENT: Received response from WhatsApp API for 2347061890689 - Status: 200
2025-07-08 11:36:06,174 - INFO - IMAGE EVENT: Response content: {"messaging_product":"whatsapp","contacts":[{"input":"2347061890689","wa_id":"2347061890689"}],"messages":[{"id":"wamid.HBgNMjM0NzA2MTg5MDY4ORUCABEYEjk4MjA4RUZFQkY0MDQwNjk2NgA="}]}
2025-07-08 11:36:06,174 - INFO - IMAGE EVENT: Successfully sent interactive message to 2347061890689
2025-07-08 11:36:19,158 - INFO - IMAGE EVENT: Full message content: {
  "context": {
    "from": "2349134774276",
    "id": "wamid.HBgNMjM0ODAzMjMxNTY2MRUCABEYEkI0REFCQTAwQjY0QzNBRTc4NQA="
  },
  "from": "2348032315661",
  "id": "wamid.HBgNMjM0ODAzMjMxNTY2MRUCABIYIDdDQjVFNjRFNzhCRDk5NkUzQ0EwNjhFMUY1MkM5QTY2AA==",
  "timestamp": "1751974578",
  "type": "interactive",
  "interactive": {
    "type": "button_reply",
    "button_reply": {
      "id": "option_B",
      "title": "B"
    }
  }
}
2025-07-08 11:36:19,158 - INFO - IMAGE EVENT: Received message of type 'interactive' from 2348032315661
2025-07-08 11:36:19,159 - INFO - IMAGE EVENT: Processing message wamid.HBgNMjM0ODAzMjMxNTY2MRUCABIYIDdDQjVFNjRFNzhCRDk5NkUzQ0EwNjhFMUY1MkM5QTY2AA== for user: <sqlite3.Row object at 0x7fe7201c0230>
2025-07-08 11:36:19,160 - INFO - IMAGE EVENT: User state: quiz_2
2025-07-08 11:36:19,161 - INFO - IMAGE EVENT: Processing interactive message: {
  "type": "button_reply",
  "button_reply": {
    "id": "option_B",
    "title": "B"
  }
}
2025-07-08 11:36:19,161 - INFO - IMAGE EVENT: Received button reply: id=option_B, text=B
2025-07-08 11:36:19,162 - INFO - IMAGE EVENT: Handling other button response
2025-07-08 11:36:19,163 - INFO - IMAGE EVENT: Button/List response received: id=option_B, text=B
2025-07-08 11:36:19,163 - INFO - IMAGE EVENT: Unknown button/list response: option_B from 2348032315661
2025-07-08 11:36:19,163 - INFO - IMAGE EVENT: Handling text message for 2348032315661: B
2025-07-08 11:36:19,164 - INFO - IMAGE EVENT: Handling quiz response for 2348032315661: B
2025-07-08 11:36:19,164 - INFO - IMAGE EVENT: User 205 answered question 3 correctly
2025-07-08 11:36:19,165 - INFO - IMAGE EVENT: Inserted response for user 205: question 3, correct=1, quiz=quiz6
2025-07-08 11:36:19,537 - INFO - IMAGE EVENT: Moving to next question. New index: 3
2025-07-08 11:36:19,558 - INFO - IMAGE EVENT: Preparing to send interactive message to 2348032315661
2025-07-08 11:36:19,558 - INFO - IMAGE EVENT: Preparing button message for 2348032315661
2025-07-08 11:36:19,558 - INFO - IMAGE EVENT: Sending request to WhatsApp API for 2348032315661
2025-07-08 11:36:19,559 - INFO - IMAGE EVENT: Request data: {
  "messaging_product": "whatsapp",
  "to": "2348032315661",
  "type": "interactive",
  "interactive": {
    "type": "button",
    "body": {
      "text": "Question 4 out of 5:\n\nHow should technology adoption be approached?\n\nA) Buy the most expensive option\nB) Ignore it completely\nC) Based on cost-benefit analysis\n"
    },
    "action": {
      "buttons": [
        {
          "type": "reply",
          "reply": {
            "id": "option_A",
            "title": "A"
          }
        },
        {
          "type": "reply",
          "reply": {
            "id": "option_B",
            "title": "B"
          }
        },
        {
          "type": "reply",
          "reply": {
            "id": "option_C",
            "title": "C"
          }
        }
      ]
    }
  }
}
2025-07-08 11:36:19,953 - INFO - IMAGE EVENT: Received response from WhatsApp API for 2348032315661 - Status: 200
2025-07-08 11:36:19,954 - INFO - IMAGE EVENT: Response content: {"messaging_product":"whatsapp","contacts":[{"input":"2348032315661","wa_id":"2348032315661"}],"messages":[{"id":"wamid.HBgNMjM0ODAzMjMxNTY2MRUCABEYEjJCRDcwOTUzQTU1NDVDQzY4OAA="}]}
2025-07-08 11:36:19,954 - INFO - IMAGE EVENT: Successfully sent interactive message to 2348032315661
2025-07-08 11:36:30,457 - INFO - IMAGE EVENT: Full message content: {
  "context": {
    "from": "2349134774276",
    "id": "wamid.HBgNMjM0NzA2MTg5MDY4ORUCABEYEjk4MjA4RUZFQkY0MDQwNjk2NgA="
  },
  "from": "2347061890689",
  "id": "wamid.HBgNMjM0NzA2MTg5MDY4ORUCABIYIDBDMzQ1MzY3MDdBMTJDNzE2NDgwMDVGN0E4MDUwRkZGAA==",
  "timestamp": "1751974589",
  "type": "interactive",
  "interactive": {
    "type": "button_reply",
    "button_reply": {
      "id": "option_B",
      "title": "B"
    }
  }
}
2025-07-08 11:36:30,458 - INFO - IMAGE EVENT: Received message of type 'interactive' from 2347061890689
2025-07-08 11:36:30,459 - INFO - IMAGE EVENT: Processing message wamid.HBgNMjM0NzA2MTg5MDY4ORUCABIYIDBDMzQ1MzY3MDdBMTJDNzE2NDgwMDVGN0E4MDUwRkZGAA== for user: <sqlite3.Row object at 0x7fe7201c0770>
2025-07-08 11:36:30,459 - INFO - IMAGE EVENT: User state: quiz_0
2025-07-08 11:36:30,459 - INFO - IMAGE EVENT: Processing interactive message: {
  "type": "button_reply",
  "button_reply": {
    "id": "option_B",
    "title": "B"
  }
}
2025-07-08 11:36:30,459 - INFO - IMAGE EVENT: Received button reply: id=option_B, text=B
2025-07-08 11:36:30,460 - INFO - IMAGE EVENT: Handling other button response
2025-07-08 11:36:30,462 - INFO - IMAGE EVENT: Button/List response received: id=option_B, text=B
2025-07-08 11:36:30,462 - INFO - IMAGE EVENT: Unknown button/list response: option_B from 2347061890689
2025-07-08 11:36:30,463 - INFO - IMAGE EVENT: Handling text message for 2347061890689: B
2025-07-08 11:36:30,463 - INFO - IMAGE EVENT: Handling quiz response for 2347061890689: B
2025-07-08 11:36:30,464 - INFO - IMAGE EVENT: User 116 answered question 1 correctly
2025-07-08 11:36:30,464 - INFO - IMAGE EVENT: Inserted response for user 116: question 1, correct=1, quiz=quiz6
2025-07-08 11:36:30,872 - INFO - IMAGE EVENT: Moving to next question. New index: 1
2025-07-08 11:36:30,909 - INFO - IMAGE EVENT: Preparing to send interactive message to 2347061890689
2025-07-08 11:36:30,910 - INFO - IMAGE EVENT: Preparing button message for 2347061890689
2025-07-08 11:36:30,910 - INFO - IMAGE EVENT: Sending request to WhatsApp API for 2347061890689
2025-07-08 11:36:30,954 - INFO - IMAGE EVENT: Request data: {
  "messaging_product": "whatsapp",
  "to": "2347061890689",
  "type": "interactive",
  "interactive": {
    "type": "button",
    "body": {
      "text": "Question 2 out of 5:\n\nWhich is a key component of supply chain management?\n\nA) Social media marketing\nB) Supplier relationships\nC) Employee salaries\n"
    },
    "action": {
      "buttons": [
        {
          "type": "reply",
          "reply": {
            "id": "option_A",
            "title": "A"
          }
        },
        {
          "type": "reply",
          "reply": {
            "id": "option_B",
            "title": "B"
          }
        },
        {
          "type": "reply",
          "reply": {
            "id": "option_C",
            "title": "C"
          }
        }
      ]
    }
  }
}
2025-07-08 11:36:31,433 - INFO - IMAGE EVENT: Received response from WhatsApp API for 2347061890689 - Status: 200
2025-07-08 11:36:31,433 - INFO - IMAGE EVENT: Response content: {"messaging_product":"whatsapp","contacts":[{"input":"2347061890689","wa_id":"2347061890689"}],"messages":[{"id":"wamid.HBgNMjM0NzA2MTg5MDY4ORUCABEYEkJERjgxRjlERkQ1ODNCNkYxRgA="}]}
2025-07-08 11:36:31,433 - INFO - IMAGE EVENT: Successfully sent interactive message to 2347061890689
2025-07-08 11:36:39,355 - INFO - IMAGE EVENT: Full message content: {
  "context": {
    "from": "2349134774276",
    "id": "wamid.HBgNMjM0ODAzMjMxNTY2MRUCABEYEjJCRDcwOTUzQTU1NDVDQzY4OAA="
  },
  "from": "2348032315661",
  "id": "wamid.HBgNMjM0ODAzMjMxNTY2MRUCABIYIDc5MjU3NkJGRTcyM0UxNjc2MTQ2QjExNkEzRTUzNDJGAA==",
  "timestamp": "1751974598",
  "type": "interactive",
  "interactive": {
    "type": "button_reply",
    "button_reply": {
      "id": "option_C",
      "title": "C"
    }
  }
}
2025-07-08 11:36:39,355 - INFO - IMAGE EVENT: Received message of type 'interactive' from 2348032315661
2025-07-08 11:36:39,356 - INFO - IMAGE EVENT: Processing message wamid.HBgNMjM0ODAzMjMxNTY2MRUCABIYIDc5MjU3NkJGRTcyM0UxNjc2MTQ2QjExNkEzRTUzNDJGAA== for user: <sqlite3.Row object at 0x7fe7201c0870>
2025-07-08 11:36:39,356 - INFO - IMAGE EVENT: User state: quiz_3
2025-07-08 11:36:39,356 - INFO - IMAGE EVENT: Processing interactive message: {
  "type": "button_reply",
  "button_reply": {
    "id": "option_C",
    "title": "C"
  }
}
2025-07-08 11:36:39,356 - INFO - IMAGE EVENT: Received button reply: id=option_C, text=C
2025-07-08 11:36:39,356 - INFO - IMAGE EVENT: Handling other button response
2025-07-08 11:36:39,356 - INFO - IMAGE EVENT: Button/List response received: id=option_C, text=C
2025-07-08 11:36:39,356 - INFO - IMAGE EVENT: Unknown button/list response: option_C from 2348032315661
2025-07-08 11:36:39,356 - INFO - IMAGE EVENT: Handling text message for 2348032315661: C
2025-07-08 11:36:39,357 - INFO - IMAGE EVENT: Handling quiz response for 2348032315661: C
2025-07-08 11:36:39,357 - INFO - IMAGE EVENT: User 205 answered question 4 correctly
2025-07-08 11:36:39,357 - INFO - IMAGE EVENT: Inserted response for user 205: question 4, correct=1, quiz=quiz6
2025-07-08 11:36:39,888 - INFO - IMAGE EVENT: Moving to next question. New index: 4
2025-07-08 11:36:39,897 - INFO - IMAGE EVENT: Preparing to send interactive message to 2348032315661
2025-07-08 11:36:39,897 - INFO - IMAGE EVENT: Preparing button message for 2348032315661
2025-07-08 11:36:39,897 - INFO - IMAGE EVENT: Sending request to WhatsApp API for 2348032315661
2025-07-08 11:36:39,897 - INFO - IMAGE EVENT: Request data: {
  "messaging_product": "whatsapp",
  "to": "2348032315661",
  "type": "interactive",
  "interactive": {
    "type": "button",
    "body": {
      "text": "Question 5 out of 5:\n\nWhat is the primary goal of quality control?\n\nA) Increasing prices\nB) Maintaining standards\nC) Reducing staff\n"
    },
    "action": {
      "buttons": [
        {
          "type": "reply",
          "reply": {
            "id": "option_A",
            "title": "A"
          }
        },
        {
          "type": "reply",
          "reply": {
            "id": "option_B",
            "title": "B"
          }
        },
        {
          "type": "reply",
          "reply": {
            "id": "option_C",
            "title": "C"
          }
        }
      ]
    }
  }
}
2025-07-08 11:36:40,415 - INFO - IMAGE EVENT: Received response from WhatsApp API for 2348032315661 - Status: 200
2025-07-08 11:36:40,415 - INFO - IMAGE EVENT: Response content: {"messaging_product":"whatsapp","contacts":[{"input":"2348032315661","wa_id":"2348032315661"}],"messages":[{"id":"wamid.HBgNMjM0ODAzMjMxNTY2MRUCABEYEjg2Qjc3RUFCRTU2NDVBMDNEQQA="}]}
2025-07-08 11:36:40,415 - INFO - IMAGE EVENT: Successfully sent interactive message to 2348032315661
2025-07-08 11:36:50,057 - INFO - IMAGE EVENT: Full message content: {
  "context": {
    "from": "2349134774276",
    "id": "wamid.HBgNMjM0NzA2MTg5MDY4ORUCABEYEkJERjgxRjlERkQ1ODNCNkYxRgA="
  },
  "from": "2347061890689",
  "id": "wamid.HBgNMjM0NzA2MTg5MDY4ORUCABIYIDNBRERCRkQzMzA1MzFGNTZERUY2MDgzNEIyMDA3NTlFAA==",
  "timestamp": "1751974609",
  "type": "interactive",
  "interactive": {
    "type": "button_reply",
    "button_reply": {
      "id": "option_B",
      "title": "B"
    }
  }
}
2025-07-08 11:36:50,059 - INFO - IMAGE EVENT: Received message of type 'interactive' from 2347061890689
2025-07-08 11:36:50,061 - INFO - IMAGE EVENT: Processing message wamid.HBgNMjM0NzA2MTg5MDY4ORUCABIYIDNBRERCRkQzMzA1MzFGNTZERUY2MDgzNEIyMDA3NTlFAA== for user: <sqlite3.Row object at 0x7fe7201c09b0>
2025-07-08 11:36:50,061 - INFO - IMAGE EVENT: User state: quiz_1
2025-07-08 11:36:50,062 - INFO - IMAGE EVENT: Processing interactive message: {
  "type": "button_reply",
  "button_reply": {
    "id": "option_B",
    "title": "B"
  }
}
2025-07-08 11:36:50,064 - INFO - IMAGE EVENT: Received button reply: id=option_B, text=B
2025-07-08 11:36:50,066 - INFO - IMAGE EVENT: Handling other button response
2025-07-08 11:36:50,066 - INFO - IMAGE EVENT: Button/List response received: id=option_B, text=B
2025-07-08 11:36:50,066 - INFO - IMAGE EVENT: Unknown button/list response: option_B from 2347061890689
2025-07-08 11:36:50,067 - INFO - IMAGE EVENT: Handling text message for 2347061890689: B
2025-07-08 11:36:50,067 - INFO - IMAGE EVENT: Handling quiz response for 2347061890689: B
2025-07-08 11:36:50,067 - INFO - IMAGE EVENT: User 116 answered question 2 correctly
2025-07-08 11:36:50,068 - INFO - IMAGE EVENT: Inserted response for user 116: question 2, correct=1, quiz=quiz6
2025-07-08 11:36:50,467 - INFO - IMAGE EVENT: Moving to next question. New index: 2
2025-07-08 11:36:50,570 - INFO - IMAGE EVENT: Preparing to send interactive message to 2347061890689
2025-07-08 11:36:50,570 - INFO - IMAGE EVENT: Preparing button message for 2347061890689
2025-07-08 11:36:50,571 - INFO - IMAGE EVENT: Sending request to WhatsApp API for 2347061890689
2025-07-08 11:36:50,571 - INFO - IMAGE EVENT: Request data: {
  "messaging_product": "whatsapp",
  "to": "2347061890689",
  "type": "interactive",
  "interactive": {
    "type": "button",
    "body": {
      "text": "Question 3 out of 5:\n\nWhat is the first step in process mapping?\n\nA) Hiring staff\nB) Identifying core processes\nC) Buying equipment\n"
    },
    "action": {
      "buttons": [
        {
          "type": "reply",
          "reply": {
            "id": "option_A",
            "title": "A"
          }
        },
        {
          "type": "reply",
          "reply": {
            "id": "option_B",
            "title": "B"
          }
        },
        {
          "type": "reply",
          "reply": {
            "id": "option_C",
            "title": "C"
          }
        }
      ]
    }
  }
}
2025-07-08 11:36:50,859 - INFO - IMAGE EVENT: Full message content: {
  "context": {
    "from": "2349134774276",
    "id": "wamid.HBgNMjM0NzAzODIyMjg3NxUCABEYEkE1NzI5OERBRDQ2QTNBM0I5QwA="
  },
  "from": "2347038222877",
  "id": "wamid.HBgNMjM0NzAzODIyMjg3NxUCABIYIEQzRjZEMzU4QTNGQTYxNzRCMkVDRTNEMzYyQTI0Qjc5AA==",
  "timestamp": "1751974610",
  "type": "interactive",
  "interactive": {
    "type": "button_reply",
    "button_reply": {
      "id": "option_B",
      "title": "B"
    }
  }
}
2025-07-08 11:36:50,859 - INFO - IMAGE EVENT: Received message of type 'interactive' from 2347038222877
2025-07-08 11:36:50,868 - INFO - IMAGE EVENT: Processing message wamid.HBgNMjM0NzAzODIyMjg3NxUCABIYIEQzRjZEMzU4QTNGQTYxNzRCMkVDRTNEMzYyQTI0Qjc5AA== for user: <sqlite3.Row object at 0x7fe7201c0df0>
2025-07-08 11:36:50,869 - INFO - IMAGE EVENT: User state: quiz_2
2025-07-08 11:36:50,869 - INFO - IMAGE EVENT: Processing interactive message: {
  "type": "button_reply",
  "button_reply": {
    "id": "option_B",
    "title": "B"
  }
}
2025-07-08 11:36:50,869 - INFO - IMAGE EVENT: Received button reply: id=option_B, text=B
2025-07-08 11:36:50,869 - INFO - IMAGE EVENT: Handling other button response
2025-07-08 11:36:50,869 - INFO - IMAGE EVENT: Button/List response received: id=option_B, text=B
2025-07-08 11:36:50,870 - INFO - IMAGE EVENT: Unknown button/list response: option_B from 2347038222877
2025-07-08 11:36:50,870 - INFO - IMAGE EVENT: Handling text message for 2347038222877: B
2025-07-08 11:36:50,870 - INFO - IMAGE EVENT: Handling quiz response for 2347038222877: B
2025-07-08 11:36:50,870 - INFO - IMAGE EVENT: User 169 answered question 3 correctly
2025-07-08 11:36:50,870 - INFO - IMAGE EVENT: Inserted response for user 169: question 3, correct=1, quiz=quiz6
2025-07-08 11:36:50,973 - INFO - IMAGE EVENT: Received response from WhatsApp API for 2347061890689 - Status: 200
2025-07-08 11:36:50,974 - INFO - IMAGE EVENT: Response content: {"messaging_product":"whatsapp","contacts":[{"input":"2347061890689","wa_id":"2347061890689"}],"messages":[{"id":"wamid.HBgNMjM0NzA2MTg5MDY4ORUCABEYEjEzRjAwNTI0QTc5M0FBMzUwQgA="}]}
2025-07-08 11:36:50,978 - INFO - IMAGE EVENT: Successfully sent interactive message to 2347061890689
2025-07-08 11:36:51,409 - INFO - IMAGE EVENT: Moving to next question. New index: 3
2025-07-08 11:36:51,472 - INFO - IMAGE EVENT: Preparing to send interactive message to 2347038222877
2025-07-08 11:36:51,472 - INFO - IMAGE EVENT: Preparing button message for 2347038222877
2025-07-08 11:36:51,473 - INFO - IMAGE EVENT: Sending request to WhatsApp API for 2347038222877
2025-07-08 11:36:51,473 - INFO - IMAGE EVENT: Request data: {
  "messaging_product": "whatsapp",
  "to": "2347038222877",
  "type": "interactive",
  "interactive": {
    "type": "button",
    "body": {
      "text": "Question 4 out of 5:\n\nHow should technology adoption be approached?\n\nA) Buy the most expensive option\nB) Ignore it completely\nC) Based on cost-benefit analysis\n"
    },
    "action": {
      "buttons": [
        {
          "type": "reply",
          "reply": {
            "id": "option_A",
            "title": "A"
          }
        },
        {
          "type": "reply",
          "reply": {
            "id": "option_B",
            "title": "B"
          }
        },
        {
          "type": "reply",
          "reply": {
            "id": "option_C",
            "title": "C"
          }
        }
      ]
    }
  }
}
2025-07-08 11:36:51,955 - INFO - IMAGE EVENT: Received response from WhatsApp API for 2347038222877 - Status: 200
2025-07-08 11:36:51,955 - INFO - IMAGE EVENT: Response content: {"messaging_product":"whatsapp","contacts":[{"input":"2347038222877","wa_id":"2347038222877"}],"messages":[{"id":"wamid.HBgNMjM0NzAzODIyMjg3NxUCABEYEjkzRTM5MzY2MEMyNUYzRTMzQgA="}]}
2025-07-08 11:36:51,956 - INFO - IMAGE EVENT: Successfully sent interactive message to 2347038222877
2025-07-08 11:36:54,661 - INFO - IMAGE EVENT: Full message content: {
  "context": {
    "from": "2349134774276",
    "id": "wamid.HBgNMjM0ODAzMjMxNTY2MRUCABEYEjg2Qjc3RUFCRTU2NDVBMDNEQQA="
  },
  "from": "2348032315661",
  "id": "wamid.HBgNMjM0ODAzMjMxNTY2MRUCABIYIEY5N0ZCRDc4OThFREQ4MjkxQzRCNDdDMEM1QTJGNDdCAA==",
  "timestamp": "1751974614",
  "type": "interactive",
  "interactive": {
    "type": "button_reply",
    "button_reply": {
      "id": "option_B",
      "title": "B"
    }
  }
}
2025-07-08 11:36:54,665 - INFO - IMAGE EVENT: Received message of type 'interactive' from 2348032315661
2025-07-08 11:36:54,666 - INFO - IMAGE EVENT: Processing message wamid.HBgNMjM0ODAzMjMxNTY2MRUCABIYIEY5N0ZCRDc4OThFREQ4MjkxQzRCNDdDMEM1QTJGNDdCAA== for user: <sqlite3.Row object at 0x7fe7201c0a30>
2025-07-08 11:36:54,666 - INFO - IMAGE EVENT: User state: quiz_4
2025-07-08 11:36:54,667 - INFO - IMAGE EVENT: Processing interactive message: {
  "type": "button_reply",
  "button_reply": {
    "id": "option_B",
    "title": "B"
  }
}
2025-07-08 11:36:54,670 - INFO - IMAGE EVENT: Received button reply: id=option_B, text=B
2025-07-08 11:36:54,670 - INFO - IMAGE EVENT: Handling other button response
2025-07-08 11:36:54,671 - INFO - IMAGE EVENT: Button/List response received: id=option_B, text=B
2025-07-08 11:36:54,671 - INFO - IMAGE EVENT: Unknown button/list response: option_B from 2348032315661
2025-07-08 11:36:54,672 - INFO - IMAGE EVENT: Handling text message for 2348032315661: B
2025-07-08 11:36:54,672 - INFO - IMAGE EVENT: Handling quiz response for 2348032315661: B
2025-07-08 11:36:54,673 - INFO - IMAGE EVENT: User 205 answered question 5 correctly
2025-07-08 11:36:54,673 - INFO - IMAGE EVENT: Inserted response for user 205: question 5, correct=1, quiz=quiz6
2025-07-08 11:36:55,071 - INFO - IMAGE EVENT: Moving to next question. New index: 5
2025-07-08 11:36:55,079 - INFO - IMAGE EVENT: Finishing quiz quiz6 for user 205
2025-07-08 11:36:55,678 - INFO - IMAGE EVENT: Database updated for user 205 after finishing quiz quiz6
2025-07-08 11:36:55,678 - INFO - IMAGE EVENT: Preparing to send interactive message to 2348032315661
2025-07-08 11:36:55,678 - INFO - IMAGE EVENT: Preparing button message for 2348032315661
2025-07-08 11:36:55,679 - INFO - IMAGE EVENT: Sending request to WhatsApp API for 2348032315661
2025-07-08 11:36:55,679 - INFO - IMAGE EVENT: Request data: {
  "messaging_product": "whatsapp",
  "to": "2348032315661",
  "type": "interactive",
  "interactive": {
    "type": "button",
    "body": {
      "text": "What would you like to do next?"
    },
    "action": {
      "buttons": [
        {
          "type": "reply",
          "reply": {
            "id": "quiz",
            "title": "Take Another Quiz"
          }
        },
        {
          "type": "reply",
          "reply": {
            "id": "records",
            "title": "Switch to Records"
          }
        },
        {
          "type": "reply",
          "reply": {
            "id": "ai_chat",
            "title": "Review Mistakes (AI)"
          }
        }
      ]
    }
  }
}
2025-07-08 11:36:56,093 - INFO - IMAGE EVENT: Received response from WhatsApp API for 2348032315661 - Status: 200
2025-07-08 11:36:56,093 - INFO - IMAGE EVENT: Response content: {"messaging_product":"whatsapp","contacts":[{"input":"2348032315661","wa_id":"2348032315661"}],"messages":[{"id":"wamid.HBgNMjM0ODAzMjMxNTY2MRUCABEYEjAwNkMyRDJDODZENTU3RDg3NgA="}]}
2025-07-08 11:36:56,093 - INFO - IMAGE EVENT: Successfully sent interactive message to 2348032315661
2025-07-08 11:36:56,094 - INFO - IMAGE EVENT: Quiz quiz6 finished successfully for user 205
2025-07-08 11:37:01,057 - INFO - IMAGE EVENT: Full message content: {
  "context": {
    "from": "2349134774276",
    "id": "wamid.HBgNMjM0NzA2MTg5MDY4ORUCABEYEjEzRjAwNTI0QTc5M0FBMzUwQgA="
  },
  "from": "2347061890689",
  "id": "wamid.HBgNMjM0NzA2MTg5MDY4ORUCABIYIDJGMzg3MjVDRTYwRUIzMkIxNEVFRDA0QjZBMkI2M0VGAA==",
  "timestamp": "1751974620",
  "type": "interactive",
  "interactive": {
    "type": "button_reply",
    "button_reply": {
      "id": "option_B",
      "title": "B"
    }
  }
}
2025-07-08 11:37:01,057 - INFO - IMAGE EVENT: Received message of type 'interactive' from 2347061890689
2025-07-08 11:37:01,069 - INFO - IMAGE EVENT: Processing message wamid.HBgNMjM0NzA2MTg5MDY4ORUCABIYIDJGMzg3MjVDRTYwRUIzMkIxNEVFRDA0QjZBMkI2M0VGAA== for user: <sqlite3.Row object at 0x7fe7201c09f0>
2025-07-08 11:37:01,069 - INFO - IMAGE EVENT: User state: quiz_2
2025-07-08 11:37:01,070 - INFO - IMAGE EVENT: Processing interactive message: {
  "type": "button_reply",
  "button_reply": {
    "id": "option_B",
    "title": "B"
  }
}
2025-07-08 11:37:01,070 - INFO - IMAGE EVENT: Received button reply: id=option_B, text=B
2025-07-08 11:37:01,070 - INFO - IMAGE EVENT: Handling other button response
2025-07-08 11:37:01,070 - INFO - IMAGE EVENT: Button/List response received: id=option_B, text=B
2025-07-08 11:37:01,071 - INFO - IMAGE EVENT: Unknown button/list response: option_B from 2347061890689
2025-07-08 11:37:01,071 - INFO - IMAGE EVENT: Handling text message for 2347061890689: B
2025-07-08 11:37:01,071 - INFO - IMAGE EVENT: Handling quiz response for 2347061890689: B
2025-07-08 11:37:01,071 - INFO - IMAGE EVENT: User 116 answered question 3 correctly
2025-07-08 11:37:01,072 - INFO - IMAGE EVENT: Inserted response for user 116: question 3, correct=1, quiz=quiz6
2025-07-08 11:37:01,440 - INFO - IMAGE EVENT: Moving to next question. New index: 3
2025-07-08 11:37:01,451 - INFO - IMAGE EVENT: Preparing to send interactive message to 2347061890689
2025-07-08 11:37:01,451 - INFO - IMAGE EVENT: Preparing button message for 2347061890689
2025-07-08 11:37:01,452 - INFO - IMAGE EVENT: Sending request to WhatsApp API for 2347061890689
2025-07-08 11:37:01,452 - INFO - IMAGE EVENT: Request data: {
  "messaging_product": "whatsapp",
  "to": "2347061890689",
  "type": "interactive",
  "interactive": {
    "type": "button",
    "body": {
      "text": "Question 4 out of 5:\n\nHow should technology adoption be approached?\n\nA) Buy the most expensive option\nB) Ignore it completely\nC) Based on cost-benefit analysis\n"
    },
    "action": {
      "buttons": [
        {
          "type": "reply",
          "reply": {
            "id": "option_A",
            "title": "A"
          }
        },
        {
          "type": "reply",
          "reply": {
            "id": "option_B",
            "title": "B"
          }
        },
        {
          "type": "reply",
          "reply": {
            "id": "option_C",
            "title": "C"
          }
        }
      ]
    }
  }
}
2025-07-08 11:37:01,804 - INFO - IMAGE EVENT: Received response from WhatsApp API for 2347061890689 - Status: 200
2025-07-08 11:37:01,805 - INFO - IMAGE EVENT: Response content: {"messaging_product":"whatsapp","contacts":[{"input":"2347061890689","wa_id":"2347061890689"}],"messages":[{"id":"wamid.HBgNMjM0NzA2MTg5MDY4ORUCABEYEjA0OTQyMjExRUY4RDM2RjJGNQA="}]}
2025-07-08 11:37:01,805 - INFO - IMAGE EVENT: Successfully sent interactive message to 2347061890689
2025-07-08 11:37:17,178 - INFO - IMAGE EVENT: Full message content: {
  "context": {
    "from": "2349134774276",
    "id": "wamid.HBgNMjM0NzAzODIyMjg3NxUCABEYEjkzRTM5MzY2MEMyNUYzRTMzQgA="
  },
  "from": "2347038222877",
  "id": "wamid.HBgNMjM0NzAzODIyMjg3NxUCABIYIDY0OEZBMjYwNjNFRjdEODlFRjlGMEFBMDQ5OTZDNDREAA==",
  "timestamp": "1751974636",
  "type": "interactive",
  "interactive": {
    "type": "button_reply",
    "button_reply": {
      "id": "option_C",
      "title": "C"
    }
  }
}
2025-07-08 11:37:17,179 - INFO - IMAGE EVENT: Received message of type 'interactive' from 2347038222877
2025-07-08 11:37:17,197 - INFO - IMAGE EVENT: Processing message wamid.HBgNMjM0NzAzODIyMjg3NxUCABIYIDY0OEZBMjYwNjNFRjdEODlFRjlGMEFBMDQ5OTZDNDREAA== for user: <sqlite3.Row object at 0x7fe7201c0e30>
2025-07-08 11:37:17,198 - INFO - IMAGE EVENT: User state: quiz_3
2025-07-08 11:37:17,198 - INFO - IMAGE EVENT: Processing interactive message: {
  "type": "button_reply",
  "button_reply": {
    "id": "option_C",
    "title": "C"
  }
}
2025-07-08 11:37:17,198 - INFO - IMAGE EVENT: Received button reply: id=option_C, text=C
2025-07-08 11:37:17,199 - INFO - IMAGE EVENT: Handling other button response
2025-07-08 11:37:17,199 - INFO - IMAGE EVENT: Button/List response received: id=option_C, text=C
2025-07-08 11:37:17,199 - INFO - IMAGE EVENT: Unknown button/list response: option_C from 2347038222877
2025-07-08 11:37:17,200 - INFO - IMAGE EVENT: Handling text message for 2347038222877: C
2025-07-08 11:37:17,200 - INFO - IMAGE EVENT: Handling quiz response for 2347038222877: C
2025-07-08 11:37:17,200 - INFO - IMAGE EVENT: User 169 answered question 4 correctly
2025-07-08 11:37:17,201 - INFO - IMAGE EVENT: Inserted response for user 169: question 4, correct=1, quiz=quiz6
2025-07-08 11:37:17,960 - INFO - IMAGE EVENT: Moving to next question. New index: 4
2025-07-08 11:37:17,977 - INFO - IMAGE EVENT: Preparing to send interactive message to 2347038222877
2025-07-08 11:37:17,977 - INFO - IMAGE EVENT: Preparing button message for 2347038222877
2025-07-08 11:37:17,978 - INFO - IMAGE EVENT: Sending request to WhatsApp API for 2347038222877
2025-07-08 11:37:17,978 - INFO - IMAGE EVENT: Request data: {
  "messaging_product": "whatsapp",
  "to": "2347038222877",
  "type": "interactive",
  "interactive": {
    "type": "button",
    "body": {
      "text": "Question 5 out of 5:\n\nWhat is the primary goal of quality control?\n\nA) Increasing prices\nB) Maintaining standards\nC) Reducing staff\n"
    },
    "action": {
      "buttons": [
        {
          "type": "reply",
          "reply": {
            "id": "option_A",
            "title": "A"
          }
        },
        {
          "type": "reply",
          "reply": {
            "id": "option_B",
            "title": "B"
          }
        },
        {
          "type": "reply",
          "reply": {
            "id": "option_C",
            "title": "C"
          }
        }
      ]
    }
  }
}
2025-07-08 11:37:18,556 - INFO - IMAGE EVENT: Received response from WhatsApp API for 2347038222877 - Status: 200
2025-07-08 11:37:18,557 - INFO - IMAGE EVENT: Response content: {"messaging_product":"whatsapp","contacts":[{"input":"2347038222877","wa_id":"2347038222877"}],"messages":[{"id":"wamid.HBgNMjM0NzAzODIyMjg3NxUCABEYEjk1NEI4MUQzMkQ1OUZERDQwOQA="}]}
2025-07-08 11:37:18,558 - INFO - IMAGE EVENT: Successfully sent interactive message to 2347038222877
2025-07-08 11:37:20,562 - INFO - IMAGE EVENT: Full message content: {
  "context": {
    "from": "2349134774276",
    "id": "wamid.HBgNMjM0ODAzMjMxNTY2MRUCABEYEjAwNkMyRDJDODZENTU3RDg3NgA="
  },
  "from": "2348032315661",
  "id": "wamid.HBgNMjM0ODAzMjMxNTY2MRUCABIYIDBDMERBRDJCRkZDRUQwRjYzOUUxMzk2NUFBNTAyODI0AA==",
  "timestamp": "1751974639",
  "type": "interactive",
  "interactive": {
    "type": "button_reply",
    "button_reply": {
      "id": "records",
      "title": "Switch to Records"
    }
  }
}
2025-07-08 11:37:20,565 - INFO - IMAGE EVENT: Received message of type 'interactive' from 2348032315661
2025-07-08 11:37:20,566 - INFO - IMAGE EVENT: Processing message wamid.HBgNMjM0ODAzMjMxNTY2MRUCABIYIDBDMERBRDJCRkZDRUQwRjYzOUUxMzk2NUFBNTAyODI0AA== for user: <sqlite3.Row object at 0x7fe7201c0ef0>
2025-07-08 11:37:20,566 - INFO - IMAGE EVENT: User state: awaiting_choice
2025-07-08 11:37:20,568 - INFO - IMAGE EVENT: Processing interactive message: {
  "type": "button_reply",
  "button_reply": {
    "id": "records",
    "title": "Switch to Records"
  }
}
2025-07-08 11:37:20,568 - INFO - IMAGE EVENT: Received button reply: id=records, text=Switch to Records
2025-07-08 11:37:20,568 - INFO - IMAGE EVENT: Handling other button response
2025-07-08 11:37:20,571 - INFO - IMAGE EVENT: Button/List response received: id=records, text=Switch to Records
2025-07-08 11:37:20,571 - INFO - IMAGE EVENT: Handling Switch to Records request for 2348032315661
2025-07-08 11:37:20,572 - INFO - IMAGE EVENT: Handling text message for 2348032315661: Switch to Records
2025-07-08 11:37:21,008 - INFO - IMAGE EVENT: Presenting main options to user 2348032315661
2025-07-08 11:37:21,009 - INFO - IMAGE EVENT: Preparing to send interactive message to 2348032315661
2025-07-08 11:37:21,009 - INFO - IMAGE EVENT: Preparing button message for 2348032315661
2025-07-08 11:37:21,010 - INFO - IMAGE EVENT: Sending request to WhatsApp API for 2348032315661
2025-07-08 11:37:21,011 - INFO - IMAGE EVENT: Request data: {
  "messaging_product": "whatsapp",
  "to": "2348032315661",
  "type": "interactive",
  "interactive": {
    "type": "button",
    "body": {
      "text": "What would you like to do next?"
    },
    "action": {
      "buttons": [
        {
          "type": "reply",
          "reply": {
            "id": "quiz",
            "title": "Start Quiz"
          }
        },
        {
          "type": "reply",
          "reply": {
            "id": "records",
            "title": "Record Keeping"
          }
        },
        {
          "type": "reply",
          "reply": {
            "id": "settings",
            "title": "Settings"
          }
        }
      ]
    }
  }
}
2025-07-08 11:37:21,440 - INFO - IMAGE EVENT: Received response from WhatsApp API for 2348032315661 - Status: 200
2025-07-08 11:37:21,440 - INFO - IMAGE EVENT: Response content: {"messaging_product":"whatsapp","contacts":[{"input":"2348032315661","wa_id":"2348032315661"}],"messages":[{"id":"wamid.HBgNMjM0ODAzMjMxNTY2MRUCABEYEjBBRjZBODcwMkU4RjdDRUJFQgA="}]}
2025-07-08 11:37:21,441 - INFO - IMAGE EVENT: Successfully sent interactive message to 2348032315661
2025-07-08 11:37:22,585 - INFO - IMAGE EVENT: Full message content: {
  "from": "2348035613004",
  "id": "wamid.HBgNMjM0ODAzNTYxMzAwNBUCABIYIDE4MzA1MDZGRDIzRDI4NEJFNkFBOEYyRDk1Q0M2NjA1AA==",
  "timestamp": "1751974641",
  "text": {
    "body": "Hi, this is empowerlocals, you can edit this intro message!"
  },
  "type": "text"
}
2025-07-08 11:37:22,586 - INFO - IMAGE EVENT: Received message of type 'text' from 2348035613004
2025-07-08 11:37:22,587 - INFO - IMAGE EVENT: Processing message wamid.HBgNMjM0ODAzNTYxMzAwNBUCABIYIDE4MzA1MDZGRDIzRDI4NEJFNkFBOEYyRDk1Q0M2NjA1AA== for user: <sqlite3.Row object at 0x7fe7201c0a30>
2025-07-08 11:37:22,587 - INFO - IMAGE EVENT: User state: awaiting_choice
2025-07-08 11:37:22,587 - INFO - IMAGE EVENT: Received text message from 2348035613004: hi, this is empowerlocals, you can edit this intro message!
2025-07-08 11:37:22,587 - INFO - IMAGE EVENT: Handling text message for 2348035613004: hi, this is empowerlocals, you can edit this intro message!
2025-07-08 11:37:23,040 - INFO - IMAGE EVENT: Presenting main options to user 2348035613004
2025-07-08 11:37:23,040 - INFO - IMAGE EVENT: Preparing to send interactive message to 2348035613004
2025-07-08 11:37:23,040 - INFO - IMAGE EVENT: Preparing button message for 2348035613004
2025-07-08 11:37:23,040 - INFO - IMAGE EVENT: Sending request to WhatsApp API for 2348035613004
2025-07-08 11:37:23,041 - INFO - IMAGE EVENT: Request data: {
  "messaging_product": "whatsapp",
  "to": "2348035613004",
  "type": "interactive",
  "interactive": {
    "type": "button",
    "body": {
      "text": "What would you like to do next?"
    },
    "action": {
      "buttons": [
        {
          "type": "reply",
          "reply": {
            "id": "quiz",
            "title": "Start Quiz"
          }
        },
        {
          "type": "reply",
          "reply": {
            "id": "records",
            "title": "Record Keeping"
          }
        },
        {
          "type": "reply",
          "reply": {
            "id": "settings",
            "title": "Settings"
          }
        }
      ]
    }
  }
}
2025-07-08 11:37:23,578 - INFO - IMAGE EVENT: Received response from WhatsApp API for 2348035613004 - Status: 200
2025-07-08 11:37:23,579 - INFO - IMAGE EVENT: Response content: {"messaging_product":"whatsapp","contacts":[{"input":"2348035613004","wa_id":"2348035613004"}],"messages":[{"id":"wamid.HBgNMjM0ODAzNTYxMzAwNBUCABEYEjNBNDcwRjNCOTZDOEM2QUQ0RQA="}]}
2025-07-08 11:37:23,579 - INFO - IMAGE EVENT: Successfully sent interactive message to 2348035613004
2025-07-08 11:37:25,961 - INFO - IMAGE EVENT: Full message content: {
  "context": {
    "from": "2349134774276",
    "id": "wamid.HBgNMjM0ODAzNTYxMzAwNBUCABEYEjNBNDcwRjNCOTZDOEM2QUQ0RQA="
  },
  "from": "2348035613004",
  "id": "wamid.HBgNMjM0ODAzNTYxMzAwNBUCABIYIEY3QjBDMTNBRjlEOTFFMzA5MDU5MTgwM0RFRDJDRUVFAA==",
  "timestamp": "1751974645",
  "type": "interactive",
  "interactive": {
    "type": "button_reply",
    "button_reply": {
      "id": "quiz",
      "title": "Start Quiz"
    }
  }
}
2025-07-08 11:37:25,961 - INFO - IMAGE EVENT: Received message of type 'interactive' from 2348035613004
2025-07-08 11:37:25,964 - INFO - IMAGE EVENT: Processing message wamid.HBgNMjM0ODAzNTYxMzAwNBUCABIYIEY3QjBDMTNBRjlEOTFFMzA5MDU5MTgwM0RFRDJDRUVFAA== for user: <sqlite3.Row object at 0x7fe7201c0730>
2025-07-08 11:37:25,964 - INFO - IMAGE EVENT: User state: main_menu
2025-07-08 11:37:25,964 - INFO - IMAGE EVENT: Processing interactive message: {
  "type": "button_reply",
  "button_reply": {
    "id": "quiz",
    "title": "Start Quiz"
  }
}
2025-07-08 11:37:25,967 - INFO - IMAGE EVENT: Received button reply: id=quiz, text=Start Quiz
2025-07-08 11:37:25,968 - INFO - IMAGE EVENT: Handling other button response
2025-07-08 11:37:25,968 - INFO - IMAGE EVENT: Button/List response received: id=quiz, text=Start Quiz
2025-07-08 11:37:25,968 - INFO - IMAGE EVENT: Handling Start Quiz request for 2348035613004
2025-07-08 11:37:25,968 - INFO - IMAGE EVENT: Handling text message for 2348035613004: Start Quiz
2025-07-08 11:37:25,968 - INFO - IMAGE EVENT: Quiz selection initiated for 2348035613004 with message: Start Quiz
2025-07-08 11:37:26,471 - INFO - IMAGE EVENT: Preparing to send interactive message to 2348035613004
2025-07-08 11:37:26,471 - INFO - IMAGE EVENT: Preparing button message for 2348035613004
2025-07-08 11:37:26,471 - INFO - IMAGE EVENT: Sending request to WhatsApp API for 2348035613004
2025-07-08 11:37:26,471 - INFO - IMAGE EVENT: Request data: {
  "messaging_product": "whatsapp",
  "to": "2348035613004",
  "type": "interactive",
  "interactive": {
    "type": "button",
    "body": {
      "text": "What would you like to do?"
    },
    "action": {
      "buttons": [
        {
          "type": "reply",
          "reply": {
            "id": "quiz",
            "title": "Start Quiz"
          }
        },
        {
          "type": "reply",
          "reply": {
            "id": "quiz6",
            "title": "Start quiz6"
          }
        }
      ]
    }
  }
}
2025-07-08 11:37:27,064 - INFO - IMAGE EVENT: Received response from WhatsApp API for 2348035613004 - Status: 200
2025-07-08 11:37:27,065 - INFO - IMAGE EVENT: Response content: {"messaging_product":"whatsapp","contacts":[{"input":"2348035613004","wa_id":"2348035613004"}],"messages":[{"id":"wamid.HBgNMjM0ODAzNTYxMzAwNBUCABEYEkNDM0I3NUE4NUFFNzNGOUY3QwA="}]}
2025-07-08 11:37:27,066 - INFO - IMAGE EVENT: Successfully sent interactive message to 2348035613004
2025-07-08 11:37:33,343 - INFO - IMAGE EVENT: Full message content: {
  "context": {
    "from": "2349134774276",
    "id": "wamid.HBgNMjM0ODAzMjMxNTY2MRUCABEYEjBBRjZBODcwMkU4RjdDRUJFQgA="
  },
  "from": "2348032315661",
  "id": "wamid.HBgNMjM0ODAzMjMxNTY2MRUCABIYIDI3NkNBODExMDdGRDQ4Rjc3MjVGREY1NTUxMTU3RDFEAA==",
  "timestamp": "1751974652",
  "type": "interactive",
  "interactive": {
    "type": "button_reply",
    "button_reply": {
      "id": "records",
      "title": "Record Keeping"
    }
  }
}
2025-07-08 11:37:33,343 - INFO - IMAGE EVENT: Received message of type 'interactive' from 2348032315661
2025-07-08 11:37:33,344 - INFO - IMAGE EVENT: Processing message wamid.HBgNMjM0ODAzMjMxNTY2MRUCABIYIDI3NkNBODExMDdGRDQ4Rjc3MjVGREY1NTUxMTU3RDFEAA== for user: <sqlite3.Row object at 0x7fe7201c02d0>
2025-07-08 11:37:33,344 - INFO - IMAGE EVENT: User state: main_menu
2025-07-08 11:37:33,344 - INFO - IMAGE EVENT: Processing interactive message: {
  "type": "button_reply",
  "button_reply": {
    "id": "records",
    "title": "Record Keeping"
  }
}
2025-07-08 11:37:33,344 - INFO - IMAGE EVENT: Received button reply: id=records, text=Record Keeping
2025-07-08 11:37:33,344 - INFO - IMAGE EVENT: Handling other button response
2025-07-08 11:37:33,344 - INFO - IMAGE EVENT: Button/List response received: id=records, text=Record Keeping
2025-07-08 11:37:33,345 - INFO - IMAGE EVENT: Handling Record Keeping request for 2348032315661
2025-07-08 11:37:33,345 - INFO - IMAGE EVENT: Handling text message for 2348032315661: Record Keeping
2025-07-08 11:37:33,538 - INFO - IMAGE EVENT: Full message content: {
  "context": {
    "from": "2349134774276",
    "id": "wamid.HBgNMjM0ODAzNTYxMzAwNBUCABEYEkNDM0I3NUE4NUFFNzNGOUY3QwA="
  },
  "from": "2348035613004",
  "id": "wamid.HBgNMjM0ODAzNTYxMzAwNBUCABIYIEU0M0ZEODhCMzIyODMyQUNENzBBMzkzNzJEMjk0N0I1AA==",
  "timestamp": "1751974652",
  "type": "interactive",
  "interactive": {
    "type": "button_reply",
    "button_reply": {
      "id": "quiz6",
      "title": "Start quiz6"
    }
  }
}
2025-07-08 11:37:33,538 - INFO - IMAGE EVENT: Received message of type 'interactive' from 2348035613004
2025-07-08 11:37:33,539 - INFO - IMAGE EVENT: Processing message wamid.HBgNMjM0ODAzNTYxMzAwNBUCABIYIEU0M0ZEODhCMzIyODMyQUNENzBBMzkzNzJEMjk0N0I1AA== for user: <sqlite3.Row object at 0x7fe7201c0fb0>
2025-07-08 11:37:33,539 - INFO - IMAGE EVENT: User state: selecting_quiz
2025-07-08 11:37:33,539 - INFO - IMAGE EVENT: Processing interactive message: {
  "type": "button_reply",
  "button_reply": {
    "id": "quiz6",
    "title": "Start quiz6"
  }
}
2025-07-08 11:37:33,540 - INFO - IMAGE EVENT: Received button reply: id=quiz6, text=Start quiz6
2025-07-08 11:37:33,540 - INFO - IMAGE EVENT: Handling other button response
2025-07-08 11:37:33,540 - INFO - IMAGE EVENT: Button/List response received: id=quiz6, text=Start quiz6
2025-07-08 11:37:33,540 - INFO - IMAGE EVENT: Unknown button/list response: quiz6 from 2348035613004
2025-07-08 11:37:33,540 - INFO - IMAGE EVENT: Handling text message for 2348035613004: Start quiz6
2025-07-08 11:37:33,540 - INFO - IMAGE EVENT: Quiz selection initiated for 2348035613004 with message: Start quiz6
2025-07-08 11:37:33,547 - INFO - IMAGE EVENT: Starting quiz6 for user 151 at question 0
2025-07-08 11:37:33,548 - INFO - IMAGE EVENT: Preparing to send interactive message to 2348035613004
2025-07-08 11:37:33,548 - INFO - IMAGE EVENT: Preparing button message for 2348035613004
2025-07-08 11:37:33,548 - INFO - IMAGE EVENT: Sending request to WhatsApp API for 2348035613004
2025-07-08 11:37:33,548 - INFO - IMAGE EVENT: Request data: {
  "messaging_product": "whatsapp",
  "to": "2348035613004",
  "type": "interactive",
  "interactive": {
    "type": "button",
    "body": {
      "text": "Question 1 out of 5:\n\nWhat is operational management primarily concerned with?\n\nA) Marketing only\nB) Day-to-day business activities\nC) Yearly planning only\n"
    },
    "action": {
      "buttons": [
        {
          "type": "reply",
          "reply": {
            "id": "option_A",
            "title": "A"
          }
        },
        {
          "type": "reply",
          "reply": {
            "id": "option_B",
            "title": "B"
          }
        },
        {
          "type": "reply",
          "reply": {
            "id": "option_C",
            "title": "C"
          }
        }
      ]
    }
  }
}
2025-07-08 11:37:34,004 - INFO - IMAGE EVENT: Received response from WhatsApp API for 2348035613004 - Status: 200
2025-07-08 11:37:34,005 - INFO - IMAGE EVENT: Response content: {"messaging_product":"whatsapp","contacts":[{"input":"2348035613004","wa_id":"2348035613004"}],"messages":[{"id":"wamid.HBgNMjM0ODAzNTYxMzAwNBUCABEYEkZGQ0I2QjEwM0RERDRCQjNENwA="}]}
2025-07-08 11:37:34,005 - INFO - IMAGE EVENT: Successfully sent interactive message to 2348035613004
2025-07-08 11:37:37,576 - INFO - IMAGE EVENT: Full message content: {
  "context": {
    "from": "2349134774276",
    "id": "wamid.HBgNMjM0NzA2MTg5MDY4ORUCABEYEjA0OTQyMjExRUY4RDM2RjJGNQA="
  },
  "from": "2347061890689",
  "id": "wamid.HBgNMjM0NzA2MTg5MDY4ORUCABIYIDc0MDI3MTAwRTM0OTAwRTg4NTg5NzMxN0FCNDI5OTAzAA==",
  "timestamp": "1751974656",
  "type": "interactive",
  "interactive": {
    "type": "button_reply",
    "button_reply": {
      "id": "option_C",
      "title": "C"
    }
  }
}
2025-07-08 11:37:37,576 - INFO - IMAGE EVENT: Received message of type 'interactive' from 2347061890689
2025-07-08 11:37:37,577 - INFO - IMAGE EVENT: Processing message wamid.HBgNMjM0NzA2MTg5MDY4ORUCABIYIDc0MDI3MTAwRTM0OTAwRTg4NTg5NzMxN0FCNDI5OTAzAA== for user: <sqlite3.Row object at 0x7fe7201c0490>
2025-07-08 11:37:37,577 - INFO - IMAGE EVENT: User state: quiz_3
2025-07-08 11:37:37,577 - INFO - IMAGE EVENT: Processing interactive message: {
  "type": "button_reply",
  "button_reply": {
    "id": "option_C",
    "title": "C"
  }
}
2025-07-08 11:37:37,577 - INFO - IMAGE EVENT: Received button reply: id=option_C, text=C
2025-07-08 11:37:37,578 - INFO - IMAGE EVENT: Handling other button response
2025-07-08 11:37:37,590 - INFO - IMAGE EVENT: Button/List response received: id=option_C, text=C
2025-07-08 11:37:37,590 - INFO - IMAGE EVENT: Unknown button/list response: option_C from 2347061890689
2025-07-08 11:37:37,590 - INFO - IMAGE EVENT: Handling text message for 2347061890689: C
2025-07-08 11:37:37,590 - INFO - IMAGE EVENT: Handling quiz response for 2347061890689: C
2025-07-08 11:37:37,591 - INFO - IMAGE EVENT: User 116 answered question 4 correctly
2025-07-08 11:37:37,591 - INFO - IMAGE EVENT: Inserted response for user 116: question 4, correct=1, quiz=quiz6
2025-07-08 11:37:38,169 - INFO - IMAGE EVENT: Moving to next question. New index: 4
2025-07-08 11:37:38,181 - INFO - IMAGE EVENT: Preparing to send interactive message to 2347061890689
2025-07-08 11:37:38,181 - INFO - IMAGE EVENT: Preparing button message for 2347061890689
2025-07-08 11:37:38,181 - INFO - IMAGE EVENT: Sending request to WhatsApp API for 2347061890689
2025-07-08 11:37:38,182 - INFO - IMAGE EVENT: Request data: {
  "messaging_product": "whatsapp",
  "to": "2347061890689",
  "type": "interactive",
  "interactive": {
    "type": "button",
    "body": {
      "text": "Question 5 out of 5:\n\nWhat is the primary goal of quality control?\n\nA) Increasing prices\nB) Maintaining standards\nC) Reducing staff\n"
    },
    "action": {
      "buttons": [
        {
          "type": "reply",
          "reply": {
            "id": "option_A",
            "title": "A"
          }
        },
        {
          "type": "reply",
          "reply": {
            "id": "option_B",
            "title": "B"
          }
        },
        {
          "type": "reply",
          "reply": {
            "id": "option_C",
            "title": "C"
          }
        }
      ]
    }
  }
}
2025-07-08 11:37:38,535 - INFO - IMAGE EVENT: Received response from WhatsApp API for 2347061890689 - Status: 200
2025-07-08 11:37:38,535 - INFO - IMAGE EVENT: Response content: {"messaging_product":"whatsapp","contacts":[{"input":"2347061890689","wa_id":"2347061890689"}],"messages":[{"id":"wamid.HBgNMjM0NzA2MTg5MDY4ORUCABEYEjY4NDFCQzE2NzZDQjIxQ0FCRgA="}]}
2025-07-08 11:37:38,535 - INFO - IMAGE EVENT: Successfully sent interactive message to 2347061890689
2025-07-08 11:37:45,483 - INFO - IMAGE EVENT: Full message content: {
  "context": {
    "from": "2349134774276",
    "id": "wamid.HBgNMjM0ODAzNTYxMzAwNBUCABEYEkZGQ0I2QjEwM0RERDRCQjNENwA="
  },
  "from": "2348035613004",
  "id": "wamid.HBgNMjM0ODAzNTYxMzAwNBUCABIYIDkzMzkwREM5QjU4MENCODQ1NTAxQzNGMkVFMzNGQzIxAA==",
  "timestamp": "1751974664",
  "type": "interactive",
  "interactive": {
    "type": "button_reply",
    "button_reply": {
      "id": "option_B",
      "title": "B"
    }
  }
}
2025-07-08 11:37:45,497 - INFO - IMAGE EVENT: Received message of type 'interactive' from 2348035613004
2025-07-08 11:37:45,503 - INFO - IMAGE EVENT: Processing message wamid.HBgNMjM0ODAzNTYxMzAwNBUCABIYIDkzMzkwREM5QjU4MENCODQ1NTAxQzNGMkVFMzNGQzIxAA== for user: <sqlite3.Row object at 0x7fe7201c0fb0>
2025-07-08 11:37:45,503 - INFO - IMAGE EVENT: User state: quiz_0
2025-07-08 11:37:45,503 - INFO - IMAGE EVENT: Processing interactive message: {
  "type": "button_reply",
  "button_reply": {
    "id": "option_B",
    "title": "B"
  }
}
2025-07-08 11:37:45,503 - INFO - IMAGE EVENT: Received button reply: id=option_B, text=B
2025-07-08 11:37:45,504 - INFO - IMAGE EVENT: Handling other button response
2025-07-08 11:37:45,504 - INFO - IMAGE EVENT: Button/List response received: id=option_B, text=B
2025-07-08 11:37:45,504 - INFO - IMAGE EVENT: Unknown button/list response: option_B from 2348035613004
2025-07-08 11:37:45,504 - INFO - IMAGE EVENT: Handling text message for 2348035613004: B
2025-07-08 11:37:45,504 - INFO - IMAGE EVENT: Handling quiz response for 2348035613004: B
2025-07-08 11:37:45,505 - INFO - IMAGE EVENT: User 151 answered question 1 correctly
2025-07-08 11:37:45,505 - INFO - IMAGE EVENT: Inserted response for user 151: question 1, correct=1, quiz=quiz6
2025-07-08 11:37:46,047 - INFO - IMAGE EVENT: Moving to next question. New index: 1
2025-07-08 11:37:46,067 - INFO - IMAGE EVENT: Preparing to send interactive message to 2348035613004
2025-07-08 11:37:46,068 - INFO - IMAGE EVENT: Preparing button message for 2348035613004
2025-07-08 11:37:46,068 - INFO - IMAGE EVENT: Sending request to WhatsApp API for 2348035613004
2025-07-08 11:37:46,068 - INFO - IMAGE EVENT: Request data: {
  "messaging_product": "whatsapp",
  "to": "2348035613004",
  "type": "interactive",
  "interactive": {
    "type": "button",
    "body": {
      "text": "Question 2 out of 5:\n\nWhich is a key component of supply chain management?\n\nA) Social media marketing\nB) Supplier relationships\nC) Employee salaries\n"
    },
    "action": {
      "buttons": [
        {
          "type": "reply",
          "reply": {
            "id": "option_A",
            "title": "A"
          }
        },
        {
          "type": "reply",
          "reply": {
            "id": "option_B",
            "title": "B"
          }
        },
        {
          "type": "reply",
          "reply": {
            "id": "option_C",
            "title": "C"
          }
        }
      ]
    }
  }
}
2025-07-08 11:37:46,473 - INFO - IMAGE EVENT: Received response from WhatsApp API for 2348035613004 - Status: 200
2025-07-08 11:37:46,478 - INFO - IMAGE EVENT: Response content: {"messaging_product":"whatsapp","contacts":[{"input":"2348035613004","wa_id":"2348035613004"}],"messages":[{"id":"wamid.HBgNMjM0ODAzNTYxMzAwNBUCABEYEjg0N0EyOTEyNDA1M0ZBNDg1QwA="}]}
2025-07-08 11:37:46,483 - INFO - IMAGE EVENT: Full message content: {
  "context": {
    "from": "2349134774276",
    "id": "wamid.HBgNMjM0NzA2MTg5MDY4ORUCABEYEjY4NDFCQzE2NzZDQjIxQ0FCRgA="
  },
  "from": "2347061890689",
  "id": "wamid.HBgNMjM0NzA2MTg5MDY4ORUCABIYIDVERUUwMDk3MTc5NTQ5QzkxODQxNDM4MzlCNkYzMzY1AA==",
  "timestamp": "1751974665",
  "type": "interactive",
  "interactive": {
    "type": "button_reply",
    "button_reply": {
      "id": "option_B",
      "title": "B"
    }
  }
}
2025-07-08 11:37:46,483 - INFO - IMAGE EVENT: Received message of type 'interactive' from 2347061890689
2025-07-08 11:37:46,485 - INFO - IMAGE EVENT: Processing message wamid.HBgNMjM0NzA2MTg5MDY4ORUCABIYIDVERUUwMDk3MTc5NTQ5QzkxODQxNDM4MzlCNkYzMzY1AA== for user: <sqlite3.Row object at 0x7fe720098510>
2025-07-08 11:37:46,485 - INFO - IMAGE EVENT: User state: quiz_4
2025-07-08 11:37:46,485 - INFO - IMAGE EVENT: Processing interactive message: {
  "type": "button_reply",
  "button_reply": {
    "id": "option_B",
    "title": "B"
  }
}
2025-07-08 11:37:46,485 - INFO - IMAGE EVENT: Received button reply: id=option_B, text=B
2025-07-08 11:37:46,485 - INFO - IMAGE EVENT: Handling other button response
2025-07-08 11:37:46,485 - INFO - IMAGE EVENT: Button/List response received: id=option_B, text=B
2025-07-08 11:37:46,486 - INFO - IMAGE EVENT: Unknown button/list response: option_B from 2347061890689
2025-07-08 11:37:46,490 - INFO - IMAGE EVENT: Handling text message for 2347061890689: B
2025-07-08 11:37:46,494 - INFO - IMAGE EVENT: Successfully sent interactive message to 2348035613004
2025-07-08 11:37:46,496 - INFO - IMAGE EVENT: Handling quiz response for 2347061890689: B
2025-07-08 11:37:46,496 - INFO - IMAGE EVENT: User 116 answered question 5 correctly
2025-07-08 11:37:46,578 - INFO - IMAGE EVENT: Inserted response for user 116: question 5, correct=1, quiz=quiz6
2025-07-08 11:37:47,156 - INFO - IMAGE EVENT: Moving to next question. New index: 5
2025-07-08 11:37:47,268 - INFO - IMAGE EVENT: Finishing quiz quiz6 for user 116
2025-07-08 11:37:47,776 - INFO - IMAGE EVENT: Database updated for user 116 after finishing quiz quiz6
2025-07-08 11:37:47,776 - INFO - IMAGE EVENT: Preparing to send interactive message to 2347061890689
2025-07-08 11:37:47,776 - INFO - IMAGE EVENT: Preparing button message for 2347061890689
2025-07-08 11:37:47,776 - INFO - IMAGE EVENT: Sending request to WhatsApp API for 2347061890689
2025-07-08 11:37:47,777 - INFO - IMAGE EVENT: Request data: {
  "messaging_product": "whatsapp",
  "to": "2347061890689",
  "type": "interactive",
  "interactive": {
    "type": "button",
    "body": {
      "text": "What would you like to do next?"
    },
    "action": {
      "buttons": [
        {
          "type": "reply",
          "reply": {
            "id": "quiz",
            "title": "Take Another Quiz"
          }
        },
        {
          "type": "reply",
          "reply": {
            "id": "records",
            "title": "Switch to Records"
          }
        },
        {
          "type": "reply",
          "reply": {
            "id": "ai_chat",
            "title": "Review Mistakes (AI)"
          }
        }
      ]
    }
  }
}
2025-07-08 11:37:48,173 - INFO - IMAGE EVENT: Received response from WhatsApp API for 2347061890689 - Status: 200
2025-07-08 11:37:48,174 - INFO - IMAGE EVENT: Response content: {"messaging_product":"whatsapp","contacts":[{"input":"2347061890689","wa_id":"2347061890689"}],"messages":[{"id":"wamid.HBgNMjM0NzA2MTg5MDY4ORUCABEYEjFDOUIyNTg1MzM2NTQ0RTg4QQA="}]}
2025-07-08 11:37:48,174 - INFO - IMAGE EVENT: Successfully sent interactive message to 2347061890689
2025-07-08 11:37:48,174 - INFO - IMAGE EVENT: Quiz quiz6 finished successfully for user 116
2025-07-08 11:37:58,978 - INFO - IMAGE EVENT: Full message content: {
  "context": {
    "from": "2349134774276",
    "id": "wamid.HBgNMjM0ODAyNjI3NTU1OBUCABEYEkQyNDE4MEVGRTM2RkZEMThCNQA="
  },
  "from": "2348026275558",
  "id": "wamid.HBgNMjM0ODAyNjI3NTU1OBUCABIYIDg2QTNBNzcyREVCMTIzMTU1MTAyREMwQ0I5N0EwN0JGAA==",
  "timestamp": "1751974678",
  "type": "interactive",
  "interactive": {
    "type": "button_reply",
    "button_reply": {
      "id": "quiz6",
      "title": "Start quiz6"
    }
  }
}
2025-07-08 11:37:58,980 - INFO - IMAGE EVENT: Received message of type 'interactive' from 2348026275558
2025-07-08 11:37:58,981 - INFO - IMAGE EVENT: Processing message wamid.HBgNMjM0ODAyNjI3NTU1OBUCABIYIDg2QTNBNzcyREVCMTIzMTU1MTAyREMwQ0I5N0EwN0JGAA== for user: <sqlite3.Row object at 0x7fe7201c0d30>
2025-07-08 11:37:58,981 - INFO - IMAGE EVENT: User state: selecting_quiz
2025-07-08 11:37:58,982 - INFO - IMAGE EVENT: Processing interactive message: {
  "type": "button_reply",
  "button_reply": {
    "id": "quiz6",
    "title": "Start quiz6"
  }
}
2025-07-08 11:37:58,982 - INFO - IMAGE EVENT: Received button reply: id=quiz6, text=Start quiz6
2025-07-08 11:37:58,983 - INFO - IMAGE EVENT: Handling other button response
2025-07-08 11:37:58,983 - INFO - IMAGE EVENT: Button/List response received: id=quiz6, text=Start quiz6
2025-07-08 11:37:58,985 - INFO - IMAGE EVENT: Unknown button/list response: quiz6 from 2348026275558
2025-07-08 11:37:58,985 - INFO - IMAGE EVENT: Handling text message for 2348026275558: Start quiz6
2025-07-08 11:37:58,985 - INFO - IMAGE EVENT: Quiz selection initiated for 2348026275558 with message: Start quiz6
2025-07-08 11:37:58,991 - INFO - IMAGE EVENT: Starting quiz6 for user 164 at question 0
2025-07-08 11:37:58,992 - INFO - IMAGE EVENT: Preparing to send interactive message to 2348026275558
2025-07-08 11:37:58,992 - INFO - IMAGE EVENT: Preparing button message for 2348026275558
2025-07-08 11:37:58,992 - INFO - IMAGE EVENT: Sending request to WhatsApp API for 2348026275558
2025-07-08 11:37:58,992 - INFO - IMAGE EVENT: Request data: {
  "messaging_product": "whatsapp",
  "to": "2348026275558",
  "type": "interactive",
  "interactive": {
    "type": "button",
    "body": {
      "text": "Question 1 out of 5:\n\nWhat is operational management primarily concerned with?\n\nA) Marketing only\nB) Day-to-day business activities\nC) Yearly planning only\n"
    },
    "action": {
      "buttons": [
        {
          "type": "reply",
          "reply": {
            "id": "option_A",
            "title": "A"
          }
        },
        {
          "type": "reply",
          "reply": {
            "id": "option_B",
            "title": "B"
          }
        },
        {
          "type": "reply",
          "reply": {
            "id": "option_C",
            "title": "C"
          }
        }
      ]
    }
  }
}
2025-07-08 11:37:59,388 - INFO - IMAGE EVENT: Received response from WhatsApp API for 2348026275558 - Status: 200
2025-07-08 11:37:59,389 - INFO - IMAGE EVENT: Response content: {"messaging_product":"whatsapp","contacts":[{"input":"2348026275558","wa_id":"2348026275558"}],"messages":[{"id":"wamid.HBgNMjM0ODAyNjI3NTU1OBUCABEYEjI2ODdDRTY0Nzg1OTMxRDcxRAA="}]}
2025-07-08 11:37:59,389 - INFO - IMAGE EVENT: Successfully sent interactive message to 2348026275558
2025-07-08 11:37:59,470 - INFO - IMAGE EVENT: Full message content: {
  "context": {
    "from": "2349134774276",
    "id": "wamid.HBgNMjM0ODAzNTYxMzAwNBUCABEYEjg0N0EyOTEyNDA1M0ZBNDg1QwA="
  },
  "from": "2348035613004",
  "id": "wamid.HBgNMjM0ODAzNTYxMzAwNBUCABIYIENBQTJEOEZGQzUyNDkzMkE1MjVDQUU5NTBDQzlEMDVEAA==",
  "timestamp": "1751974678",
  "type": "interactive",
  "interactive": {
    "type": "button_reply",
    "button_reply": {
      "id": "option_B",
      "title": "B"
    }
  }
}
2025-07-08 11:37:59,476 - INFO - IMAGE EVENT: Received message of type 'interactive' from 2348035613004
2025-07-08 11:37:59,480 - INFO - IMAGE EVENT: Processing message wamid.HBgNMjM0ODAzNTYxMzAwNBUCABIYIENBQTJEOEZGQzUyNDkzMkE1MjVDQUU5NTBDQzlEMDVEAA== for user: <sqlite3.Row object at 0x7fe7201c02d0>
2025-07-08 11:37:59,481 - INFO - IMAGE EVENT: User state: quiz_1
2025-07-08 11:37:59,481 - INFO - IMAGE EVENT: Processing interactive message: {
  "type": "button_reply",
  "button_reply": {
    "id": "option_B",
    "title": "B"
  }
}
2025-07-08 11:37:59,481 - INFO - IMAGE EVENT: Received button reply: id=option_B, text=B
2025-07-08 11:37:59,481 - INFO - IMAGE EVENT: Handling other button response
2025-07-08 11:37:59,481 - INFO - IMAGE EVENT: Button/List response received: id=option_B, text=B
2025-07-08 11:37:59,482 - INFO - IMAGE EVENT: Unknown button/list response: option_B from 2348035613004
2025-07-08 11:37:59,482 - INFO - IMAGE EVENT: Handling text message for 2348035613004: B
2025-07-08 11:37:59,482 - INFO - IMAGE EVENT: Handling quiz response for 2348035613004: B
2025-07-08 11:37:59,482 - INFO - IMAGE EVENT: User 151 answered question 2 correctly
2025-07-08 11:37:59,483 - INFO - IMAGE EVENT: Inserted response for user 151: question 2, correct=1, quiz=quiz6
2025-07-08 11:37:59,986 - INFO - IMAGE EVENT: Moving to next question. New index: 2
2025-07-08 11:37:59,993 - INFO - IMAGE EVENT: Preparing to send interactive message to 2348035613004
2025-07-08 11:37:59,993 - INFO - IMAGE EVENT: Preparing button message for 2348035613004
2025-07-08 11:37:59,994 - INFO - IMAGE EVENT: Sending request to WhatsApp API for 2348035613004
2025-07-08 11:37:59,994 - INFO - IMAGE EVENT: Request data: {
  "messaging_product": "whatsapp",
  "to": "2348035613004",
  "type": "interactive",
  "interactive": {
    "type": "button",
    "body": {
      "text": "Question 3 out of 5:\n\nWhat is the first step in process mapping?\n\nA) Hiring staff\nB) Identifying core processes\nC) Buying equipment\n"
    },
    "action": {
      "buttons": [
        {
          "type": "reply",
          "reply": {
            "id": "option_A",
            "title": "A"
          }
        },
        {
          "type": "reply",
          "reply": {
            "id": "option_B",
            "title": "B"
          }
        },
        {
          "type": "reply",
          "reply": {
            "id": "option_C",
            "title": "C"
          }
        }
      ]
    }
  }
}
2025-07-08 11:38:00,524 - INFO - IMAGE EVENT: Received response from WhatsApp API for 2348035613004 - Status: 200
2025-07-08 11:38:00,525 - INFO - IMAGE EVENT: Response content: {"messaging_product":"whatsapp","contacts":[{"input":"2348035613004","wa_id":"2348035613004"}],"messages":[{"id":"wamid.HBgNMjM0ODAzNTYxMzAwNBUCABEYEjdBQUEwMjlBRTI4MUM3QjEyNgA="}]}
2025-07-08 11:38:00,558 - INFO - IMAGE EVENT: Successfully sent interactive message to 2348035613004
2025-07-08 11:38:05,006 - INFO - IMAGE EVENT: Full message content: {
  "context": {
    "from": "2349134774276",
    "id": "wamid.HBgNMjM0NzAzODIyMjg3NxUCABEYEjk1NEI4MUQzMkQ1OUZERDQwOQA="
  },
  "from": "2347038222877",
  "id": "wamid.HBgNMjM0NzAzODIyMjg3NxUCABIYIEUyMzgwOEUyNEFDMjM1RTJBMzRBNDVBNTc4QzQwNzk2AA==",
  "timestamp": "1751974684",
  "type": "interactive",
  "interactive": {
    "type": "button_reply",
    "button_reply": {
      "id": "option_B",
      "title": "B"
    }
  }
}
2025-07-08 11:38:05,006 - INFO - IMAGE EVENT: Received message of type 'interactive' from 2347038222877
2025-07-08 11:38:05,007 - INFO - IMAGE EVENT: Processing message wamid.HBgNMjM0NzAzODIyMjg3NxUCABIYIEUyMzgwOEUyNEFDMjM1RTJBMzRBNDVBNTc4QzQwNzk2AA== for user: <sqlite3.Row object at 0x7fe7201c0690>
2025-07-08 11:38:05,007 - INFO - IMAGE EVENT: User state: quiz_4
2025-07-08 11:38:05,007 - INFO - IMAGE EVENT: Processing interactive message: {
  "type": "button_reply",
  "button_reply": {
    "id": "option_B",
    "title": "B"
  }
}
2025-07-08 11:38:05,007 - INFO - IMAGE EVENT: Received button reply: id=option_B, text=B
2025-07-08 11:38:05,007 - INFO - IMAGE EVENT: Handling other button response
2025-07-08 11:38:05,007 - INFO - IMAGE EVENT: Button/List response received: id=option_B, text=B
2025-07-08 11:38:05,007 - INFO - IMAGE EVENT: Unknown button/list response: option_B from 2347038222877
2025-07-08 11:38:05,008 - INFO - IMAGE EVENT: Handling text message for 2347038222877: B
2025-07-08 11:38:05,008 - INFO - IMAGE EVENT: Handling quiz response for 2347038222877: B
2025-07-08 11:38:05,008 - INFO - IMAGE EVENT: User 169 answered question 5 correctly
2025-07-08 11:38:05,008 - INFO - IMAGE EVENT: Inserted response for user 169: question 5, correct=1, quiz=quiz6
2025-07-08 11:38:05,535 - INFO - IMAGE EVENT: Moving to next question. New index: 5
2025-07-08 11:38:05,535 - INFO - IMAGE EVENT: Finishing quiz quiz6 for user 169
2025-07-08 11:38:06,073 - INFO - IMAGE EVENT: Database updated for user 169 after finishing quiz quiz6
2025-07-08 11:38:06,074 - INFO - IMAGE EVENT: Preparing to send interactive message to 2347038222877
2025-07-08 11:38:06,076 - INFO - IMAGE EVENT: Preparing button message for 2347038222877
2025-07-08 11:38:06,076 - INFO - IMAGE EVENT: Sending request to WhatsApp API for 2347038222877
2025-07-08 11:38:06,077 - INFO - IMAGE EVENT: Request data: {
  "messaging_product": "whatsapp",
  "to": "2347038222877",
  "type": "interactive",
  "interactive": {
    "type": "button",
    "body": {
      "text": "What would you like to do next?"
    },
    "action": {
      "buttons": [
        {
          "type": "reply",
          "reply": {
            "id": "quiz",
            "title": "Take Another Quiz"
          }
        },
        {
          "type": "reply",
          "reply": {
            "id": "records",
            "title": "Switch to Records"
          }
        },
        {
          "type": "reply",
          "reply": {
            "id": "ai_chat",
            "title": "Review Mistakes (AI)"
          }
        }
      ]
    }
  }
}
2025-07-08 11:38:06,671 - INFO - IMAGE EVENT: Received response from WhatsApp API for 2347038222877 - Status: 200
2025-07-08 11:38:06,672 - INFO - IMAGE EVENT: Response content: {"messaging_product":"whatsapp","contacts":[{"input":"2347038222877","wa_id":"2347038222877"}],"messages":[{"id":"wamid.HBgNMjM0NzAzODIyMjg3NxUCABEYEkRGQTlCRUNFRUY5NEMxQzRGQQA="}]}
2025-07-08 11:38:06,674 - INFO - IMAGE EVENT: Successfully sent interactive message to 2347038222877
2025-07-08 11:38:06,678 - INFO - IMAGE EVENT: Quiz quiz6 finished successfully for user 169
2025-07-08 11:38:12,416 - INFO - IMAGE EVENT: Full message content: {
  "context": {
    "from": "2349134774276",
    "id": "wamid.HBgNMjM0ODAzMjMxNTY2MRUCABEYEjBBRjZBODcwMkU4RjdDRUJFQgA="
  },
  "from": "2348032315661",
  "id": "wamid.HBgNMjM0ODAzMjMxNTY2MRUCABIYIDhCNEFDRjk3QkYzQ0QzN0U5MUU1MUQzNzFFRTdBQjVBAA==",
  "timestamp": "1751974691",
  "type": "interactive",
  "interactive": {
    "type": "button_reply",
    "button_reply": {
      "id": "quiz",
      "title": "Start Quiz"
    }
  }
}
2025-07-08 11:38:12,422 - INFO - IMAGE EVENT: Received message of type 'interactive' from 2348032315661
2025-07-08 11:38:12,423 - INFO - IMAGE EVENT: Processing message wamid.HBgNMjM0ODAzMjMxNTY2MRUCABIYIDhCNEFDRjk3QkYzQ0QzN0U5MUU1MUQzNzFFRTdBQjVBAA== for user: <sqlite3.Row object at 0x7fe7201c0a70>
2025-07-08 11:38:12,424 - INFO - IMAGE EVENT: User state: records
2025-07-08 11:38:12,431 - INFO - IMAGE EVENT: Processing interactive message: {
  "type": "button_reply",
  "button_reply": {
    "id": "quiz",
    "title": "Start Quiz"
  }
}
2025-07-08 11:38:12,431 - INFO - IMAGE EVENT: Received button reply: id=quiz, text=Start Quiz
2025-07-08 11:38:12,431 - INFO - IMAGE EVENT: Handling other button response
2025-07-08 11:38:12,431 - INFO - IMAGE EVENT: Button/List response received: id=quiz, text=Start Quiz
2025-07-08 11:38:12,432 - INFO - IMAGE EVENT: Handling Start Quiz request for 2348032315661
2025-07-08 11:38:12,432 - INFO - IMAGE EVENT: Handling text message for 2348032315661: Start Quiz
2025-07-08 11:38:12,432 - INFO - IMAGE EVENT: Quiz selection initiated for 2348032315661 with message: Start Quiz
2025-07-08 11:38:12,873 - INFO - IMAGE EVENT: Preparing to send interactive message to 2348032315661
2025-07-08 11:38:12,874 - INFO - IMAGE EVENT: Preparing button message for 2348032315661
2025-07-08 11:38:12,874 - INFO - IMAGE EVENT: Sending request to WhatsApp API for 2348032315661
2025-07-08 11:38:12,874 - INFO - IMAGE EVENT: Request data: {
  "messaging_product": "whatsapp",
  "to": "2348032315661",
  "type": "interactive",
  "interactive": {
    "type": "button",
    "body": {
      "text": "What would you like to do?"
    },
    "action": {
      "buttons": [
        {
          "type": "reply",
          "reply": {
            "id": "quiz",
            "title": "Start Quiz"
          }
        }
      ]
    }
  }
}
2025-07-08 11:38:13,448 - INFO - IMAGE EVENT: Received response from WhatsApp API for 2348032315661 - Status: 200
2025-07-08 11:38:13,448 - INFO - IMAGE EVENT: Response content: {"messaging_product":"whatsapp","contacts":[{"input":"2348032315661","wa_id":"2348032315661"}],"messages":[{"id":"wamid.HBgNMjM0ODAzMjMxNTY2MRUCABEYEjVCNEI1MzA0QkYxMkJGN0I1RgA="}]}
2025-07-08 11:38:13,448 - INFO - IMAGE EVENT: Successfully sent interactive message to 2348032315661
2025-07-08 11:38:15,089 - INFO - IMAGE EVENT: Full message content: {
  "context": {
    "from": "2349134774276",
    "id": "wamid.HBgNMjM0NzAzODIyMjg3NxUCABEYEkRGQTlCRUNFRUY5NEMxQzRGQQA="
  },
  "from": "2347038222877",
  "id": "wamid.HBgNMjM0NzAzODIyMjg3NxUCABIYIENCMURDRUYwNzMxQUEyMUE2RTY1QkQ3NkQyMUY5MEE4AA==",
  "timestamp": "1751974694",
  "type": "interactive",
  "interactive": {
    "type": "button_reply",
    "button_reply": {
      "id": "ai_chat",
      "title": "Review Mistakes (AI)"
    }
  }
}
2025-07-08 11:38:15,090 - INFO - IMAGE EVENT: Received message of type 'interactive' from 2347038222877
2025-07-08 11:38:15,091 - INFO - IMAGE EVENT: Processing message wamid.HBgNMjM0NzAzODIyMjg3NxUCABIYIENCMURDRUYwNzMxQUEyMUE2RTY1QkQ3NkQyMUY5MEE4AA== for user: <sqlite3.Row object at 0x7fe7201c02d0>
2025-07-08 11:38:15,092 - INFO - IMAGE EVENT: User state: awaiting_choice
2025-07-08 11:38:15,092 - INFO - IMAGE EVENT: Processing interactive message: {
  "type": "button_reply",
  "button_reply": {
    "id": "ai_chat",
    "title": "Review Mistakes (AI)"
  }
}
2025-07-08 11:38:15,093 - INFO - IMAGE EVENT: Received button reply: id=ai_chat, text=Review Mistakes (AI)
2025-07-08 11:38:15,093 - INFO - IMAGE EVENT: Handling other button response
2025-07-08 11:38:15,094 - INFO - IMAGE EVENT: Button/List response received: id=ai_chat, text=Review Mistakes (AI)
2025-07-08 11:38:15,094 - INFO - IMAGE EVENT: Starting AI chat for user 169
2025-07-08 11:38:20,256 - INFO - IMAGE EVENT: Full message content: {
  "context": {
    "from": "2349134774276",
    "id": "wamid.HBgNMjM0ODEzNjQ3NzY3MhUCABEYEkE3M0Y1RTIzQTFFNzRCRUU5RQA="
  },
  "from": "2348136477672",
  "id": "wamid.HBgNMjM0ODEzNjQ3NzY3MhUCABIYIEQwQzVEQzEyMjBEM0RDRjA5NDEwQzlGQTMzQjJBRTc5AA==",
  "timestamp": "1751974699",
  "type": "interactive",
  "interactive": {
    "type": "button_reply",
    "button_reply": {
      "id": "end_chat",
      "title": "End Chat"
    }
  }
}
2025-07-08 11:38:20,257 - INFO - IMAGE EVENT: Received message of type 'interactive' from 2348136477672
2025-07-08 11:38:20,257 - INFO - IMAGE EVENT: Processing message wamid.HBgNMjM0ODEzNjQ3NzY3MhUCABIYIEQwQzVEQzEyMjBEM0RDRjA5NDEwQzlGQTMzQjJBRTc5AA== for user: <sqlite3.Row object at 0x7fe7201c0550>
2025-07-08 11:38:20,258 - INFO - IMAGE EVENT: User state: post_explanation
2025-07-08 11:38:20,260 - INFO - IMAGE EVENT: Processing interactive message: {
  "type": "button_reply",
  "button_reply": {
    "id": "end_chat",
    "title": "End Chat"
  }
}
2025-07-08 11:38:20,260 - INFO - IMAGE EVENT: Received button reply: id=end_chat, text=End Chat
2025-07-08 11:38:20,643 - INFO - IMAGE EVENT: Presenting main options to user 2348136477672
2025-07-08 11:38:20,643 - INFO - IMAGE EVENT: Preparing to send interactive message to 2348136477672
2025-07-08 11:38:20,644 - INFO - IMAGE EVENT: Preparing button message for 2348136477672
2025-07-08 11:38:20,644 - INFO - IMAGE EVENT: Sending request to WhatsApp API for 2348136477672
2025-07-08 11:38:20,644 - INFO - IMAGE EVENT: Request data: {
  "messaging_product": "whatsapp",
  "to": "2348136477672",
  "type": "interactive",
  "interactive": {
    "type": "button",
    "body": {
      "text": "What would you like to do next?"
    },
    "action": {
      "buttons": [
        {
          "type": "reply",
          "reply": {
            "id": "quiz",
            "title": "Start Quiz"
          }
        },
        {
          "type": "reply",
          "reply": {
            "id": "records",
            "title": "Record Keeping"
          }
        },
        {
          "type": "reply",
          "reply": {
            "id": "settings",
            "title": "Settings"
          }
        }
      ]
    }
  }
}
2025-07-08 11:38:21,041 - INFO - IMAGE EVENT: Received response from WhatsApp API for 2348136477672 - Status: 200
2025-07-08 11:38:21,042 - INFO - IMAGE EVENT: Response content: {"messaging_product":"whatsapp","contacts":[{"input":"2348136477672","wa_id":"2348136477672"}],"messages":[{"id":"wamid.HBgNMjM0ODEzNjQ3NzY3MhUCABEYEjJCMjdCQTI2MkRCMzAzMTZFOAA="}]}
2025-07-08 11:38:21,042 - INFO - IMAGE EVENT: Successfully sent interactive message to 2348136477672
2025-07-08 11:38:23,563 - INFO - IMAGE EVENT: Full message content: {
  "context": {
    "from": "2349134774276",
    "id": "wamid.HBgNMjM0ODAzNTYxMzAwNBUCABEYEjdBQUEwMjlBRTI4MUM3QjEyNgA="
  },
  "from": "2348035613004",
  "id": "wamid.HBgNMjM0ODAzNTYxMzAwNBUCABIYIDZBNTMzMEE4MEI5RjQwRjNBRTIxOTZCMzdFRTc1NkI5AA==",
  "timestamp": "1751974702",
  "type": "interactive",
  "interactive": {
    "type": "button_reply",
    "button_reply": {
      "id": "option_B",
      "title": "B"
    }
  }
}
2025-07-08 11:38:23,565 - INFO - IMAGE EVENT: Received message of type 'interactive' from 2348035613004
2025-07-08 11:38:23,566 - INFO - IMAGE EVENT: Processing message wamid.HBgNMjM0ODAzNTYxMzAwNBUCABIYIDZBNTMzMEE4MEI5RjQwRjNBRTIxOTZCMzdFRTc1NkI5AA== for user: <sqlite3.Row object at 0x7fe7201c0390>
2025-07-08 11:38:23,566 - INFO - IMAGE EVENT: User state: quiz_2
2025-07-08 11:38:23,566 - INFO - IMAGE EVENT: Processing interactive message: {
  "type": "button_reply",
  "button_reply": {
    "id": "option_B",
    "title": "B"
  }
}
2025-07-08 11:38:23,574 - INFO - IMAGE EVENT: Received button reply: id=option_B, text=B
2025-07-08 11:38:23,575 - INFO - IMAGE EVENT: Handling other button response
2025-07-08 11:38:23,575 - INFO - IMAGE EVENT: Button/List response received: id=option_B, text=B
2025-07-08 11:38:23,575 - INFO - IMAGE EVENT: Unknown button/list response: option_B from 2348035613004
2025-07-08 11:38:23,575 - INFO - IMAGE EVENT: Handling text message for 2348035613004: B
2025-07-08 11:38:23,575 - INFO - IMAGE EVENT: Handling quiz response for 2348035613004: B
2025-07-08 11:38:23,575 - INFO - IMAGE EVENT: User 151 answered question 3 correctly
2025-07-08 11:38:23,576 - INFO - IMAGE EVENT: Inserted response for user 151: question 3, correct=1, quiz=quiz6
2025-07-08 11:38:24,045 - INFO - IMAGE EVENT: Moving to next question. New index: 3
2025-07-08 11:38:24,061 - INFO - IMAGE EVENT: Preparing to send interactive message to 2348035613004
2025-07-08 11:38:24,062 - INFO - IMAGE EVENT: Preparing button message for 2348035613004
2025-07-08 11:38:24,062 - INFO - IMAGE EVENT: Sending request to WhatsApp API for 2348035613004
2025-07-08 11:38:24,062 - INFO - IMAGE EVENT: Request data: {
  "messaging_product": "whatsapp",
  "to": "2348035613004",
  "type": "interactive",
  "interactive": {
    "type": "button",
    "body": {
      "text": "Question 4 out of 5:\n\nHow should technology adoption be approached?\n\nA) Buy the most expensive option\nB) Ignore it completely\nC) Based on cost-benefit analysis\n"
    },
    "action": {
      "buttons": [
        {
          "type": "reply",
          "reply": {
            "id": "option_A",
            "title": "A"
          }
        },
        {
          "type": "reply",
          "reply": {
            "id": "option_B",
            "title": "B"
          }
        },
        {
          "type": "reply",
          "reply": {
            "id": "option_C",
            "title": "C"
          }
        }
      ]
    }
  }
}
2025-07-08 11:38:24,174 - INFO - IMAGE EVENT: Preparing to send interactive message to 2347038222877
2025-07-08 11:38:24,174 - INFO - IMAGE EVENT: Preparing list message for 2347038222877
2025-07-08 11:38:24,175 - INFO - IMAGE EVENT: Sending request to WhatsApp API for 2347038222877
2025-07-08 11:38:24,176 - INFO - IMAGE EVENT: Request data: {
  "messaging_product": "whatsapp",
  "to": "2347038222877",
  "type": "interactive",
  "interactive": {
    "type": "list",
    "header": {
      "type": "text",
      "text": "Select a quiz to review"
    },
    "body": {
      "text": "Please select one of the quizzes below to review."
    },
    "footer": {
      "text": "Select an option below"
    },
    "action": {
      "button": "View Quizzes",
      "sections": [
        {
          "title": "Quizzes 1-10",
          "rows": [
            {
              "id": "quiz1 (3 incorrect)",
              "title": "quiz1"
            },
            {
              "id": "quiz2 (1 incorrect)",
              "title": "quiz2"
            },
            {
              "id": "quiz4 (1 incorrect)",
              "title": "quiz4"
            },
            {
              "id": "quiz6 (1 incorrect)",
              "title": "quiz6"
            }
          ]
        }
      ]
    }
  }
}
2025-07-08 11:38:24,544 - INFO - IMAGE EVENT: Received response from WhatsApp API for 2348035613004 - Status: 200
2025-07-08 11:38:24,544 - INFO - IMAGE EVENT: Response content: {"messaging_product":"whatsapp","contacts":[{"input":"2348035613004","wa_id":"2348035613004"}],"messages":[{"id":"wamid.HBgNMjM0ODAzNTYxMzAwNBUCABEYEjk1NjdEMzA2RDFCNzE5NzdGMgA="}]}
2025-07-08 11:38:24,544 - INFO - IMAGE EVENT: Successfully sent interactive message to 2348035613004
2025-07-08 11:38:24,725 - INFO - IMAGE EVENT: Received response from WhatsApp API for 2347038222877 - Status: 200
2025-07-08 11:38:24,726 - INFO - IMAGE EVENT: Response content: {"messaging_product":"whatsapp","contacts":[{"input":"2347038222877","wa_id":"2347038222877"}],"messages":[{"id":"wamid.HBgNMjM0NzAzODIyMjg3NxUCABEYEkVDRDk5MURBNkM4NTgxNjkzQwA="}]}
2025-07-08 11:38:24,726 - INFO - IMAGE EVENT: Successfully sent interactive message to 2347038222877
2025-07-08 11:38:25,892 - INFO - IMAGE EVENT: Full message content: {
  "context": {
    "from": "2349134774276",
    "id": "wamid.HBgNMjM0ODAyNjI3NTU1OBUCABEYEjI2ODdDRTY0Nzg1OTMxRDcxRAA="
  },
  "from": "2348026275558",
  "id": "wamid.HBgNMjM0ODAyNjI3NTU1OBUCABIYIDQyNkUxOTA5QzFFMjZGRkU2NTQzNUM5OEFDODJGMjk4AA==",
  "timestamp": "1751974705",
  "type": "interactive",
  "interactive": {
    "type": "button_reply",
    "button_reply": {
      "id": "option_B",
      "title": "B"
    }
  }
}
2025-07-08 11:38:25,892 - INFO - IMAGE EVENT: Received message of type 'interactive' from 2348026275558
2025-07-08 11:38:25,893 - INFO - IMAGE EVENT: Processing message wamid.HBgNMjM0ODAyNjI3NTU1OBUCABIYIDQyNkUxOTA5QzFFMjZGRkU2NTQzNUM5OEFDODJGMjk4AA== for user: <sqlite3.Row object at 0x7fe7201c0430>
2025-07-08 11:38:25,898 - INFO - IMAGE EVENT: User state: quiz_0
2025-07-08 11:38:25,898 - INFO - IMAGE EVENT: Processing interactive message: {
  "type": "button_reply",
  "button_reply": {
    "id": "option_B",
    "title": "B"
  }
}
2025-07-08 11:38:25,906 - INFO - IMAGE EVENT: Received button reply: id=option_B, text=B
2025-07-08 11:38:25,906 - INFO - IMAGE EVENT: Handling other button response
2025-07-08 11:38:25,907 - INFO - IMAGE EVENT: Button/List response received: id=option_B, text=B
2025-07-08 11:38:25,907 - INFO - IMAGE EVENT: Unknown button/list response: option_B from 2348026275558
2025-07-08 11:38:25,910 - INFO - IMAGE EVENT: Handling text message for 2348026275558: B
2025-07-08 11:38:25,910 - INFO - IMAGE EVENT: Handling quiz response for 2348026275558: B
2025-07-08 11:38:25,911 - INFO - IMAGE EVENT: User 164 answered question 1 correctly
2025-07-08 11:38:25,912 - INFO - IMAGE EVENT: Inserted response for user 164: question 1, correct=1, quiz=quiz6
2025-07-08 11:38:26,437 - INFO - IMAGE EVENT: Moving to next question. New index: 1
2025-07-08 11:38:26,444 - INFO - IMAGE EVENT: Preparing to send interactive message to 2348026275558
2025-07-08 11:38:26,444 - INFO - IMAGE EVENT: Preparing button message for 2348026275558
2025-07-08 11:38:26,444 - INFO - IMAGE EVENT: Sending request to WhatsApp API for 2348026275558
2025-07-08 11:38:26,444 - INFO - IMAGE EVENT: Request data: {
  "messaging_product": "whatsapp",
  "to": "2348026275558",
  "type": "interactive",
  "interactive": {
    "type": "button",
    "body": {
      "text": "Question 2 out of 5:\n\nWhich is a key component of supply chain management?\n\nA) Social media marketing\nB) Supplier relationships\nC) Employee salaries\n"
    },
    "action": {
      "buttons": [
        {
          "type": "reply",
          "reply": {
            "id": "option_A",
            "title": "A"
          }
        },
        {
          "type": "reply",
          "reply": {
            "id": "option_B",
            "title": "B"
          }
        },
        {
          "type": "reply",
          "reply": {
            "id": "option_C",
            "title": "C"
          }
        }
      ]
    }
  }
}
2025-07-08 11:38:26,868 - INFO - IMAGE EVENT: Received response from WhatsApp API for 2348026275558 - Status: 200
2025-07-08 11:38:26,869 - INFO - IMAGE EVENT: Response content: {"messaging_product":"whatsapp","contacts":[{"input":"2348026275558","wa_id":"2348026275558"}],"messages":[{"id":"wamid.HBgNMjM0ODAyNjI3NTU1OBUCABEYEjhFMTMzOEFFQkQwQURCQUVDMQA="}]}
2025-07-08 11:38:26,869 - INFO - IMAGE EVENT: Successfully sent interactive message to 2348026275558
2025-07-08 11:38:46,424 - INFO - IMAGE EVENT: Full message content: {
  "context": {
    "from": "2349134774276",
    "id": "wamid.HBgNMjM0ODAzNTYxMzAwNBUCABEYEjk1NjdEMzA2RDFCNzE5NzdGMgA="
  },
  "from": "2348035613004",
  "id": "wamid.HBgNMjM0ODAzNTYxMzAwNBUCABIYIDA5RjVDNDQxNzA4OTI1ODE4NUVEMTc4QTRDMDBCRTcwAA==",
  "timestamp": "1751974725",
  "type": "interactive",
  "interactive": {
    "type": "button_reply",
    "button_reply": {
      "id": "option_C",
      "title": "C"
    }
  }
}
2025-07-08 11:38:46,424 - INFO - IMAGE EVENT: Received message of type 'interactive' from 2348035613004
2025-07-08 11:38:46,425 - INFO - IMAGE EVENT: Processing message wamid.HBgNMjM0ODAzNTYxMzAwNBUCABIYIDA5RjVDNDQxNzA4OTI1ODE4NUVEMTc4QTRDMDBCRTcwAA== for user: <sqlite3.Row object at 0x7fe7201c0690>
2025-07-08 11:38:46,425 - INFO - IMAGE EVENT: User state: quiz_3
2025-07-08 11:38:46,425 - INFO - IMAGE EVENT: Processing interactive message: {
  "type": "button_reply",
  "button_reply": {
    "id": "option_C",
    "title": "C"
  }
}
2025-07-08 11:38:46,425 - INFO - IMAGE EVENT: Received button reply: id=option_C, text=C
2025-07-08 11:38:46,426 - INFO - IMAGE EVENT: Handling other button response
2025-07-08 11:38:46,426 - INFO - IMAGE EVENT: Button/List response received: id=option_C, text=C
2025-07-08 11:38:46,426 - INFO - IMAGE EVENT: Unknown button/list response: option_C from 2348035613004
2025-07-08 11:38:46,426 - INFO - IMAGE EVENT: Handling text message for 2348035613004: C
2025-07-08 11:38:46,426 - INFO - IMAGE EVENT: Handling quiz response for 2348035613004: C
2025-07-08 11:38:46,427 - INFO - IMAGE EVENT: User 151 answered question 4 correctly
2025-07-08 11:38:46,427 - INFO - IMAGE EVENT: Inserted response for user 151: question 4, correct=1, quiz=quiz6
2025-07-08 11:38:46,864 - INFO - IMAGE EVENT: Moving to next question. New index: 4
2025-07-08 11:38:46,870 - INFO - IMAGE EVENT: Preparing to send interactive message to 2348035613004
2025-07-08 11:38:46,870 - INFO - IMAGE EVENT: Preparing button message for 2348035613004
2025-07-08 11:38:46,871 - INFO - IMAGE EVENT: Sending request to WhatsApp API for 2348035613004
2025-07-08 11:38:46,871 - INFO - IMAGE EVENT: Request data: {
  "messaging_product": "whatsapp",
  "to": "2348035613004",
  "type": "interactive",
  "interactive": {
    "type": "button",
    "body": {
      "text": "Question 5 out of 5:\n\nWhat is the primary goal of quality control?\n\nA) Increasing prices\nB) Maintaining standards\nC) Reducing staff\n"
    },
    "action": {
      "buttons": [
        {
          "type": "reply",
          "reply": {
            "id": "option_A",
            "title": "A"
          }
        },
        {
          "type": "reply",
          "reply": {
            "id": "option_B",
            "title": "B"
          }
        },
        {
          "type": "reply",
          "reply": {
            "id": "option_C",
            "title": "C"
          }
        }
      ]
    }
  }
}
2025-07-08 11:38:47,363 - INFO - IMAGE EVENT: Received response from WhatsApp API for 2348035613004 - Status: 200
2025-07-08 11:38:47,364 - INFO - IMAGE EVENT: Response content: {"messaging_product":"whatsapp","contacts":[{"input":"2348035613004","wa_id":"2348035613004"}],"messages":[{"id":"wamid.HBgNMjM0ODAzNTYxMzAwNBUCABEYEkYwOEI0MkM5OEE4MzA0MTMyMwA="}]}
2025-07-08 11:38:47,364 - INFO - IMAGE EVENT: Successfully sent interactive message to 2348035613004
2025-07-08 11:38:48,125 - INFO - IMAGE EVENT: Full message content: {
  "context": {
    "from": "2349134774276",
    "id": "wamid.HBgNMjM0ODAyNjI3NTU1OBUCABEYEjhFMTMzOEFFQkQwQURCQUVDMQA="
  },
  "from": "2348026275558",
  "id": "wamid.HBgNMjM0ODAyNjI3NTU1OBUCABIYIDZGRjBBM0EwMDc0MTFEMzgxNTVGMzdBNTUzQjI1NDg5AA==",
  "timestamp": "1751974727",
  "type": "interactive",
  "interactive": {
    "type": "button_reply",
    "button_reply": {
      "id": "option_B",
      "title": "B"
    }
  }
}
2025-07-08 11:38:48,127 - INFO - IMAGE EVENT: Received message of type 'interactive' from 2348026275558
2025-07-08 11:38:48,128 - INFO - IMAGE EVENT: Processing message wamid.HBgNMjM0ODAyNjI3NTU1OBUCABIYIDZGRjBBM0EwMDc0MTFEMzgxNTVGMzdBNTUzQjI1NDg5AA== for user: <sqlite3.Row object at 0x7fe7201c0a90>
2025-07-08 11:38:48,128 - INFO - IMAGE EVENT: User state: quiz_1
2025-07-08 11:38:48,129 - INFO - IMAGE EVENT: Processing interactive message: {
  "type": "button_reply",
  "button_reply": {
    "id": "option_B",
    "title": "B"
  }
}
2025-07-08 11:38:48,129 - INFO - IMAGE EVENT: Received button reply: id=option_B, text=B
2025-07-08 11:38:48,130 - INFO - IMAGE EVENT: Handling other button response
2025-07-08 11:38:48,181 - INFO - IMAGE EVENT: Button/List response received: id=option_B, text=B
2025-07-08 11:38:48,182 - INFO - IMAGE EVENT: Unknown button/list response: option_B from 2348026275558
2025-07-08 11:38:48,192 - INFO - IMAGE EVENT: Handling text message for 2348026275558: B
2025-07-08 11:38:48,193 - INFO - IMAGE EVENT: Handling quiz response for 2348026275558: B
2025-07-08 11:38:48,194 - INFO - IMAGE EVENT: User 164 answered question 2 correctly
2025-07-08 11:38:48,194 - INFO - IMAGE EVENT: Inserted response for user 164: question 2, correct=1, quiz=quiz6
2025-07-08 11:38:48,268 - INFO - IMAGE EVENT: Full message content: {
  "context": {
    "from": "2349134774276",
    "id": "wamid.HBgNMjM0ODAzMjMxNTY2MRUCABEYEjVCNEI1MzA0QkYxMkJGN0I1RgA="
  },
  "from": "2348032315661",
  "id": "wamid.HBgNMjM0ODAzMjMxNTY2MRUCABIYIDA2ODdFQjc4RUUxN0EzMjRBRDkxOEUyRjRCNjdERjRCAA==",
  "timestamp": "1751974727",
  "type": "interactive",
  "interactive": {
    "type": "button_reply",
    "button_reply": {
      "id": "quiz",
      "title": "Start Quiz"
    }
  }
}
2025-07-08 11:38:48,269 - INFO - IMAGE EVENT: Received message of type 'interactive' from 2348032315661
2025-07-08 11:38:48,280 - INFO - IMAGE EVENT: Processing message wamid.HBgNMjM0ODAzMjMxNTY2MRUCABIYIDA2ODdFQjc4RUUxN0EzMjRBRDkxOEUyRjRCNjdERjRCAA== for user: <sqlite3.Row object at 0x7fe7201c0a30>
2025-07-08 11:38:48,284 - INFO - IMAGE EVENT: User state: selecting_quiz
2025-07-08 11:38:48,285 - INFO - IMAGE EVENT: Processing interactive message: {
  "type": "button_reply",
  "button_reply": {
    "id": "quiz",
    "title": "Start Quiz"
  }
}
2025-07-08 11:38:48,285 - INFO - IMAGE EVENT: Received button reply: id=quiz, text=Start Quiz
2025-07-08 11:38:48,288 - INFO - IMAGE EVENT: Handling other button response
2025-07-08 11:38:48,289 - INFO - IMAGE EVENT: Button/List response received: id=quiz, text=Start Quiz
2025-07-08 11:38:48,294 - INFO - IMAGE EVENT: Handling Start Quiz request for 2348032315661
2025-07-08 11:38:48,294 - INFO - IMAGE EVENT: Handling text message for 2348032315661: Start Quiz
2025-07-08 11:38:48,294 - INFO - IMAGE EVENT: Quiz selection initiated for 2348032315661 with message: Start Quiz
2025-07-08 11:38:48,754 - INFO - IMAGE EVENT: Moving to next question. New index: 2
2025-07-08 11:38:48,768 - INFO - IMAGE EVENT: Preparing to send interactive message to 2348026275558
2025-07-08 11:38:48,768 - INFO - IMAGE EVENT: Preparing button message for 2348026275558
2025-07-08 11:38:48,768 - INFO - IMAGE EVENT: Sending request to WhatsApp API for 2348026275558
2025-07-08 11:38:48,769 - INFO - IMAGE EVENT: Request data: {
  "messaging_product": "whatsapp",
  "to": "2348026275558",
  "type": "interactive",
  "interactive": {
    "type": "button",
    "body": {
      "text": "Question 3 out of 5:\n\nWhat is the first step in process mapping?\n\nA) Hiring staff\nB) Identifying core processes\nC) Buying equipment\n"
    },
    "action": {
      "buttons": [
        {
          "type": "reply",
          "reply": {
            "id": "option_A",
            "title": "A"
          }
        },
        {
          "type": "reply",
          "reply": {
            "id": "option_B",
            "title": "B"
          }
        },
        {
          "type": "reply",
          "reply": {
            "id": "option_C",
            "title": "C"
          }
        }
      ]
    }
  }
}
2025-07-08 11:38:48,805 - INFO - IMAGE EVENT: Preparing to send interactive message to 2348032315661
2025-07-08 11:38:48,805 - INFO - IMAGE EVENT: Preparing button message for 2348032315661
2025-07-08 11:38:48,810 - INFO - IMAGE EVENT: Sending request to WhatsApp API for 2348032315661
2025-07-08 11:38:48,811 - INFO - IMAGE EVENT: Request data: {
  "messaging_product": "whatsapp",
  "to": "2348032315661",
  "type": "interactive",
  "interactive": {
    "type": "button",
    "body": {
      "text": "What would you like to do?"
    },
    "action": {
      "buttons": [
        {
          "type": "reply",
          "reply": {
            "id": "quiz",
            "title": "Start Quiz"
          }
        }
      ]
    }
  }
}
2025-07-08 11:38:49,354 - INFO - IMAGE EVENT: Received response from WhatsApp API for 2348026275558 - Status: 200
2025-07-08 11:38:49,355 - INFO - IMAGE EVENT: Response content: {"messaging_product":"whatsapp","contacts":[{"input":"2348026275558","wa_id":"2348026275558"}],"messages":[{"id":"wamid.HBgNMjM0ODAyNjI3NTU1OBUCABEYEjA4MjMzQzAxMjcxM0ZEOTUwQwA="}]}
2025-07-08 11:38:49,355 - INFO - IMAGE EVENT: Successfully sent interactive message to 2348026275558
2025-07-08 11:38:49,456 - INFO - IMAGE EVENT: Received response from WhatsApp API for 2348032315661 - Status: 200
2025-07-08 11:38:49,457 - INFO - IMAGE EVENT: Response content: {"messaging_product":"whatsapp","contacts":[{"input":"2348032315661","wa_id":"2348032315661"}],"messages":[{"id":"wamid.HBgNMjM0ODAzMjMxNTY2MRUCABEYEjQ5MzY5QUYxOEUwMDgxQ0RDNwA="}]}
2025-07-08 11:38:49,457 - INFO - IMAGE EVENT: Successfully sent interactive message to 2348032315661
2025-07-08 11:38:55,172 - INFO - IMAGE EVENT: Full message content: {
  "context": {
    "from": "2349134774276",
    "id": "wamid.HBgNMjM0ODAzMjMxNTY2MRUCABEYEjQ5MzY5QUYxOEUwMDgxQ0RDNwA="
  },
  "from": "2348032315661",
  "id": "wamid.HBgNMjM0ODAzMjMxNTY2MRUCABIYIEY0OEE4Q0IxMTE1Q0M5RDYwQTdGNTVCMEY4NDM4NEQzAA==",
  "timestamp": "1751974734",
  "type": "interactive",
  "interactive": {
    "type": "button_reply",
    "button_reply": {
      "id": "quiz",
      "title": "Start Quiz"
    }
  }
}
2025-07-08 11:38:55,173 - INFO - IMAGE EVENT: Received message of type 'interactive' from 2348032315661
2025-07-08 11:38:55,173 - INFO - IMAGE EVENT: Processing message wamid.HBgNMjM0ODAzMjMxNTY2MRUCABIYIEY0OEE4Q0IxMTE1Q0M5RDYwQTdGNTVCMEY4NDM4NEQzAA== for user: <sqlite3.Row object at 0x7fe7201c0bf0>
2025-07-08 11:38:55,174 - INFO - IMAGE EVENT: User state: selecting_quiz
2025-07-08 11:38:55,182 - INFO - IMAGE EVENT: Processing interactive message: {
  "type": "button_reply",
  "button_reply": {
    "id": "quiz",
    "title": "Start Quiz"
  }
}
2025-07-08 11:38:55,182 - INFO - IMAGE EVENT: Received button reply: id=quiz, text=Start Quiz
2025-07-08 11:38:55,182 - INFO - IMAGE EVENT: Handling other button response
2025-07-08 11:38:55,183 - INFO - IMAGE EVENT: Button/List response received: id=quiz, text=Start Quiz
2025-07-08 11:38:55,183 - INFO - IMAGE EVENT: Handling Start Quiz request for 2348032315661
2025-07-08 11:38:55,183 - INFO - IMAGE EVENT: Handling text message for 2348032315661: Start Quiz
2025-07-08 11:38:55,183 - INFO - IMAGE EVENT: Quiz selection initiated for 2348032315661 with message: Start Quiz
2025-07-08 11:38:55,530 - INFO - IMAGE EVENT: Full message content: {
  "context": {
    "from": "2349134774276",
    "id": "wamid.HBgNMjM0ODAzNTYxMzAwNBUCABEYEkYwOEI0MkM5OEE4MzA0MTMyMwA="
  },
  "from": "2348035613004",
  "id": "wamid.HBgNMjM0ODAzNTYxMzAwNBUCABIYIDIyNEY2REEwMzVERTJBMDY1QzU1MjQ1NzUxOUMyNzk2AA==",
  "timestamp": "1751974734",
  "type": "interactive",
  "interactive": {
    "type": "button_reply",
    "button_reply": {
      "id": "option_B",
      "title": "B"
    }
  }
}
2025-07-08 11:38:55,531 - INFO - IMAGE EVENT: Received message of type 'interactive' from 2348035613004
2025-07-08 11:38:55,531 - INFO - IMAGE EVENT: Processing message wamid.HBgNMjM0ODAzNTYxMzAwNBUCABIYIDIyNEY2REEwMzVERTJBMDY1QzU1MjQ1NzUxOUMyNzk2AA== for user: <sqlite3.Row object at 0x7fe720098790>
2025-07-08 11:38:55,532 - INFO - IMAGE EVENT: User state: quiz_4
2025-07-08 11:38:55,532 - INFO - IMAGE EVENT: Processing interactive message: {
  "type": "button_reply",
  "button_reply": {
    "id": "option_B",
    "title": "B"
  }
}
2025-07-08 11:38:55,532 - INFO - IMAGE EVENT: Received button reply: id=option_B, text=B
2025-07-08 11:38:55,532 - INFO - IMAGE EVENT: Handling other button response
2025-07-08 11:38:55,532 - INFO - IMAGE EVENT: Button/List response received: id=option_B, text=B
2025-07-08 11:38:55,533 - INFO - IMAGE EVENT: Unknown button/list response: option_B from 2348035613004
2025-07-08 11:38:55,533 - INFO - IMAGE EVENT: Handling text message for 2348035613004: B
2025-07-08 11:38:55,533 - INFO - IMAGE EVENT: Handling quiz response for 2348035613004: B
2025-07-08 11:38:55,533 - INFO - IMAGE EVENT: User 151 answered question 5 correctly
2025-07-08 11:38:55,534 - INFO - IMAGE EVENT: Inserted response for user 151: question 5, correct=1, quiz=quiz6
2025-07-08 11:38:55,800 - INFO - IMAGE EVENT: Preparing to send interactive message to 2348032315661
2025-07-08 11:38:55,800 - INFO - IMAGE EVENT: Preparing button message for 2348032315661
2025-07-08 11:38:55,800 - INFO - IMAGE EVENT: Sending request to WhatsApp API for 2348032315661
2025-07-08 11:38:55,801 - INFO - IMAGE EVENT: Request data: {
  "messaging_product": "whatsapp",
  "to": "2348032315661",
  "type": "interactive",
  "interactive": {
    "type": "button",
    "body": {
      "text": "What would you like to do?"
    },
    "action": {
      "buttons": [
        {
          "type": "reply",
          "reply": {
            "id": "quiz",
            "title": "Start Quiz"
          }
        }
      ]
    }
  }
}
2025-07-08 11:38:55,936 - INFO - IMAGE EVENT: Moving to next question. New index: 5
2025-07-08 11:38:55,937 - INFO - IMAGE EVENT: Finishing quiz quiz6 for user 151
2025-07-08 11:38:56,204 - INFO - IMAGE EVENT: Received response from WhatsApp API for 2348032315661 - Status: 200
2025-07-08 11:38:56,212 - INFO - IMAGE EVENT: Response content: {"messaging_product":"whatsapp","contacts":[{"input":"2348032315661","wa_id":"2348032315661"}],"messages":[{"id":"wamid.HBgNMjM0ODAzMjMxNTY2MRUCABEYEjA3NDEwRjYzMjUzRkIyREQxRgA="}]}
2025-07-08 11:38:56,261 - INFO - IMAGE EVENT: Successfully sent interactive message to 2348032315661
2025-07-08 11:38:56,374 - INFO - IMAGE EVENT: Database updated for user 151 after finishing quiz quiz6
2025-07-08 11:38:56,375 - INFO - IMAGE EVENT: Preparing to send interactive message to 2348035613004
2025-07-08 11:38:56,375 - INFO - IMAGE EVENT: Preparing button message for 2348035613004
2025-07-08 11:38:56,375 - INFO - IMAGE EVENT: Sending request to WhatsApp API for 2348035613004
2025-07-08 11:38:56,375 - INFO - IMAGE EVENT: Request data: {
  "messaging_product": "whatsapp",
  "to": "2348035613004",
  "type": "interactive",
  "interactive": {
    "type": "button",
    "body": {
      "text": "What would you like to do next?"
    },
    "action": {
      "buttons": [
        {
          "type": "reply",
          "reply": {
            "id": "quiz",
            "title": "Take Another Quiz"
          }
        },
        {
          "type": "reply",
          "reply": {
            "id": "records",
            "title": "Switch to Records"
          }
        },
        {
          "type": "reply",
          "reply": {
            "id": "ai_chat",
            "title": "Review Mistakes (AI)"
          }
        }
      ]
    }
  }
}
2025-07-08 11:38:56,773 - INFO - IMAGE EVENT: Received response from WhatsApp API for 2348035613004 - Status: 200
2025-07-08 11:38:56,778 - INFO - IMAGE EVENT: Response content: {"messaging_product":"whatsapp","contacts":[{"input":"2348035613004","wa_id":"2348035613004"}],"messages":[{"id":"wamid.HBgNMjM0ODAzNTYxMzAwNBUCABEYEkU2RjQyQzRGNEZBNkFFODM2MQA="}]}
2025-07-08 11:38:56,781 - INFO - IMAGE EVENT: Successfully sent interactive message to 2348035613004
2025-07-08 11:38:56,781 - INFO - IMAGE EVENT: Quiz quiz6 finished successfully for user 151
2025-07-08 11:39:01,362 - INFO - IMAGE EVENT: Full message content: {
  "context": {
    "from": "2349134774276",
    "id": "wamid.HBgNMjM0ODAzMjMxNTY2MRUCABEYEjA3NDEwRjYzMjUzRkIyREQxRgA="
  },
  "from": "2348032315661",
  "id": "wamid.HBgNMjM0ODAzMjMxNTY2MRUCABIYIDRCMjE1MkI0MTA1NDk2QjBEMEEzMjhENTAyRDUzNTUwAA==",
  "timestamp": "1751974740",
  "type": "interactive",
  "interactive": {
    "type": "button_reply",
    "button_reply": {
      "id": "quiz",
      "title": "Start Quiz"
    }
  }
}
2025-07-08 11:39:01,363 - INFO - IMAGE EVENT: Received message of type 'interactive' from 2348032315661
2025-07-08 11:39:01,364 - INFO - IMAGE EVENT: Processing message wamid.HBgNMjM0ODAzMjMxNTY2MRUCABIYIDRCMjE1MkI0MTA1NDk2QjBEMEEzMjhENTAyRDUzNTUwAA== for user: <sqlite3.Row object at 0x7fe7201c0690>
2025-07-08 11:39:01,364 - INFO - IMAGE EVENT: User state: selecting_quiz
2025-07-08 11:39:01,365 - INFO - IMAGE EVENT: Processing interactive message: {
  "type": "button_reply",
  "button_reply": {
    "id": "quiz",
    "title": "Start Quiz"
  }
}
2025-07-08 11:39:01,365 - INFO - IMAGE EVENT: Received button reply: id=quiz, text=Start Quiz
2025-07-08 11:39:01,365 - INFO - IMAGE EVENT: Handling other button response
2025-07-08 11:39:01,365 - INFO - IMAGE EVENT: Button/List response received: id=quiz, text=Start Quiz
2025-07-08 11:39:01,365 - INFO - IMAGE EVENT: Handling Start Quiz request for 2348032315661
2025-07-08 11:39:01,369 - INFO - IMAGE EVENT: Handling text message for 2348032315661: Start Quiz
2025-07-08 11:39:01,369 - INFO - IMAGE EVENT: Quiz selection initiated for 2348032315661 with message: Start Quiz
2025-07-08 11:39:01,796 - INFO - IMAGE EVENT: Preparing to send interactive message to 2348032315661
2025-07-08 11:39:01,796 - INFO - IMAGE EVENT: Preparing button message for 2348032315661
2025-07-08 11:39:01,796 - INFO - IMAGE EVENT: Sending request to WhatsApp API for 2348032315661
2025-07-08 11:39:01,797 - INFO - IMAGE EVENT: Request data: {
  "messaging_product": "whatsapp",
  "to": "2348032315661",
  "type": "interactive",
  "interactive": {
    "type": "button",
    "body": {
      "text": "What would you like to do?"
    },
    "action": {
      "buttons": [
        {
          "type": "reply",
          "reply": {
            "id": "quiz",
            "title": "Start Quiz"
          }
        }
      ]
    }
  }
}
2025-07-08 11:39:02,291 - INFO - IMAGE EVENT: Received response from WhatsApp API for 2348032315661 - Status: 200
2025-07-08 11:39:02,355 - INFO - IMAGE EVENT: Response content: {"messaging_product":"whatsapp","contacts":[{"input":"2348032315661","wa_id":"2348032315661"}],"messages":[{"id":"wamid.HBgNMjM0ODAzMjMxNTY2MRUCABEYEjQ2NTM5NENCRTQ1ODlDRjc4RgA="}]}
2025-07-08 11:39:02,356 - INFO - IMAGE EVENT: Successfully sent interactive message to 2348032315661
2025-07-08 11:39:03,458 - INFO - IMAGE EVENT: Full message content: {
  "from": "2348066154309",
  "id": "wamid.HBgNMjM0ODA2NjE1NDMwORUCABIYIDc2MzM4M0RDQjg2RDA5NkZCMEQ3RTk2NkFBRDAwQzRDAA==",
  "timestamp": "1751974742",
  "text": {
    "body": "Hi, this is empowerlocals, you can edit this intro message!"
  },
  "type": "text"
}
2025-07-08 11:39:03,459 - INFO - IMAGE EVENT: Received message of type 'text' from 2348066154309
2025-07-08 11:39:03,460 - INFO - IMAGE EVENT: Processing message wamid.HBgNMjM0ODA2NjE1NDMwORUCABIYIDc2MzM4M0RDQjg2RDA5NkZCMEQ3RTk2NkFBRDAwQzRDAA== for user: <sqlite3.Row object at 0x7fe7201c0d30>
2025-07-08 11:39:03,461 - INFO - IMAGE EVENT: User state: records
2025-07-08 11:39:03,461 - INFO - IMAGE EVENT: Received text message from 2348066154309: hi, this is empowerlocals, you can edit this intro message!
2025-07-08 11:39:03,461 - INFO - IMAGE EVENT: Handling text message for 2348066154309: hi, this is empowerlocals, you can edit this intro message!
2025-07-08 11:39:20,370 - INFO - IMAGE EVENT: Full message content: {
  "context": {
    "from": "2349134774276",
    "id": "wamid.HBgNMjM0NzAzODIyMjg3NxUCABEYEkVDRDk5MURBNkM4NTgxNjkzQwA="
  },
  "from": "2347038222877",
  "id": "wamid.HBgNMjM0NzAzODIyMjg3NxUCABIYIDYxRDNGQTM3QkRCMUE3QTIxNDVBREQwRjE0NjY0Mzc1AA==",
  "timestamp": "1751974759",
  "type": "interactive",
  "interactive": {
    "type": "list_reply",
    "list_reply": {
      "id": "quiz6 (1 incorrect)",
      "title": "quiz6"
    }
  }
}
2025-07-08 11:39:20,370 - INFO - IMAGE EVENT: Received message of type 'interactive' from 2347038222877
2025-07-08 11:39:20,371 - INFO - IMAGE EVENT: Processing message wamid.HBgNMjM0NzAzODIyMjg3NxUCABIYIDYxRDNGQTM3QkRCMUE3QTIxNDVBREQwRjE0NjY0Mzc1AA== for user: <sqlite3.Row object at 0x7fe7201c0650>
2025-07-08 11:39:20,372 - INFO - IMAGE EVENT: User state: reviewing_quiz
2025-07-08 11:39:20,372 - INFO - IMAGE EVENT: Processing interactive message: {
  "type": "list_reply",
  "list_reply": {
    "id": "quiz6 (1 incorrect)",
    "title": "quiz6"
  }
}
2025-07-08 11:39:20,372 - INFO - IMAGE EVENT: Received list selection: id=quiz6 (1 incorrect), title=quiz6
2025-07-08 11:39:20,372 - INFO - IMAGE EVENT: Button/List response received: id=quiz6 (1 incorrect), text=quiz6
2025-07-08 11:39:20,885 - INFO - IMAGE EVENT: Preparing to send interactive message to 2347038222877
2025-07-08 11:39:20,885 - INFO - IMAGE EVENT: Preparing button message for 2347038222877
2025-07-08 11:39:20,885 - INFO - IMAGE EVENT: Sending request to WhatsApp API for 2347038222877
2025-07-08 11:39:20,885 - INFO - IMAGE EVENT: Request data: {
  "messaging_product": "whatsapp",
  "to": "2347038222877",
  "type": "interactive",
  "interactive": {
    "type": "button",
    "body": {
      "text": "Would you like an explanation for this question?"
    },
    "action": {
      "buttons": [
        {
          "type": "reply",
          "reply": {
            "id": "explain_yes",
            "title": "Yes"
          }
        },
        {
          "type": "reply",
          "reply": {
            "id": "explain_no",
            "title": "No"
          }
        }
      ]
    }
  }
}
2025-07-08 11:39:21,465 - INFO - IMAGE EVENT: Received response from WhatsApp API for 2347038222877 - Status: 200
2025-07-08 11:39:21,468 - INFO - IMAGE EVENT: Response content: {"messaging_product":"whatsapp","contacts":[{"input":"2347038222877","wa_id":"2347038222877"}],"messages":[{"id":"wamid.HBgNMjM0NzAzODIyMjg3NxUCABEYEkM4ODU3RUExRkI5NjJFNDEwMwA="}]}
2025-07-08 11:39:21,468 - INFO - IMAGE EVENT: Successfully sent interactive message to 2347038222877
2025-07-08 11:39:50,483 - INFO - IMAGE EVENT: Full message content: {
  "from": "2348037210942",
  "id": "wamid.HBgNMjM0ODAzNzIxMDk0MhUCABIYIEY4RjY2OTU0NzNDNENDNkRFMzI3NzBEODEzMkIxQTc1AA==",
  "timestamp": "1751974789",
  "text": {
    "body": "Hi, this is empowerlocals, you can edit this intro message!"
  },
  "type": "text"
}
2025-07-08 11:39:50,483 - INFO - IMAGE EVENT: Received message of type 'text' from 2348037210942
2025-07-08 11:39:50,484 - INFO - IMAGE EVENT: Processing message wamid.HBgNMjM0ODAzNzIxMDk0MhUCABIYIEY4RjY2OTU0NzNDNENDNkRFMzI3NzBEODEzMkIxQTc1AA== for user: <sqlite3.Row object at 0x7fe7201c0d10>
2025-07-08 11:39:50,486 - INFO - IMAGE EVENT: User state: awaiting_choice
2025-07-08 11:39:50,486 - INFO - IMAGE EVENT: Received text message from 2348037210942: hi, this is empowerlocals, you can edit this intro message!
2025-07-08 11:39:50,486 - INFO - IMAGE EVENT: Handling text message for 2348037210942: hi, this is empowerlocals, you can edit this intro message!
2025-07-08 11:39:51,195 - INFO - IMAGE EVENT: Presenting main options to user 2348037210942
2025-07-08 11:39:51,195 - INFO - IMAGE EVENT: Preparing to send interactive message to 2348037210942
2025-07-08 11:39:51,195 - INFO - IMAGE EVENT: Preparing button message for 2348037210942
2025-07-08 11:39:51,196 - INFO - IMAGE EVENT: Sending request to WhatsApp API for 2348037210942
2025-07-08 11:39:51,196 - INFO - IMAGE EVENT: Request data: {
  "messaging_product": "whatsapp",
  "to": "2348037210942",
  "type": "interactive",
  "interactive": {
    "type": "button",
    "body": {
      "text": "What would you like to do next?"
    },
    "action": {
      "buttons": [
        {
          "type": "reply",
          "reply": {
            "id": "quiz",
            "title": "Start Quiz"
          }
        },
        {
          "type": "reply",
          "reply": {
            "id": "records",
            "title": "Record Keeping"
          }
        },
        {
          "type": "reply",
          "reply": {
            "id": "settings",
            "title": "Settings"
          }
        }
      ]
    }
  }
}
2025-07-08 11:39:51,748 - INFO - IMAGE EVENT: Received response from WhatsApp API for 2348037210942 - Status: 200
2025-07-08 11:39:51,749 - INFO - IMAGE EVENT: Response content: {"messaging_product":"whatsapp","contacts":[{"input":"2348037210942","wa_id":"2348037210942"}],"messages":[{"id":"wamid.HBgNMjM0ODAzNzIxMDk0MhUCABEYEkFDMEQzREFFQjIzNzQ5OUYyOAA="}]}
2025-07-08 11:39:51,749 - INFO - IMAGE EVENT: Successfully sent interactive message to 2348037210942
2025-07-08 11:39:52,675 - INFO - IMAGE EVENT: Full message content: {
  "context": {
    "from": "2349134774276",
    "id": "wamid.HBgNMjM0ODAzMjMxNTY2MRUCABEYEjZDRUFBRkJGRTlGNTg3RkY1OQA="
  },
  "from": "2348032315661",
  "id": "wamid.HBgNMjM0ODAzMjMxNTY2MRUCABIYIDkwM0VEOEIxNEI2QzVFRjU4Mzc3RUE1N0ZDOEEyMUE1AA==",
  "timestamp": "1751974792",
  "text": {
    "body": "I didn't have record"
  },
  "type": "text"
}
2025-07-08 11:39:52,675 - INFO - IMAGE EVENT: Received message of type 'text' from 2348032315661
2025-07-08 11:39:52,676 - INFO - IMAGE EVENT: Processing message wamid.HBgNMjM0ODAzMjMxNTY2MRUCABIYIDkwM0VEOEIxNEI2QzVFRjU4Mzc3RUE1N0ZDOEEyMUE1AA== for user: <sqlite3.Row object at 0x7fe7201c0e10>
2025-07-08 11:39:52,683 - INFO - IMAGE EVENT: User state: selecting_quiz
2025-07-08 11:39:52,683 - INFO - IMAGE EVENT: Received text message from 2348032315661: i didn't have record
2025-07-08 11:39:52,683 - INFO - IMAGE EVENT: Handling text message for 2348032315661: i didn't have record
2025-07-08 11:39:52,683 - INFO - IMAGE EVENT: Quiz selection initiated for 2348032315661 with message: i didn't have record
2025-07-08 11:39:53,817 - INFO - IMAGE EVENT: Preparing to send interactive message to 2348032315661
2025-07-08 11:39:53,818 - INFO - IMAGE EVENT: Preparing button message for 2348032315661
2025-07-08 11:39:53,818 - INFO - IMAGE EVENT: Sending request to WhatsApp API for 2348032315661
2025-07-08 11:39:53,818 - INFO - IMAGE EVENT: Request data: {
  "messaging_product": "whatsapp",
  "to": "2348032315661",
  "type": "interactive",
  "interactive": {
    "type": "button",
    "body": {
      "text": "What would you like to do?"
    },
    "action": {
      "buttons": [
        {
          "type": "reply",
          "reply": {
            "id": "quiz",
            "title": "Start Quiz"
          }
        }
      ]
    }
  }
}
2025-07-08 11:39:54,269 - INFO - IMAGE EVENT: Received response from WhatsApp API for 2348032315661 - Status: 200
2025-07-08 11:39:54,270 - INFO - IMAGE EVENT: Response content: {"messaging_product":"whatsapp","contacts":[{"input":"2348032315661","wa_id":"2348032315661"}],"messages":[{"id":"wamid.HBgNMjM0ODAzMjMxNTY2MRUCABEYEkM0MzQxQ0QyRjBGRkVFNzgzNgA="}]}
2025-07-08 11:39:54,270 - INFO - IMAGE EVENT: Successfully sent interactive message to 2348032315661
2025-07-08 11:39:57,170 - INFO - IMAGE EVENT: Full message content: {
  "context": {
    "from": "2349134774276",
    "id": "wamid.HBgNMjM0ODAyNjI3NTU1OBUCABEYEjA4MjMzQzAxMjcxM0ZEOTUwQwA="
  },
  "from": "2348026275558",
  "id": "wamid.HBgNMjM0ODAyNjI3NTU1OBUCABIYIDM2NkNBNjk4RTVFMDEyODQ3Njc4NTMzMjg2M0U5QThBAA==",
  "timestamp": "1751974796",
  "type": "interactive",
  "interactive": {
    "type": "button_reply",
    "button_reply": {
      "id": "option_B",
      "title": "B"
    }
  }
}
2025-07-08 11:39:57,171 - INFO - IMAGE EVENT: Received message of type 'interactive' from 2348026275558
2025-07-08 11:39:57,171 - INFO - IMAGE EVENT: Processing message wamid.HBgNMjM0ODAyNjI3NTU1OBUCABIYIDM2NkNBNjk4RTVFMDEyODQ3Njc4NTMzMjg2M0U5QThBAA== for user: <sqlite3.Row object at 0x7fe7201c0970>
2025-07-08 11:39:57,172 - INFO - IMAGE EVENT: User state: quiz_2
2025-07-08 11:39:57,172 - INFO - IMAGE EVENT: Processing interactive message: {
  "type": "button_reply",
  "button_reply": {
    "id": "option_B",
    "title": "B"
  }
}
2025-07-08 11:39:57,172 - INFO - IMAGE EVENT: Received button reply: id=option_B, text=B
2025-07-08 11:39:57,172 - INFO - IMAGE EVENT: Handling other button response
2025-07-08 11:39:57,172 - INFO - IMAGE EVENT: Button/List response received: id=option_B, text=B
2025-07-08 11:39:57,172 - INFO - IMAGE EVENT: Unknown button/list response: option_B from 2348026275558
2025-07-08 11:39:57,173 - INFO - IMAGE EVENT: Handling text message for 2348026275558: B
2025-07-08 11:39:57,173 - INFO - IMAGE EVENT: Handling quiz response for 2348026275558: B
2025-07-08 11:39:57,173 - INFO - IMAGE EVENT: User 164 answered question 3 correctly
2025-07-08 11:39:57,173 - INFO - IMAGE EVENT: Inserted response for user 164: question 3, correct=1, quiz=quiz6
2025-07-08 11:39:57,827 - INFO - IMAGE EVENT: Moving to next question. New index: 3
2025-07-08 11:39:57,852 - INFO - IMAGE EVENT: Preparing to send interactive message to 2348026275558
2025-07-08 11:39:57,852 - INFO - IMAGE EVENT: Preparing button message for 2348026275558
2025-07-08 11:39:57,852 - INFO - IMAGE EVENT: Sending request to WhatsApp API for 2348026275558
2025-07-08 11:39:57,852 - INFO - IMAGE EVENT: Request data: {
  "messaging_product": "whatsapp",
  "to": "2348026275558",
  "type": "interactive",
  "interactive": {
    "type": "button",
    "body": {
      "text": "Question 4 out of 5:\n\nHow should technology adoption be approached?\n\nA) Buy the most expensive option\nB) Ignore it completely\nC) Based on cost-benefit analysis\n"
    },
    "action": {
      "buttons": [
        {
          "type": "reply",
          "reply": {
            "id": "option_A",
            "title": "A"
          }
        },
        {
          "type": "reply",
          "reply": {
            "id": "option_B",
            "title": "B"
          }
        },
        {
          "type": "reply",
          "reply": {
            "id": "option_C",
            "title": "C"
          }
        }
      ]
    }
  }
}
2025-07-08 11:39:58,356 - INFO - IMAGE EVENT: Received response from WhatsApp API for 2348026275558 - Status: 200
2025-07-08 11:39:58,356 - INFO - IMAGE EVENT: Response content: {"messaging_product":"whatsapp","contacts":[{"input":"2348026275558","wa_id":"2348026275558"}],"messages":[{"id":"wamid.HBgNMjM0ODAyNjI3NTU1OBUCABEYEjQ2NTZCNDI2MDcwQkVEQUNFMQA="}]}
2025-07-08 11:39:58,356 - INFO - IMAGE EVENT: Successfully sent interactive message to 2348026275558
2025-07-08 11:40:02,088 - INFO - IMAGE EVENT: Full message content: {
  "context": {
    "from": "2349134774276",
    "id": "wamid.HBgNMjM0ODAzNzIxMDk0MhUCABEYEkFDMEQzREFFQjIzNzQ5OUYyOAA="
  },
  "from": "2348037210942",
  "id": "wamid.HBgNMjM0ODAzNzIxMDk0MhUCABIYIERCNTJBM0Q0RjYxODRFQTI2MTQ1QURDQURDQTc5OTM5AA==",
  "timestamp": "1751974801",
  "type": "interactive",
  "interactive": {
    "type": "button_reply",
    "button_reply": {
      "id": "quiz",
      "title": "Start Quiz"
    }
  }
}
2025-07-08 11:40:02,088 - INFO - IMAGE EVENT: Received message of type 'interactive' from 2348037210942
2025-07-08 11:40:02,089 - INFO - IMAGE EVENT: Processing message wamid.HBgNMjM0ODAzNzIxMDk0MhUCABIYIERCNTJBM0Q0RjYxODRFQTI2MTQ1QURDQURDQTc5OTM5AA== for user: <sqlite3.Row object at 0x7fe7201c02f0>
2025-07-08 11:40:02,089 - INFO - IMAGE EVENT: User state: main_menu
2025-07-08 11:40:02,090 - INFO - IMAGE EVENT: Processing interactive message: {
  "type": "button_reply",
  "button_reply": {
    "id": "quiz",
    "title": "Start Quiz"
  }
}
2025-07-08 11:40:02,090 - INFO - IMAGE EVENT: Received button reply: id=quiz, text=Start Quiz
2025-07-08 11:40:02,090 - INFO - IMAGE EVENT: Handling other button response
2025-07-08 11:40:02,171 - INFO - IMAGE EVENT: Button/List response received: id=quiz, text=Start Quiz
2025-07-08 11:40:02,171 - INFO - IMAGE EVENT: Handling Start Quiz request for 2348037210942
2025-07-08 11:40:02,171 - INFO - IMAGE EVENT: Handling text message for 2348037210942: Start Quiz
2025-07-08 11:40:02,172 - INFO - IMAGE EVENT: Quiz selection initiated for 2348037210942 with message: Start Quiz
2025-07-08 11:40:02,649 - INFO - IMAGE EVENT: Preparing to send interactive message to 2348037210942
2025-07-08 11:40:02,649 - INFO - IMAGE EVENT: Preparing button message for 2348037210942
2025-07-08 11:40:02,650 - INFO - IMAGE EVENT: Sending request to WhatsApp API for 2348037210942
2025-07-08 11:40:02,650 - INFO - IMAGE EVENT: Request data: {
  "messaging_product": "whatsapp",
  "to": "2348037210942",
  "type": "interactive",
  "interactive": {
    "type": "button",
    "body": {
      "text": "What would you like to do?"
    },
    "action": {
      "buttons": [
        {
          "type": "reply",
          "reply": {
            "id": "quiz",
            "title": "Start Quiz"
          }
        },
        {
          "type": "reply",
          "reply": {
            "id": "quiz6",
            "title": "Start quiz6"
          }
        }
      ]
    }
  }
}
2025-07-08 11:40:03,098 - INFO - IMAGE EVENT: Received response from WhatsApp API for 2348037210942 - Status: 200
2025-07-08 11:40:03,098 - INFO - IMAGE EVENT: Response content: {"messaging_product":"whatsapp","contacts":[{"input":"2348037210942","wa_id":"2348037210942"}],"messages":[{"id":"wamid.HBgNMjM0ODAzNzIxMDk0MhUCABEYEjQ1QkUwQzBBMERFN0MzN0UyRQA="}]}
2025-07-08 11:40:03,099 - INFO - IMAGE EVENT: Successfully sent interactive message to 2348037210942
2025-07-08 11:40:07,210 - INFO - IMAGE EVENT: Full message content: {
  "context": {
    "from": "2349134774276",
    "id": "wamid.HBgNMjM0ODAzNzIxMDk0MhUCABEYEjQ1QkUwQzBBMERFN0MzN0UyRQA="
  },
  "from": "2348037210942",
  "id": "wamid.HBgNMjM0ODAzNzIxMDk0MhUCABIYIDVEQjAzMTcxMTYyRUZEODBFMDY4NjQ4MEMzNkIyRjJDAA==",
  "timestamp": "1751974806",
  "type": "interactive",
  "interactive": {
    "type": "button_reply",
    "button_reply": {
      "id": "quiz6",
      "title": "Start quiz6"
    }
  }
}
2025-07-08 11:40:07,210 - INFO - IMAGE EVENT: Received message of type 'interactive' from 2348037210942
2025-07-08 11:40:07,211 - INFO - IMAGE EVENT: Processing message wamid.HBgNMjM0ODAzNzIxMDk0MhUCABIYIDVEQjAzMTcxMTYyRUZEODBFMDY4NjQ4MEMzNkIyRjJDAA== for user: <sqlite3.Row object at 0x7fe7201c0370>
2025-07-08 11:40:07,211 - INFO - IMAGE EVENT: User state: selecting_quiz
2025-07-08 11:40:07,211 - INFO - IMAGE EVENT: Processing interactive message: {
  "type": "button_reply",
  "button_reply": {
    "id": "quiz6",
    "title": "Start quiz6"
  }
}
2025-07-08 11:40:07,212 - INFO - IMAGE EVENT: Received button reply: id=quiz6, text=Start quiz6
2025-07-08 11:40:07,212 - INFO - IMAGE EVENT: Handling other button response
2025-07-08 11:40:07,212 - INFO - IMAGE EVENT: Button/List response received: id=quiz6, text=Start quiz6
2025-07-08 11:40:07,212 - INFO - IMAGE EVENT: Unknown button/list response: quiz6 from 2348037210942
2025-07-08 11:40:07,212 - INFO - IMAGE EVENT: Handling text message for 2348037210942: Start quiz6
2025-07-08 11:40:07,212 - INFO - IMAGE EVENT: Quiz selection initiated for 2348037210942 with message: Start quiz6
2025-07-08 11:40:07,219 - INFO - IMAGE EVENT: Starting quiz6 for user 149 at question 0
2025-07-08 11:40:07,219 - INFO - IMAGE EVENT: Preparing to send interactive message to 2348037210942
2025-07-08 11:40:07,219 - INFO - IMAGE EVENT: Preparing button message for 2348037210942
2025-07-08 11:40:07,219 - INFO - IMAGE EVENT: Sending request to WhatsApp API for 2348037210942
2025-07-08 11:40:07,220 - INFO - IMAGE EVENT: Request data: {
  "messaging_product": "whatsapp",
  "to": "2348037210942",
  "type": "interactive",
  "interactive": {
    "type": "button",
    "body": {
      "text": "Question 1 out of 5:\n\nWhat is operational management primarily concerned with?\n\nA) Marketing only\nB) Day-to-day business activities\nC) Yearly planning only\n"
    },
    "action": {
      "buttons": [
        {
          "type": "reply",
          "reply": {
            "id": "option_A",
            "title": "A"
          }
        },
        {
          "type": "reply",
          "reply": {
            "id": "option_B",
            "title": "B"
          }
        },
        {
          "type": "reply",
          "reply": {
            "id": "option_C",
            "title": "C"
          }
        }
      ]
    }
  }
}
2025-07-08 11:40:07,865 - INFO - IMAGE EVENT: Received response from WhatsApp API for 2348037210942 - Status: 200
2025-07-08 11:40:07,866 - INFO - IMAGE EVENT: Response content: {"messaging_product":"whatsapp","contacts":[{"input":"2348037210942","wa_id":"2348037210942"}],"messages":[{"id":"wamid.HBgNMjM0ODAzNzIxMDk0MhUCABEYEkI1M0I4Nzc5RUMxRjIxOTM1MgA="}]}
2025-07-08 11:40:07,954 - INFO - IMAGE EVENT: Successfully sent interactive message to 2348037210942
2025-07-08 11:40:18,756 - INFO - IMAGE EVENT: Full message content: {
  "context": {
    "from": "2349134774276",
    "id": "wamid.HBgNMjM0ODAzNzIxMDk0MhUCABEYEkI1M0I4Nzc5RUMxRjIxOTM1MgA="
  },
  "from": "2348037210942",
  "id": "wamid.HBgNMjM0ODAzNzIxMDk0MhUCABIYIEQyQTQ3MTkyOTE3MzdFQzhGRUZDMUM2NkQ4OUZFMDExAA==",
  "timestamp": "1751974817",
  "type": "interactive",
  "interactive": {
    "type": "button_reply",
    "button_reply": {
      "id": "option_B",
      "title": "B"
    }
  }
}
2025-07-08 11:40:18,757 - INFO - IMAGE EVENT: Received message of type 'interactive' from 2348037210942
2025-07-08 11:40:18,758 - INFO - IMAGE EVENT: Processing message wamid.HBgNMjM0ODAzNzIxMDk0MhUCABIYIEQyQTQ3MTkyOTE3MzdFQzhGRUZDMUM2NkQ4OUZFMDExAA== for user: <sqlite3.Row object at 0x7fe7201c0710>
2025-07-08 11:40:18,759 - INFO - IMAGE EVENT: User state: quiz_0
2025-07-08 11:40:18,759 - INFO - IMAGE EVENT: Processing interactive message: {
  "type": "button_reply",
  "button_reply": {
    "id": "option_B",
    "title": "B"
  }
}
2025-07-08 11:40:18,760 - INFO - IMAGE EVENT: Received button reply: id=option_B, text=B
2025-07-08 11:40:18,760 - INFO - IMAGE EVENT: Handling other button response
2025-07-08 11:40:18,760 - INFO - IMAGE EVENT: Button/List response received: id=option_B, text=B
2025-07-08 11:40:18,762 - INFO - IMAGE EVENT: Unknown button/list response: option_B from 2348037210942
2025-07-08 11:40:18,762 - INFO - IMAGE EVENT: Handling text message for 2348037210942: B
2025-07-08 11:40:18,762 - INFO - IMAGE EVENT: Handling quiz response for 2348037210942: B
2025-07-08 11:40:18,763 - INFO - IMAGE EVENT: User 149 answered question 1 correctly
2025-07-08 11:40:18,765 - INFO - IMAGE EVENT: Inserted response for user 149: question 1, correct=1, quiz=quiz6
2025-07-08 11:40:19,352 - INFO - IMAGE EVENT: Moving to next question. New index: 1
2025-07-08 11:40:19,368 - INFO - IMAGE EVENT: Preparing to send interactive message to 2348037210942
2025-07-08 11:40:19,368 - INFO - IMAGE EVENT: Preparing button message for 2348037210942
2025-07-08 11:40:19,369 - INFO - IMAGE EVENT: Sending request to WhatsApp API for 2348037210942
2025-07-08 11:40:19,369 - INFO - IMAGE EVENT: Request data: {
  "messaging_product": "whatsapp",
  "to": "2348037210942",
  "type": "interactive",
  "interactive": {
    "type": "button",
    "body": {
      "text": "Question 2 out of 5:\n\nWhich is a key component of supply chain management?\n\nA) Social media marketing\nB) Supplier relationships\nC) Employee salaries\n"
    },
    "action": {
      "buttons": [
        {
          "type": "reply",
          "reply": {
            "id": "option_A",
            "title": "A"
          }
        },
        {
          "type": "reply",
          "reply": {
            "id": "option_B",
            "title": "B"
          }
        },
        {
          "type": "reply",
          "reply": {
            "id": "option_C",
            "title": "C"
          }
        }
      ]
    }
  }
}
2025-07-08 11:40:19,863 - INFO - IMAGE EVENT: Received response from WhatsApp API for 2348037210942 - Status: 200
2025-07-08 11:40:19,864 - INFO - IMAGE EVENT: Response content: {"messaging_product":"whatsapp","contacts":[{"input":"2348037210942","wa_id":"2348037210942"}],"messages":[{"id":"wamid.HBgNMjM0ODAzNzIxMDk0MhUCABEYEkY1NjE1MjUxOTIxOTUwQzJCRAA="}]}
2025-07-08 11:40:19,959 - INFO - IMAGE EVENT: Successfully sent interactive message to 2348037210942
2025-07-08 11:40:28,059 - INFO - IMAGE EVENT: Full message content: {
  "context": {
    "from": "2349134774276",
    "id": "wamid.HBgNMjM0ODAzMjMxNTY2MRUCABEYEkM0MzQxQ0QyRjBGRkVFNzgzNgA="
  },
  "from": "2348032315661",
  "id": "wamid.HBgNMjM0ODAzMjMxNTY2MRUCABIYIENDQkJEQTBEQzBBQUYyREE3MTREMTU3MUMzRTFEMEZCAA==",
  "timestamp": "1751974827",
  "type": "interactive",
  "interactive": {
    "type": "button_reply",
    "button_reply": {
      "id": "quiz",
      "title": "Start Quiz"
    }
  }
}
2025-07-08 11:40:28,060 - INFO - IMAGE EVENT: Received message of type 'interactive' from 2348032315661
2025-07-08 11:40:28,065 - INFO - IMAGE EVENT: Processing message wamid.HBgNMjM0ODAzMjMxNTY2MRUCABIYIENDQkJEQTBEQzBBQUYyREE3MTREMTU3MUMzRTFEMEZCAA== for user: <sqlite3.Row object at 0x7fe7201c0370>
2025-07-08 11:40:28,065 - INFO - IMAGE EVENT: User state: selecting_quiz
2025-07-08 11:40:28,065 - INFO - IMAGE EVENT: Processing interactive message: {
  "type": "button_reply",
  "button_reply": {
    "id": "quiz",
    "title": "Start Quiz"
  }
}
2025-07-08 11:40:28,065 - INFO - IMAGE EVENT: Received button reply: id=quiz, text=Start Quiz
2025-07-08 11:40:28,069 - INFO - IMAGE EVENT: Handling other button response
2025-07-08 11:40:28,069 - INFO - IMAGE EVENT: Button/List response received: id=quiz, text=Start Quiz
2025-07-08 11:40:28,069 - INFO - IMAGE EVENT: Handling Start Quiz request for 2348032315661
2025-07-08 11:40:28,069 - INFO - IMAGE EVENT: Handling text message for 2348032315661: Start Quiz
2025-07-08 11:40:28,071 - INFO - IMAGE EVENT: Quiz selection initiated for 2348032315661 with message: Start Quiz
2025-07-08 11:40:28,515 - INFO - IMAGE EVENT: Preparing to send interactive message to 2348032315661
2025-07-08 11:40:28,515 - INFO - IMAGE EVENT: Preparing button message for 2348032315661
2025-07-08 11:40:28,515 - INFO - IMAGE EVENT: Sending request to WhatsApp API for 2348032315661
2025-07-08 11:40:28,515 - INFO - IMAGE EVENT: Request data: {
  "messaging_product": "whatsapp",
  "to": "2348032315661",
  "type": "interactive",
  "interactive": {
    "type": "button",
    "body": {
      "text": "What would you like to do?"
    },
    "action": {
      "buttons": [
        {
          "type": "reply",
          "reply": {
            "id": "quiz",
            "title": "Start Quiz"
          }
        }
      ]
    }
  }
}
2025-07-08 11:40:29,056 - INFO - IMAGE EVENT: Received response from WhatsApp API for 2348032315661 - Status: 200
2025-07-08 11:40:29,060 - INFO - IMAGE EVENT: Response content: {"messaging_product":"whatsapp","contacts":[{"input":"2348032315661","wa_id":"2348032315661"}],"messages":[{"id":"wamid.HBgNMjM0ODAzMjMxNTY2MRUCABEYEjg2NEJCRENENTY3RDVCOTVGRAA="}]}
2025-07-08 11:40:29,060 - INFO - IMAGE EVENT: Successfully sent interactive message to 2348032315661
2025-07-08 11:40:44,613 - INFO - IMAGE EVENT: Full message content: {
  "context": {
    "from": "2349134774276",
    "id": "wamid.HBgNMjM0ODAzNzIxMDk0MhUCABEYEkY1NjE1MjUxOTIxOTUwQzJCRAA="
  },
  "from": "2348037210942",
  "id": "wamid.HBgNMjM0ODAzNzIxMDk0MhUCABIYIDY1ODA4MENCRjVDNjVFRDgwN0Q0NUQ4MDAzMUY5OUI3AA==",
  "timestamp": "1751974843",
  "type": "interactive",
  "interactive": {
    "type": "button_reply",
    "button_reply": {
      "id": "option_B",
      "title": "B"
    }
  }
}
2025-07-08 11:40:44,613 - INFO - IMAGE EVENT: Received message of type 'interactive' from 2348037210942
2025-07-08 11:40:44,614 - INFO - IMAGE EVENT: Processing message wamid.HBgNMjM0ODAzNzIxMDk0MhUCABIYIDY1ODA4MENCRjVDNjVFRDgwN0Q0NUQ4MDAzMUY5OUI3AA== for user: <sqlite3.Row object at 0x7fe7201c08f0>
2025-07-08 11:40:44,614 - INFO - IMAGE EVENT: User state: quiz_1
2025-07-08 11:40:44,614 - INFO - IMAGE EVENT: Processing interactive message: {
  "type": "button_reply",
  "button_reply": {
    "id": "option_B",
    "title": "B"
  }
}
2025-07-08 11:40:44,614 - INFO - IMAGE EVENT: Received button reply: id=option_B, text=B
2025-07-08 11:40:44,614 - INFO - IMAGE EVENT: Handling other button response
2025-07-08 11:40:44,615 - INFO - IMAGE EVENT: Button/List response received: id=option_B, text=B
2025-07-08 11:40:44,615 - INFO - IMAGE EVENT: Unknown button/list response: option_B from 2348037210942
2025-07-08 11:40:44,615 - INFO - IMAGE EVENT: Handling text message for 2348037210942: B
2025-07-08 11:40:44,616 - INFO - IMAGE EVENT: Handling quiz response for 2348037210942: B
2025-07-08 11:40:44,616 - INFO - IMAGE EVENT: User 149 answered question 2 correctly
2025-07-08 11:40:44,616 - INFO - IMAGE EVENT: Inserted response for user 149: question 2, correct=1, quiz=quiz6
2025-07-08 11:40:45,169 - INFO - IMAGE EVENT: Moving to next question. New index: 2
2025-07-08 11:40:45,183 - INFO - IMAGE EVENT: Preparing to send interactive message to 2348037210942
2025-07-08 11:40:45,183 - INFO - IMAGE EVENT: Preparing button message for 2348037210942
2025-07-08 11:40:45,183 - INFO - IMAGE EVENT: Sending request to WhatsApp API for 2348037210942
2025-07-08 11:40:45,183 - INFO - IMAGE EVENT: Request data: {
  "messaging_product": "whatsapp",
  "to": "2348037210942",
  "type": "interactive",
  "interactive": {
    "type": "button",
    "body": {
      "text": "Question 3 out of 5:\n\nWhat is the first step in process mapping?\n\nA) Hiring staff\nB) Identifying core processes\nC) Buying equipment\n"
    },
    "action": {
      "buttons": [
        {
          "type": "reply",
          "reply": {
            "id": "option_A",
            "title": "A"
          }
        },
        {
          "type": "reply",
          "reply": {
            "id": "option_B",
            "title": "B"
          }
        },
        {
          "type": "reply",
          "reply": {
            "id": "option_C",
            "title": "C"
          }
        }
      ]
    }
  }
}
2025-07-08 11:40:45,661 - INFO - IMAGE EVENT: Received response from WhatsApp API for 2348037210942 - Status: 200
2025-07-08 11:40:45,665 - INFO - IMAGE EVENT: Response content: {"messaging_product":"whatsapp","contacts":[{"input":"2348037210942","wa_id":"2348037210942"}],"messages":[{"id":"wamid.HBgNMjM0ODAzNzIxMDk0MhUCABEYEjVENEFFRENGRkFGRDE0MEU2QgA="}]}
2025-07-08 11:40:45,665 - INFO - IMAGE EVENT: Successfully sent interactive message to 2348037210942
2025-07-08 11:40:51,399 - INFO - IMAGE EVENT: Full message content: {
  "from": "2348032315661",
  "id": "wamid.HBgNMjM0ODAzMjMxNTY2MRUCABIYIEMxQUVCQjc3RkZEQzRENUQ1MTI1RDg1NTEyODI0NURGAA==",
  "timestamp": "1751974850",
  "text": {
    "body": "Am I done for today"
  },
  "type": "text"
}
2025-07-08 11:40:51,399 - INFO - IMAGE EVENT: Received message of type 'text' from 2348032315661
2025-07-08 11:40:51,400 - INFO - IMAGE EVENT: Processing message wamid.HBgNMjM0ODAzMjMxNTY2MRUCABIYIEMxQUVCQjc3RkZEQzRENUQ1MTI1RDg1NTEyODI0NURGAA== for user: <sqlite3.Row object at 0x7fe7201c08f0>
2025-07-08 11:40:51,400 - INFO - IMAGE EVENT: User state: selecting_quiz
2025-07-08 11:40:51,400 - INFO - IMAGE EVENT: Received text message from 2348032315661: am i done for today
2025-07-08 11:40:51,400 - INFO - IMAGE EVENT: Handling text message for 2348032315661: am i done for today
2025-07-08 11:40:51,401 - INFO - IMAGE EVENT: Quiz selection initiated for 2348032315661 with message: am i done for today
2025-07-08 11:40:52,463 - INFO - IMAGE EVENT: Preparing to send interactive message to 2348032315661
2025-07-08 11:40:52,463 - INFO - IMAGE EVENT: Preparing button message for 2348032315661
2025-07-08 11:40:52,463 - INFO - IMAGE EVENT: Sending request to WhatsApp API for 2348032315661
2025-07-08 11:40:52,464 - INFO - IMAGE EVENT: Request data: {
  "messaging_product": "whatsapp",
  "to": "2348032315661",
  "type": "interactive",
  "interactive": {
    "type": "button",
    "body": {
      "text": "What would you like to do?"
    },
    "action": {
      "buttons": [
        {
          "type": "reply",
          "reply": {
            "id": "quiz",
            "title": "Start Quiz"
          }
        }
      ]
    }
  }
}
2025-07-08 11:40:52,930 - INFO - IMAGE EVENT: Received response from WhatsApp API for 2348032315661 - Status: 200
2025-07-08 11:40:52,956 - INFO - IMAGE EVENT: Response content: {"messaging_product":"whatsapp","contacts":[{"input":"2348032315661","wa_id":"2348032315661"}],"messages":[{"id":"wamid.HBgNMjM0ODAzMjMxNTY2MRUCABEYEjk4Qzc5RDlFNTRFQTgzODhCRgA="}]}
2025-07-08 11:40:52,957 - INFO - IMAGE EVENT: Successfully sent interactive message to 2348032315661
2025-07-08 11:41:00,474 - INFO - IMAGE EVENT: Full message content: {
  "context": {
    "from": "2349134774276",
    "id": "wamid.HBgNMjM0ODAzNzIxMDk0MhUCABEYEjVENEFFRENGRkFGRDE0MEU2QgA="
  },
  "from": "2348037210942",
  "id": "wamid.HBgNMjM0ODAzNzIxMDk0MhUCABIYIEI0RTA3N0NCMTUxMkFGQ0Y5MjIxMjQ5MEQxQjJFQUQ2AA==",
  "timestamp": "1751974859",
  "type": "interactive",
  "interactive": {
    "type": "button_reply",
    "button_reply": {
      "id": "option_B",
      "title": "B"
    }
  }
}
2025-07-08 11:41:00,475 - INFO - IMAGE EVENT: Received message of type 'interactive' from 2348037210942
2025-07-08 11:41:00,477 - INFO - IMAGE EVENT: Processing message wamid.HBgNMjM0ODAzNzIxMDk0MhUCABIYIEI0RTA3N0NCMTUxMkFGQ0Y5MjIxMjQ5MEQxQjJFQUQ2AA== for user: <sqlite3.Row object at 0x7fe7201c0eb0>
2025-07-08 11:41:00,477 - INFO - IMAGE EVENT: User state: quiz_2
2025-07-08 11:41:00,479 - INFO - IMAGE EVENT: Processing interactive message: {
  "type": "button_reply",
  "button_reply": {
    "id": "option_B",
    "title": "B"
  }
}
2025-07-08 11:41:00,479 - INFO - IMAGE EVENT: Received button reply: id=option_B, text=B
2025-07-08 11:41:00,480 - INFO - IMAGE EVENT: Handling other button response
2025-07-08 11:41:00,480 - INFO - IMAGE EVENT: Button/List response received: id=option_B, text=B
2025-07-08 11:41:00,481 - INFO - IMAGE EVENT: Unknown button/list response: option_B from 2348037210942
2025-07-08 11:41:00,481 - INFO - IMAGE EVENT: Handling text message for 2348037210942: B
2025-07-08 11:41:00,481 - INFO - IMAGE EVENT: Handling quiz response for 2348037210942: B
2025-07-08 11:41:00,482 - INFO - IMAGE EVENT: User 149 answered question 3 correctly
2025-07-08 11:41:00,486 - INFO - IMAGE EVENT: Inserted response for user 149: question 3, correct=1, quiz=quiz6
2025-07-08 11:41:00,574 - INFO - IMAGE EVENT: Full message content: {
  "context": {
    "from": "2349134774276",
    "id": "wamid.HBgNMjM0ODAyNjI3NTU1OBUCABEYEjQ2NTZCNDI2MDcwQkVEQUNFMQA="
  },
  "from": "2348026275558",
  "id": "wamid.HBgNMjM0ODAyNjI3NTU1OBUCABIYIDQ5REQ1OEIxRDJFM0E3QURFNDkyRkIzQzQwNTE5REZDAA==",
  "timestamp": "1751974859",
  "type": "interactive",
  "interactive": {
    "type": "button_reply",
    "button_reply": {
      "id": "option_C",
      "title": "C"
    }
  }
}
2025-07-08 11:41:00,578 - INFO - IMAGE EVENT: Received message of type 'interactive' from 2348026275558
2025-07-08 11:41:00,579 - INFO - IMAGE EVENT: Processing message wamid.HBgNMjM0ODAyNjI3NTU1OBUCABIYIDQ5REQ1OEIxRDJFM0E3QURFNDkyRkIzQzQwNTE5REZDAA== for user: <sqlite3.Row object at 0x7fe720098610>
2025-07-08 11:41:00,579 - INFO - IMAGE EVENT: User state: quiz_3
2025-07-08 11:41:00,579 - INFO - IMAGE EVENT: Processing interactive message: {
  "type": "button_reply",
  "button_reply": {
    "id": "option_C",
    "title": "C"
  }
}
2025-07-08 11:41:00,580 - INFO - IMAGE EVENT: Received button reply: id=option_C, text=C
2025-07-08 11:41:00,580 - INFO - IMAGE EVENT: Handling other button response
2025-07-08 11:41:00,580 - INFO - IMAGE EVENT: Button/List response received: id=option_C, text=C
2025-07-08 11:41:00,580 - INFO - IMAGE EVENT: Unknown button/list response: option_C from 2348026275558
2025-07-08 11:41:00,580 - INFO - IMAGE EVENT: Handling text message for 2348026275558: C
2025-07-08 11:41:00,581 - INFO - IMAGE EVENT: Handling quiz response for 2348026275558: C
2025-07-08 11:41:00,581 - INFO - IMAGE EVENT: User 164 answered question 4 correctly
2025-07-08 11:41:01,107 - INFO - IMAGE EVENT: Moving to next question. New index: 3
2025-07-08 11:41:01,161 - INFO - IMAGE EVENT: Preparing to send interactive message to 2348037210942
2025-07-08 11:41:01,161 - INFO - IMAGE EVENT: Preparing button message for 2348037210942
2025-07-08 11:41:01,162 - INFO - IMAGE EVENT: Sending request to WhatsApp API for 2348037210942
2025-07-08 11:41:01,162 - INFO - IMAGE EVENT: Request data: {
  "messaging_product": "whatsapp",
  "to": "2348037210942",
  "type": "interactive",
  "interactive": {
    "type": "button",
    "body": {
      "text": "Question 4 out of 5:\n\nHow should technology adoption be approached?\n\nA) Buy the most expensive option\nB) Ignore it completely\nC) Based on cost-benefit analysis\n"
    },
    "action": {
      "buttons": [
        {
          "type": "reply",
          "reply": {
            "id": "option_A",
            "title": "A"
          }
        },
        {
          "type": "reply",
          "reply": {
            "id": "option_B",
            "title": "B"
          }
        },
        {
          "type": "reply",
          "reply": {
            "id": "option_C",
            "title": "C"
          }
        }
      ]
    }
  }
}
2025-07-08 11:41:01,221 - INFO - IMAGE EVENT: Inserted response for user 164: question 4, correct=1, quiz=quiz6
2025-07-08 11:41:01,654 - INFO - IMAGE EVENT: Moving to next question. New index: 4
2025-07-08 11:41:01,671 - INFO - IMAGE EVENT: Received response from WhatsApp API for 2348037210942 - Status: 200
2025-07-08 11:41:01,690 - INFO - IMAGE EVENT: Preparing to send interactive message to 2348026275558
2025-07-08 11:41:01,691 - INFO - IMAGE EVENT: Response content: {"messaging_product":"whatsapp","contacts":[{"input":"2348037210942","wa_id":"2348037210942"}],"messages":[{"id":"wamid.HBgNMjM0ODAzNzIxMDk0MhUCABEYEjQwQkQzMkQzMkZBODEyMTg2RQA="}]}
2025-07-08 11:41:01,691 - INFO - IMAGE EVENT: Preparing button message for 2348026275558
2025-07-08 11:41:01,694 - INFO - IMAGE EVENT: Successfully sent interactive message to 2348037210942
2025-07-08 11:41:01,695 - INFO - IMAGE EVENT: Sending request to WhatsApp API for 2348026275558
2025-07-08 11:41:01,696 - INFO - IMAGE EVENT: Request data: {
  "messaging_product": "whatsapp",
  "to": "2348026275558",
  "type": "interactive",
  "interactive": {
    "type": "button",
    "body": {
      "text": "Question 5 out of 5:\n\nWhat is the primary goal of quality control?\n\nA) Increasing prices\nB) Maintaining standards\nC) Reducing staff\n"
    },
    "action": {
      "buttons": [
        {
          "type": "reply",
          "reply": {
            "id": "option_A",
            "title": "A"
          }
        },
        {
          "type": "reply",
          "reply": {
            "id": "option_B",
            "title": "B"
          }
        },
        {
          "type": "reply",
          "reply": {
            "id": "option_C",
            "title": "C"
          }
        }
      ]
    }
  }
}
2025-07-08 11:41:02,272 - INFO - IMAGE EVENT: Received response from WhatsApp API for 2348026275558 - Status: 200
2025-07-08 11:41:02,272 - INFO - IMAGE EVENT: Response content: {"messaging_product":"whatsapp","contacts":[{"input":"2348026275558","wa_id":"2348026275558"}],"messages":[{"id":"wamid.HBgNMjM0ODAyNjI3NTU1OBUCABEYEjc2Q0JBQzAzQzQxNTdCNzk3MwA="}]}
2025-07-08 11:41:02,272 - INFO - IMAGE EVENT: Successfully sent interactive message to 2348026275558
2025-07-08 11:41:13,100 - INFO - IMAGE EVENT: Full message content: {
  "context": {
    "from": "2349134774276",
    "id": "wamid.HBgNMjM0ODAzNzIxMDk0MhUCABEYEjQwQkQzMkQzMkZBODEyMTg2RQA="
  },
  "from": "2348037210942",
  "id": "wamid.HBgNMjM0ODAzNzIxMDk0MhUCABIYIDkwQjg1QUUxMDBDRDgwREQxOTczNTk0NzY5NEY0RUMyAA==",
  "timestamp": "1751974872",
  "type": "interactive",
  "interactive": {
    "type": "button_reply",
    "button_reply": {
      "id": "option_C",
      "title": "C"
    }
  }
}
2025-07-08 11:41:13,100 - INFO - IMAGE EVENT: Received message of type 'interactive' from 2348037210942
2025-07-08 11:41:13,101 - INFO - IMAGE EVENT: Processing message wamid.HBgNMjM0ODAzNzIxMDk0MhUCABIYIDkwQjg1QUUxMDBDRDgwREQxOTczNTk0NzY5NEY0RUMyAA== for user: <sqlite3.Row object at 0x7fe7201c0e90>
2025-07-08 11:41:13,101 - INFO - IMAGE EVENT: User state: quiz_3
2025-07-08 11:41:13,101 - INFO - IMAGE EVENT: Processing interactive message: {
  "type": "button_reply",
  "button_reply": {
    "id": "option_C",
    "title": "C"
  }
}
2025-07-08 11:41:13,101 - INFO - IMAGE EVENT: Received button reply: id=option_C, text=C
2025-07-08 11:41:13,101 - INFO - IMAGE EVENT: Handling other button response
2025-07-08 11:41:13,102 - INFO - IMAGE EVENT: Button/List response received: id=option_C, text=C
2025-07-08 11:41:13,102 - INFO - IMAGE EVENT: Unknown button/list response: option_C from 2348037210942
2025-07-08 11:41:13,168 - INFO - IMAGE EVENT: Handling text message for 2348037210942: C
2025-07-08 11:41:13,168 - INFO - IMAGE EVENT: Handling quiz response for 2348037210942: C
2025-07-08 11:41:13,168 - INFO - IMAGE EVENT: User 149 answered question 4 correctly
2025-07-08 11:41:13,175 - INFO - IMAGE EVENT: Inserted response for user 149: question 4, correct=1, quiz=quiz6
2025-07-08 11:41:13,728 - INFO - IMAGE EVENT: Moving to next question. New index: 4
2025-07-08 11:41:13,770 - INFO - IMAGE EVENT: Preparing to send interactive message to 2348037210942
2025-07-08 11:41:13,771 - INFO - IMAGE EVENT: Preparing button message for 2348037210942
2025-07-08 11:41:13,771 - INFO - IMAGE EVENT: Sending request to WhatsApp API for 2348037210942
2025-07-08 11:41:13,771 - INFO - IMAGE EVENT: Request data: {
  "messaging_product": "whatsapp",
  "to": "2348037210942",
  "type": "interactive",
  "interactive": {
    "type": "button",
    "body": {
      "text": "Question 5 out of 5:\n\nWhat is the primary goal of quality control?\n\nA) Increasing prices\nB) Maintaining standards\nC) Reducing staff\n"
    },
    "action": {
      "buttons": [
        {
          "type": "reply",
          "reply": {
            "id": "option_A",
            "title": "A"
          }
        },
        {
          "type": "reply",
          "reply": {
            "id": "option_B",
            "title": "B"
          }
        },
        {
          "type": "reply",
          "reply": {
            "id": "option_C",
            "title": "C"
          }
        }
      ]
    }
  }
}
2025-07-08 11:41:14,267 - INFO - IMAGE EVENT: Received response from WhatsApp API for 2348037210942 - Status: 200
2025-07-08 11:41:14,268 - INFO - IMAGE EVENT: Response content: {"messaging_product":"whatsapp","contacts":[{"input":"2348037210942","wa_id":"2348037210942"}],"messages":[{"id":"wamid.HBgNMjM0ODAzNzIxMDk0MhUCABEYEjU1Mjk4Qjk1Qjg4RkEyOUFGMAA="}]}
2025-07-08 11:41:14,268 - INFO - IMAGE EVENT: Successfully sent interactive message to 2348037210942
2025-07-08 11:41:31,083 - INFO - IMAGE EVENT: Full message content: {
  "context": {
    "from": "2349134774276",
    "id": "wamid.HBgNMjM0ODAzNzIxMDk0MhUCABEYEjU1Mjk4Qjk1Qjg4RkEyOUFGMAA="
  },
  "from": "2348037210942",
  "id": "wamid.HBgNMjM0ODAzNzIxMDk0MhUCABIYIDhEOTk3MDU4MTFCMjI0MUM5MTMxNzdBMENBOEMwNUI3AA==",
  "timestamp": "1751974890",
  "type": "interactive",
  "interactive": {
    "type": "button_reply",
    "button_reply": {
      "id": "option_B",
      "title": "B"
    }
  }
}
2025-07-08 11:41:31,083 - INFO - IMAGE EVENT: Received message of type 'interactive' from 2348037210942
2025-07-08 11:41:31,084 - INFO - IMAGE EVENT: Processing message wamid.HBgNMjM0ODAzNzIxMDk0MhUCABIYIDhEOTk3MDU4MTFCMjI0MUM5MTMxNzdBMENBOEMwNUI3AA== for user: <sqlite3.Row object at 0x7fe7201c0e90>
2025-07-08 11:41:31,084 - INFO - IMAGE EVENT: User state: quiz_4
2025-07-08 11:41:31,084 - INFO - IMAGE EVENT: Processing interactive message: {
  "type": "button_reply",
  "button_reply": {
    "id": "option_B",
    "title": "B"
  }
}
2025-07-08 11:41:31,084 - INFO - IMAGE EVENT: Received button reply: id=option_B, text=B
2025-07-08 11:41:31,084 - INFO - IMAGE EVENT: Handling other button response
2025-07-08 11:41:31,084 - INFO - IMAGE EVENT: Button/List response received: id=option_B, text=B
2025-07-08 11:41:31,085 - INFO - IMAGE EVENT: Unknown button/list response: option_B from 2348037210942
2025-07-08 11:41:31,085 - INFO - IMAGE EVENT: Handling text message for 2348037210942: B
2025-07-08 11:41:31,085 - INFO - IMAGE EVENT: Handling quiz response for 2348037210942: B
2025-07-08 11:41:31,085 - INFO - IMAGE EVENT: User 149 answered question 5 correctly
2025-07-08 11:41:31,157 - INFO - IMAGE EVENT: Inserted response for user 149: question 5, correct=1, quiz=quiz6
2025-07-08 11:41:31,642 - INFO - IMAGE EVENT: Moving to next question. New index: 5
2025-07-08 11:41:31,642 - INFO - IMAGE EVENT: Finishing quiz quiz6 for user 149
2025-07-08 11:41:32,178 - INFO - IMAGE EVENT: Database updated for user 149 after finishing quiz quiz6
2025-07-08 11:41:32,178 - INFO - IMAGE EVENT: Preparing to send interactive message to 2348037210942
2025-07-08 11:41:32,178 - INFO - IMAGE EVENT: Preparing button message for 2348037210942
2025-07-08 11:41:32,178 - INFO - IMAGE EVENT: Sending request to WhatsApp API for 2348037210942
2025-07-08 11:41:32,179 - INFO - IMAGE EVENT: Request data: {
  "messaging_product": "whatsapp",
  "to": "2348037210942",
  "type": "interactive",
  "interactive": {
    "type": "button",
    "body": {
      "text": "What would you like to do next?"
    },
    "action": {
      "buttons": [
        {
          "type": "reply",
          "reply": {
            "id": "quiz",
            "title": "Take Another Quiz"
          }
        },
        {
          "type": "reply",
          "reply": {
            "id": "records",
            "title": "Switch to Records"
          }
        },
        {
          "type": "reply",
          "reply": {
            "id": "ai_chat",
            "title": "Review Mistakes (AI)"
          }
        }
      ]
    }
  }
}
2025-07-08 11:41:32,765 - INFO - IMAGE EVENT: Received response from WhatsApp API for 2348037210942 - Status: 200
2025-07-08 11:41:32,855 - INFO - IMAGE EVENT: Response content: {"messaging_product":"whatsapp","contacts":[{"input":"2348037210942","wa_id":"2348037210942"}],"messages":[{"id":"wamid.HBgNMjM0ODAzNzIxMDk0MhUCABEYEkI0OUUyNTM5N0JGMkQwMUQxRgA="}]}
2025-07-08 11:41:32,856 - INFO - IMAGE EVENT: Successfully sent interactive message to 2348037210942
2025-07-08 11:41:32,856 - INFO - IMAGE EVENT: Quiz quiz6 finished successfully for user 149
2025-07-08 11:41:51,951 - INFO - IMAGE EVENT: Full message content: {
  "context": {
    "from": "2349134774276",
    "id": "wamid.HBgNMjM0ODAyNjI3NTU1OBUCABEYEjc2Q0JBQzAzQzQxNTdCNzk3MwA="
  },
  "from": "2348026275558",
  "id": "wamid.HBgNMjM0ODAyNjI3NTU1OBUCABIYIDM2OEFCNzI0NUU3QzFDQzY2NDBCQzc3MTYwMTdDREZDAA==",
  "timestamp": "1751974911",
  "type": "interactive",
  "interactive": {
    "type": "button_reply",
    "button_reply": {
      "id": "option_B",
      "title": "B"
    }
  }
}
2025-07-08 11:41:51,951 - INFO - IMAGE EVENT: Received message of type 'interactive' from 2348026275558
2025-07-08 11:41:51,951 - INFO - IMAGE EVENT: Processing message wamid.HBgNMjM0ODAyNjI3NTU1OBUCABIYIDM2OEFCNzI0NUU3QzFDQzY2NDBCQzc3MTYwMTdDREZDAA== for user: <sqlite3.Row object at 0x7fe7201c0cb0>
2025-07-08 11:41:51,952 - INFO - IMAGE EVENT: User state: quiz_4
2025-07-08 11:41:51,952 - INFO - IMAGE EVENT: Processing interactive message: {
  "type": "button_reply",
  "button_reply": {
    "id": "option_B",
    "title": "B"
  }
}
2025-07-08 11:41:51,952 - INFO - IMAGE EVENT: Received button reply: id=option_B, text=B
2025-07-08 11:41:51,952 - INFO - IMAGE EVENT: Handling other button response
2025-07-08 11:41:51,952 - INFO - IMAGE EVENT: Button/List response received: id=option_B, text=B
2025-07-08 11:41:51,952 - INFO - IMAGE EVENT: Unknown button/list response: option_B from 2348026275558
2025-07-08 11:41:51,952 - INFO - IMAGE EVENT: Handling text message for 2348026275558: B
2025-07-08 11:41:51,952 - INFO - IMAGE EVENT: Handling quiz response for 2348026275558: B
2025-07-08 11:41:51,952 - INFO - IMAGE EVENT: User 164 answered question 5 correctly
2025-07-08 11:41:51,962 - INFO - IMAGE EVENT: Inserted response for user 164: question 5, correct=1, quiz=quiz6
2025-07-08 11:41:52,554 - INFO - IMAGE EVENT: Moving to next question. New index: 5
2025-07-08 11:41:52,555 - INFO - IMAGE EVENT: Finishing quiz quiz6 for user 164
2025-07-08 11:41:53,076 - INFO - IMAGE EVENT: Database updated for user 164 after finishing quiz quiz6
2025-07-08 11:41:53,076 - INFO - IMAGE EVENT: Preparing to send interactive message to 2348026275558
2025-07-08 11:41:53,076 - INFO - IMAGE EVENT: Preparing button message for 2348026275558
2025-07-08 11:41:53,077 - INFO - IMAGE EVENT: Sending request to WhatsApp API for 2348026275558
2025-07-08 11:41:53,077 - INFO - IMAGE EVENT: Request data: {
  "messaging_product": "whatsapp",
  "to": "2348026275558",
  "type": "interactive",
  "interactive": {
    "type": "button",
    "body": {
      "text": "What would you like to do next?"
    },
    "action": {
      "buttons": [
        {
          "type": "reply",
          "reply": {
            "id": "quiz",
            "title": "Take Another Quiz"
          }
        },
        {
          "type": "reply",
          "reply": {
            "id": "records",
            "title": "Switch to Records"
          }
        },
        {
          "type": "reply",
          "reply": {
            "id": "ai_chat",
            "title": "Review Mistakes (AI)"
          }
        }
      ]
    }
  }
}
2025-07-08 11:41:53,517 - INFO - IMAGE EVENT: Received response from WhatsApp API for 2348026275558 - Status: 200
2025-07-08 11:41:53,518 - INFO - IMAGE EVENT: Response content: {"messaging_product":"whatsapp","contacts":[{"input":"2348026275558","wa_id":"2348026275558"}],"messages":[{"id":"wamid.HBgNMjM0ODAyNjI3NTU1OBUCABEYEjFFMkZGRDAyNzkyMjFCOEYyQgA="}]}
2025-07-08 11:41:53,518 - INFO - IMAGE EVENT: Successfully sent interactive message to 2348026275558
2025-07-08 11:41:53,518 - INFO - IMAGE EVENT: Quiz quiz6 finished successfully for user 164
2025-07-08 11:42:13,557 - INFO - IMAGE EVENT: Full message content: {
  "context": {
    "from": "2349134774276",
    "id": "wamid.HBgNMjM0ODAyNjI3NTU1OBUCABEYEjFFMkZGRDAyNzkyMjFCOEYyQgA="
  },
  "from": "2348026275558",
  "id": "wamid.HBgNMjM0ODAyNjI3NTU1OBUCABIYIDI0NDhGMTMwRjY2MTNGMkU5MjYyMkY5QzM3MzEyNEUxAA==",
  "timestamp": "1751974932",
  "type": "interactive",
  "interactive": {
    "type": "button_reply",
    "button_reply": {
      "id": "ai_chat",
      "title": "Review Mistakes (AI)"
    }
  }
}
2025-07-08 11:42:13,558 - INFO - IMAGE EVENT: Received message of type 'interactive' from 2348026275558
2025-07-08 11:42:13,564 - INFO - IMAGE EVENT: Processing message wamid.HBgNMjM0ODAyNjI3NTU1OBUCABIYIDI0NDhGMTMwRjY2MTNGMkU5MjYyMkY5QzM3MzEyNEUxAA== for user: <sqlite3.Row object at 0x7fe7201c0bf0>
2025-07-08 11:42:13,564 - INFO - IMAGE EVENT: User state: awaiting_choice
2025-07-08 11:42:13,565 - INFO - IMAGE EVENT: Processing interactive message: {
  "type": "button_reply",
  "button_reply": {
    "id": "ai_chat",
    "title": "Review Mistakes (AI)"
  }
}
2025-07-08 11:42:13,565 - INFO - IMAGE EVENT: Received button reply: id=ai_chat, text=Review Mistakes (AI)
2025-07-08 11:42:13,565 - INFO - IMAGE EVENT: Handling other button response
2025-07-08 11:42:13,565 - INFO - IMAGE EVENT: Button/List response received: id=ai_chat, text=Review Mistakes (AI)
2025-07-08 11:42:13,565 - INFO - IMAGE EVENT: Starting AI chat for user 164
2025-07-08 11:42:22,672 - INFO - IMAGE EVENT: Presenting main options to user 2348026275558
2025-07-08 11:42:22,672 - INFO - IMAGE EVENT: Preparing to send interactive message to 2348026275558
2025-07-08 11:42:22,672 - INFO - IMAGE EVENT: Preparing button message for 2348026275558
2025-07-08 11:42:22,672 - INFO - IMAGE EVENT: Sending request to WhatsApp API for 2348026275558
2025-07-08 11:42:22,673 - INFO - IMAGE EVENT: Request data: {
  "messaging_product": "whatsapp",
  "to": "2348026275558",
  "type": "interactive",
  "interactive": {
    "type": "button",
    "body": {
      "text": "What would you like to do next?"
    },
    "action": {
      "buttons": [
        {
          "type": "reply",
          "reply": {
            "id": "quiz",
            "title": "Start Quiz"
          }
        },
        {
          "type": "reply",
          "reply": {
            "id": "records",
            "title": "Record Keeping"
          }
        },
        {
          "type": "reply",
          "reply": {
            "id": "settings",
            "title": "Settings"
          }
        }
      ]
    }
  }
}
2025-07-08 11:42:23,232 - INFO - IMAGE EVENT: Received response from WhatsApp API for 2348026275558 - Status: 200
2025-07-08 11:42:23,233 - INFO - IMAGE EVENT: Response content: {"messaging_product":"whatsapp","contacts":[{"input":"2348026275558","wa_id":"2348026275558"}],"messages":[{"id":"wamid.HBgNMjM0ODAyNjI3NTU1OBUCABEYEkFBNDUyQjhBMkQwRjU5OEFFMQA="}]}
2025-07-08 11:42:23,233 - INFO - IMAGE EVENT: Successfully sent interactive message to 2348026275558
2025-07-08 11:43:06,776 - INFO - IMAGE EVENT: Full message content: {
  "context": {
    "from": "2349134774276",
    "id": "wamid.HBgNMjM0OTA5MTIzNTgxNRUCABEYEkE0ODg4Nzg0MEEzMDA4Qzk4RQA="
  },
  "from": "2349091235815",
  "id": "wamid.HBgNMjM0OTA5MTIzNTgxNRUCABIYIDk2NjhDQkVDNUQzQzRDNzI0QzE2NkFFNzhFNjcxMTREAA==",
  "timestamp": "1751974985",
  "type": "interactive",
  "interactive": {
    "type": "button_reply",
    "button_reply": {
      "id": "quiz",
      "title": "Start Quiz"
    }
  }
}
2025-07-08 11:43:06,777 - INFO - IMAGE EVENT: Received message of type 'interactive' from 2349091235815
2025-07-08 11:43:06,779 - INFO - IMAGE EVENT: Processing message wamid.HBgNMjM0OTA5MTIzNTgxNRUCABIYIDk2NjhDQkVDNUQzQzRDNzI0QzE2NkFFNzhFNjcxMTREAA== for user: <sqlite3.Row object at 0x7fe7201c0a70>
2025-07-08 11:43:06,790 - INFO - IMAGE EVENT: User state: main_menu
2025-07-08 11:43:06,791 - INFO - IMAGE EVENT: Processing interactive message: {
  "type": "button_reply",
  "button_reply": {
    "id": "quiz",
    "title": "Start Quiz"
  }
}
2025-07-08 11:43:06,791 - INFO - IMAGE EVENT: Received button reply: id=quiz, text=Start Quiz
2025-07-08 11:43:06,791 - INFO - IMAGE EVENT: Handling other button response
2025-07-08 11:43:06,791 - INFO - IMAGE EVENT: Button/List response received: id=quiz, text=Start Quiz
2025-07-08 11:43:06,792 - INFO - IMAGE EVENT: Handling Start Quiz request for 2349091235815
2025-07-08 11:43:06,792 - INFO - IMAGE EVENT: Handling text message for 2349091235815: Start Quiz
2025-07-08 11:43:06,792 - INFO - IMAGE EVENT: Quiz selection initiated for 2349091235815 with message: Start Quiz
2025-07-08 11:43:07,536 - INFO - IMAGE EVENT: Preparing to send interactive message to 2349091235815
2025-07-08 11:43:07,537 - INFO - IMAGE EVENT: Preparing button message for 2349091235815
2025-07-08 11:43:07,537 - INFO - IMAGE EVENT: Sending request to WhatsApp API for 2349091235815
2025-07-08 11:43:07,537 - INFO - IMAGE EVENT: Request data: {
  "messaging_product": "whatsapp",
  "to": "2349091235815",
  "type": "interactive",
  "interactive": {
    "type": "button",
    "body": {
      "text": "What would you like to do?"
    },
    "action": {
      "buttons": [
        {
          "type": "reply",
          "reply": {
            "id": "quiz",
            "title": "Start Quiz"
          }
        },
        {
          "type": "reply",
          "reply": {
            "id": "quiz6",
            "title": "Start quiz6"
          }
        }
      ]
    }
  }
}
2025-07-08 11:43:07,970 - INFO - IMAGE EVENT: Received response from WhatsApp API for 2349091235815 - Status: 200
2025-07-08 11:43:07,973 - INFO - IMAGE EVENT: Response content: {"messaging_product":"whatsapp","contacts":[{"input":"2349091235815","wa_id":"2349091235815"}],"messages":[{"id":"wamid.HBgNMjM0OTA5MTIzNTgxNRUCABEYEkQxOTI3NDgyRkM2QzQ2NjEwNgA="}]}
2025-07-08 11:43:07,974 - INFO - IMAGE EVENT: Successfully sent interactive message to 2349091235815
2025-07-08 11:43:23,496 - INFO - IMAGE EVENT: Full message content: {
  "context": {
    "from": "2349134774276",
    "id": "wamid.HBgNMjM0OTA5MTIzNTgxNRUCABEYEkQxOTI3NDgyRkM2QzQ2NjEwNgA="
  },
  "from": "2349091235815",
  "id": "wamid.HBgNMjM0OTA5MTIzNTgxNRUCABIYIEUyNjc1MjIwQjdFOUQyQ0REMEVDMkJFNTBCQjUxNEJFAA==",
  "timestamp": "1751975002",
  "type": "interactive",
  "interactive": {
    "type": "button_reply",
    "button_reply": {
      "id": "quiz6",
      "title": "Start quiz6"
    }
  }
}
2025-07-08 11:43:23,496 - INFO - IMAGE EVENT: Received message of type 'interactive' from 2349091235815
2025-07-08 11:43:23,497 - INFO - IMAGE EVENT: Processing message wamid.HBgNMjM0OTA5MTIzNTgxNRUCABIYIEUyNjc1MjIwQjdFOUQyQ0REMEVDMkJFNTBCQjUxNEJFAA== for user: <sqlite3.Row object at 0x7fe7201c09b0>
2025-07-08 11:43:23,497 - INFO - IMAGE EVENT: User state: selecting_quiz
2025-07-08 11:43:23,497 - INFO - IMAGE EVENT: Processing interactive message: {
  "type": "button_reply",
  "button_reply": {
    "id": "quiz6",
    "title": "Start quiz6"
  }
}
2025-07-08 11:43:23,497 - INFO - IMAGE EVENT: Received button reply: id=quiz6, text=Start quiz6
2025-07-08 11:43:23,498 - INFO - IMAGE EVENT: Handling other button response
2025-07-08 11:43:23,498 - INFO - IMAGE EVENT: Button/List response received: id=quiz6, text=Start quiz6
2025-07-08 11:43:23,498 - INFO - IMAGE EVENT: Unknown button/list response: quiz6 from 2349091235815
2025-07-08 11:43:23,498 - INFO - IMAGE EVENT: Handling text message for 2349091235815: Start quiz6
2025-07-08 11:43:23,498 - INFO - IMAGE EVENT: Quiz selection initiated for 2349091235815 with message: Start quiz6
2025-07-08 11:43:23,590 - INFO - IMAGE EVENT: Starting quiz6 for user 146 at question 0
2025-07-08 11:43:23,591 - INFO - IMAGE EVENT: Preparing to send interactive message to 2349091235815
2025-07-08 11:43:23,591 - INFO - IMAGE EVENT: Preparing button message for 2349091235815
2025-07-08 11:43:23,591 - INFO - IMAGE EVENT: Sending request to WhatsApp API for 2349091235815
2025-07-08 11:43:23,591 - INFO - IMAGE EVENT: Request data: {
  "messaging_product": "whatsapp",
  "to": "2349091235815",
  "type": "interactive",
  "interactive": {
    "type": "button",
    "body": {
      "text": "Question 1 out of 5:\n\nWhat is operational management primarily concerned with?\n\nA) Marketing only\nB) Day-to-day business activities\nC) Yearly planning only\n"
    },
    "action": {
      "buttons": [
        {
          "type": "reply",
          "reply": {
            "id": "option_A",
            "title": "A"
          }
        },
        {
          "type": "reply",
          "reply": {
            "id": "option_B",
            "title": "B"
          }
        },
        {
          "type": "reply",
          "reply": {
            "id": "option_C",
            "title": "C"
          }
        }
      ]
    }
  }
}
2025-07-08 11:43:23,999 - INFO - IMAGE EVENT: Received response from WhatsApp API for 2349091235815 - Status: 200
2025-07-08 11:43:24,057 - INFO - IMAGE EVENT: Response content: {"messaging_product":"whatsapp","contacts":[{"input":"2349091235815","wa_id":"2349091235815"}],"messages":[{"id":"wamid.HBgNMjM0OTA5MTIzNTgxNRUCABEYEkI3OUJFREI3OUMyQzhDMkZBQwA="}]}
2025-07-08 11:43:24,058 - INFO - IMAGE EVENT: Successfully sent interactive message to 2349091235815
2025-07-08 11:43:31,566 - INFO - IMAGE EVENT: Full message content: {
  "context": {
    "from": "2349134774276",
    "id": "wamid.HBgNMjM0OTA5MTIzNTgxNRUCABEYEkI3OUJFREI3OUMyQzhDMkZBQwA="
  },
  "from": "2349091235815",
  "id": "wamid.HBgNMjM0OTA5MTIzNTgxNRUCABIYIDM2QTc4RDdDQ0I2MjQ2NjkzQzQxODI4NDVDRkMzRDUwAA==",
  "timestamp": "1751975010",
  "type": "interactive",
  "interactive": {
    "type": "button_reply",
    "button_reply": {
      "id": "option_B",
      "title": "B"
    }
  }
}
2025-07-08 11:43:31,566 - INFO - IMAGE EVENT: Received message of type 'interactive' from 2349091235815
2025-07-08 11:43:31,567 - INFO - IMAGE EVENT: Processing message wamid.HBgNMjM0OTA5MTIzNTgxNRUCABIYIDM2QTc4RDdDQ0I2MjQ2NjkzQzQxODI4NDVDRkMzRDUwAA== for user: <sqlite3.Row object at 0x7fe7201c0690>
2025-07-08 11:43:31,567 - INFO - IMAGE EVENT: User state: quiz_0
2025-07-08 11:43:31,567 - INFO - IMAGE EVENT: Processing interactive message: {
  "type": "button_reply",
  "button_reply": {
    "id": "option_B",
    "title": "B"
  }
}
2025-07-08 11:43:31,568 - INFO - IMAGE EVENT: Received button reply: id=option_B, text=B
2025-07-08 11:43:31,568 - INFO - IMAGE EVENT: Handling other button response
2025-07-08 11:43:31,568 - INFO - IMAGE EVENT: Button/List response received: id=option_B, text=B
2025-07-08 11:43:31,568 - INFO - IMAGE EVENT: Unknown button/list response: option_B from 2349091235815
2025-07-08 11:43:31,568 - INFO - IMAGE EVENT: Handling text message for 2349091235815: B
2025-07-08 11:43:31,568 - INFO - IMAGE EVENT: Handling quiz response for 2349091235815: B
2025-07-08 11:43:31,569 - INFO - IMAGE EVENT: User 146 answered question 1 correctly
2025-07-08 11:43:31,570 - INFO - IMAGE EVENT: Inserted response for user 146: question 1, correct=1, quiz=quiz6
2025-07-08 11:43:32,045 - INFO - IMAGE EVENT: Moving to next question. New index: 1
2025-07-08 11:43:32,051 - INFO - IMAGE EVENT: Preparing to send interactive message to 2349091235815
2025-07-08 11:43:32,051 - INFO - IMAGE EVENT: Preparing button message for 2349091235815
2025-07-08 11:43:32,051 - INFO - IMAGE EVENT: Sending request to WhatsApp API for 2349091235815
2025-07-08 11:43:32,052 - INFO - IMAGE EVENT: Request data: {
  "messaging_product": "whatsapp",
  "to": "2349091235815",
  "type": "interactive",
  "interactive": {
    "type": "button",
    "body": {
      "text": "Question 2 out of 5:\n\nWhich is a key component of supply chain management?\n\nA) Social media marketing\nB) Supplier relationships\nC) Employee salaries\n"
    },
    "action": {
      "buttons": [
        {
          "type": "reply",
          "reply": {
            "id": "option_A",
            "title": "A"
          }
        },
        {
          "type": "reply",
          "reply": {
            "id": "option_B",
            "title": "B"
          }
        },
        {
          "type": "reply",
          "reply": {
            "id": "option_C",
            "title": "C"
          }
        }
      ]
    }
  }
}
2025-07-08 11:43:32,437 - INFO - IMAGE EVENT: Received response from WhatsApp API for 2349091235815 - Status: 200
2025-07-08 11:43:32,438 - INFO - IMAGE EVENT: Response content: {"messaging_product":"whatsapp","contacts":[{"input":"2349091235815","wa_id":"2349091235815"}],"messages":[{"id":"wamid.HBgNMjM0OTA5MTIzNTgxNRUCABEYEjcwOUEzMDRFQTAwMDJDRjI4QgA="}]}
2025-07-08 11:43:32,438 - INFO - IMAGE EVENT: Successfully sent interactive message to 2349091235815
2025-07-08 11:43:40,676 - INFO - IMAGE EVENT: Full message content: {
  "context": {
    "from": "2349134774276",
    "id": "wamid.HBgNMjM0OTA5MTIzNTgxNRUCABEYEjcwOUEzMDRFQTAwMDJDRjI4QgA="
  },
  "from": "2349091235815",
  "id": "wamid.HBgNMjM0OTA5MTIzNTgxNRUCABIYIDM3QzA3NUZGMTM5QzE4NTk0ODVEMkNDRTVCMUNENjdFAA==",
  "timestamp": "1751975020",
  "type": "interactive",
  "interactive": {
    "type": "button_reply",
    "button_reply": {
      "id": "option_B",
      "title": "B"
    }
  }
}
2025-07-08 11:43:40,676 - INFO - IMAGE EVENT: Received message of type 'interactive' from 2349091235815
2025-07-08 11:43:40,677 - INFO - IMAGE EVENT: Processing message wamid.HBgNMjM0OTA5MTIzNTgxNRUCABIYIDM3QzA3NUZGMTM5QzE4NTk0ODVEMkNDRTVCMUNENjdFAA== for user: <sqlite3.Row object at 0x7fe7201c0430>
2025-07-08 11:43:40,677 - INFO - IMAGE EVENT: User state: quiz_1
2025-07-08 11:43:40,677 - INFO - IMAGE EVENT: Processing interactive message: {
  "type": "button_reply",
  "button_reply": {
    "id": "option_B",
    "title": "B"
  }
}
2025-07-08 11:43:40,677 - INFO - IMAGE EVENT: Received button reply: id=option_B, text=B
2025-07-08 11:43:40,677 - INFO - IMAGE EVENT: Handling other button response
2025-07-08 11:43:40,677 - INFO - IMAGE EVENT: Button/List response received: id=option_B, text=B
2025-07-08 11:43:40,678 - INFO - IMAGE EVENT: Unknown button/list response: option_B from 2349091235815
2025-07-08 11:43:40,678 - INFO - IMAGE EVENT: Handling text message for 2349091235815: B
2025-07-08 11:43:40,755 - INFO - IMAGE EVENT: Handling quiz response for 2349091235815: B
2025-07-08 11:43:40,755 - INFO - IMAGE EVENT: User 146 answered question 2 correctly
2025-07-08 11:43:40,757 - INFO - IMAGE EVENT: Inserted response for user 146: question 2, correct=1, quiz=quiz6
2025-07-08 11:43:41,204 - INFO - IMAGE EVENT: Moving to next question. New index: 2
2025-07-08 11:43:41,210 - INFO - IMAGE EVENT: Preparing to send interactive message to 2349091235815
2025-07-08 11:43:41,210 - INFO - IMAGE EVENT: Preparing button message for 2349091235815
2025-07-08 11:43:41,210 - INFO - IMAGE EVENT: Sending request to WhatsApp API for 2349091235815
2025-07-08 11:43:41,210 - INFO - IMAGE EVENT: Request data: {
  "messaging_product": "whatsapp",
  "to": "2349091235815",
  "type": "interactive",
  "interactive": {
    "type": "button",
    "body": {
      "text": "Question 3 out of 5:\n\nWhat is the first step in process mapping?\n\nA) Hiring staff\nB) Identifying core processes\nC) Buying equipment\n"
    },
    "action": {
      "buttons": [
        {
          "type": "reply",
          "reply": {
            "id": "option_A",
            "title": "A"
          }
        },
        {
          "type": "reply",
          "reply": {
            "id": "option_B",
            "title": "B"
          }
        },
        {
          "type": "reply",
          "reply": {
            "id": "option_C",
            "title": "C"
          }
        }
      ]
    }
  }
}
2025-07-08 11:43:41,614 - INFO - IMAGE EVENT: Received response from WhatsApp API for 2349091235815 - Status: 200
2025-07-08 11:43:41,615 - INFO - IMAGE EVENT: Response content: {"messaging_product":"whatsapp","contacts":[{"input":"2349091235815","wa_id":"2349091235815"}],"messages":[{"id":"wamid.HBgNMjM0OTA5MTIzNTgxNRUCABEYEjFDMzBGNDI5N0Y1RjJDRDYyRAA="}]}
2025-07-08 11:43:41,615 - INFO - IMAGE EVENT: Successfully sent interactive message to 2349091235815
2025-07-08 11:43:50,733 - INFO - IMAGE EVENT: Full message content: {
  "context": {
    "from": "2349134774276",
    "id": "wamid.HBgNMjM0ODAyNjI3NTU1OBUCABEYEkFBNDUyQjhBMkQwRjU5OEFFMQA="
  },
  "from": "2348026275558",
  "id": "wamid.HBgNMjM0ODAyNjI3NTU1OBUCABIYIEFEQzk0RjIwMkU1Q0MyQjg1OTAwQjE0QzA0MTdCNDJBAA==",
  "timestamp": "1751975030",
  "type": "interactive",
  "interactive": {
    "type": "button_reply",
    "button_reply": {
      "id": "records",
      "title": "Record Keeping"
    }
  }
}
2025-07-08 11:43:50,734 - INFO - IMAGE EVENT: Received message of type 'interactive' from 2348026275558
2025-07-08 11:43:50,734 - INFO - IMAGE EVENT: Processing message wamid.HBgNMjM0ODAyNjI3NTU1OBUCABIYIEFEQzk0RjIwMkU1Q0MyQjg1OTAwQjE0QzA0MTdCNDJBAA== for user: <sqlite3.Row object at 0x7fe7201c0310>
2025-07-08 11:43:50,735 - INFO - IMAGE EVENT: User state: main_menu
2025-07-08 11:43:50,735 - INFO - IMAGE EVENT: Processing interactive message: {
  "type": "button_reply",
  "button_reply": {
    "id": "records",
    "title": "Record Keeping"
  }
}
2025-07-08 11:43:50,735 - INFO - IMAGE EVENT: Received button reply: id=records, text=Record Keeping
2025-07-08 11:43:50,735 - INFO - IMAGE EVENT: Handling other button response
2025-07-08 11:43:50,735 - INFO - IMAGE EVENT: Button/List response received: id=records, text=Record Keeping
2025-07-08 11:43:50,736 - INFO - IMAGE EVENT: Handling Record Keeping request for 2348026275558
2025-07-08 11:43:50,736 - INFO - IMAGE EVENT: Handling text message for 2348026275558: Record Keeping
2025-07-08 11:43:51,069 - INFO - IMAGE EVENT: Full message content: {
  "context": {
    "from": "2349134774276",
    "id": "wamid.HBgNMjM0OTA5MTIzNTgxNRUCABEYEjFDMzBGNDI5N0Y1RjJDRDYyRAA="
  },
  "from": "2349091235815",
  "id": "wamid.HBgNMjM0OTA5MTIzNTgxNRUCABIYIDQ1QUMxNEM0OTY1REIxODE3RUQzQ0I4QTg2MkNBNTEzAA==",
  "timestamp": "1751975030",
  "type": "interactive",
  "interactive": {
    "type": "button_reply",
    "button_reply": {
      "id": "option_B",
      "title": "B"
    }
  }
}
2025-07-08 11:43:51,074 - INFO - IMAGE EVENT: Received message of type 'interactive' from 2349091235815
2025-07-08 11:43:51,076 - INFO - IMAGE EVENT: Processing message wamid.HBgNMjM0OTA5MTIzNTgxNRUCABIYIDQ1QUMxNEM0OTY1REIxODE3RUQzQ0I4QTg2MkNBNTEzAA== for user: <sqlite3.Row object at 0x7fe7201c0bf0>
2025-07-08 11:43:51,076 - INFO - IMAGE EVENT: User state: quiz_2
2025-07-08 11:43:51,077 - INFO - IMAGE EVENT: Processing interactive message: {
  "type": "button_reply",
  "button_reply": {
    "id": "option_B",
    "title": "B"
  }
}
2025-07-08 11:43:51,077 - INFO - IMAGE EVENT: Received button reply: id=option_B, text=B
2025-07-08 11:43:51,077 - INFO - IMAGE EVENT: Handling other button response
2025-07-08 11:43:51,078 - INFO - IMAGE EVENT: Button/List response received: id=option_B, text=B
2025-07-08 11:43:51,078 - INFO - IMAGE EVENT: Unknown button/list response: option_B from 2349091235815
2025-07-08 11:43:51,079 - INFO - IMAGE EVENT: Handling text message for 2349091235815: B
2025-07-08 11:43:51,079 - INFO - IMAGE EVENT: Handling quiz response for 2349091235815: B
2025-07-08 11:43:51,080 - INFO - IMAGE EVENT: User 146 answered question 3 correctly
2025-07-08 11:43:51,081 - INFO - IMAGE EVENT: Inserted response for user 146: question 3, correct=1, quiz=quiz6
2025-07-08 11:43:51,550 - INFO - IMAGE EVENT: Moving to next question. New index: 3
2025-07-08 11:43:51,564 - INFO - IMAGE EVENT: Preparing to send interactive message to 2349091235815
2025-07-08 11:43:51,564 - INFO - IMAGE EVENT: Preparing button message for 2349091235815
2025-07-08 11:43:51,564 - INFO - IMAGE EVENT: Sending request to WhatsApp API for 2349091235815
2025-07-08 11:43:51,565 - INFO - IMAGE EVENT: Request data: {
  "messaging_product": "whatsapp",
  "to": "2349091235815",
  "type": "interactive",
  "interactive": {
    "type": "button",
    "body": {
      "text": "Question 4 out of 5:\n\nHow should technology adoption be approached?\n\nA) Buy the most expensive option\nB) Ignore it completely\nC) Based on cost-benefit analysis\n"
    },
    "action": {
      "buttons": [
        {
          "type": "reply",
          "reply": {
            "id": "option_A",
            "title": "A"
          }
        },
        {
          "type": "reply",
          "reply": {
            "id": "option_B",
            "title": "B"
          }
        },
        {
          "type": "reply",
          "reply": {
            "id": "option_C",
            "title": "C"
          }
        }
      ]
    }
  }
}
2025-07-08 11:43:52,041 - INFO - IMAGE EVENT: Received response from WhatsApp API for 2349091235815 - Status: 200
2025-07-08 11:43:52,042 - INFO - IMAGE EVENT: Response content: {"messaging_product":"whatsapp","contacts":[{"input":"2349091235815","wa_id":"2349091235815"}],"messages":[{"id":"wamid.HBgNMjM0OTA5MTIzNTgxNRUCABEYEjM2MTdBQ0YzRjg4NTYwMjAzRgA="}]}
2025-07-08 11:43:52,042 - INFO - IMAGE EVENT: Successfully sent interactive message to 2349091235815
2025-07-08 11:44:03,468 - INFO - IMAGE EVENT: Full message content: {
  "context": {
    "from": "2349134774276",
    "id": "wamid.HBgNMjM0OTA5MTIzNTgxNRUCABEYEjM2MTdBQ0YzRjg4NTYwMjAzRgA="
  },
  "from": "2349091235815",
  "id": "wamid.HBgNMjM0OTA5MTIzNTgxNRUCABIYIDVFRUU2QkRGMTRDQjExMjI0OUFCODhENTA2QzEwQkYzAA==",
  "timestamp": "1751975042",
  "type": "interactive",
  "interactive": {
    "type": "button_reply",
    "button_reply": {
      "id": "option_C",
      "title": "C"
    }
  }
}
2025-07-08 11:44:03,469 - INFO - IMAGE EVENT: Received message of type 'interactive' from 2349091235815
2025-07-08 11:44:03,470 - INFO - IMAGE EVENT: Processing message wamid.HBgNMjM0OTA5MTIzNTgxNRUCABIYIDVFRUU2QkRGMTRDQjExMjI0OUFCODhENTA2QzEwQkYzAA== for user: <sqlite3.Row object at 0x7fe7201c0cf0>
2025-07-08 11:44:03,474 - INFO - IMAGE EVENT: User state: quiz_3
2025-07-08 11:44:03,474 - INFO - IMAGE EVENT: Processing interactive message: {
  "type": "button_reply",
  "button_reply": {
    "id": "option_C",
    "title": "C"
  }
}
2025-07-08 11:44:03,475 - INFO - IMAGE EVENT: Received button reply: id=option_C, text=C
2025-07-08 11:44:03,475 - INFO - IMAGE EVENT: Handling other button response
2025-07-08 11:44:03,476 - INFO - IMAGE EVENT: Button/List response received: id=option_C, text=C
2025-07-08 11:44:03,476 - INFO - IMAGE EVENT: Unknown button/list response: option_C from 2349091235815
2025-07-08 11:44:03,476 - INFO - IMAGE EVENT: Handling text message for 2349091235815: C
2025-07-08 11:44:03,477 - INFO - IMAGE EVENT: Handling quiz response for 2349091235815: C
2025-07-08 11:44:03,477 - INFO - IMAGE EVENT: User 146 answered question 4 correctly
2025-07-08 11:44:03,478 - INFO - IMAGE EVENT: Inserted response for user 146: question 4, correct=1, quiz=quiz6
2025-07-08 11:44:03,990 - INFO - IMAGE EVENT: Moving to next question. New index: 4
2025-07-08 11:44:04,075 - INFO - IMAGE EVENT: Preparing to send interactive message to 2349091235815
2025-07-08 11:44:04,075 - INFO - IMAGE EVENT: Preparing button message for 2349091235815
2025-07-08 11:44:04,076 - INFO - IMAGE EVENT: Sending request to WhatsApp API for 2349091235815
2025-07-08 11:44:04,076 - INFO - IMAGE EVENT: Request data: {
  "messaging_product": "whatsapp",
  "to": "2349091235815",
  "type": "interactive",
  "interactive": {
    "type": "button",
    "body": {
      "text": "Question 5 out of 5:\n\nWhat is the primary goal of quality control?\n\nA) Increasing prices\nB) Maintaining standards\nC) Reducing staff\n"
    },
    "action": {
      "buttons": [
        {
          "type": "reply",
          "reply": {
            "id": "option_A",
            "title": "A"
          }
        },
        {
          "type": "reply",
          "reply": {
            "id": "option_B",
            "title": "B"
          }
        },
        {
          "type": "reply",
          "reply": {
            "id": "option_C",
            "title": "C"
          }
        }
      ]
    }
  }
}
2025-07-08 11:44:04,657 - INFO - IMAGE EVENT: Received response from WhatsApp API for 2349091235815 - Status: 200
2025-07-08 11:44:04,658 - INFO - IMAGE EVENT: Response content: {"messaging_product":"whatsapp","contacts":[{"input":"2349091235815","wa_id":"2349091235815"}],"messages":[{"id":"wamid.HBgNMjM0OTA5MTIzNTgxNRUCABEYEkU1QzdEQkMwMEQ4QUEwMEUxMgA="}]}
2025-07-08 11:44:04,665 - INFO - IMAGE EVENT: Successfully sent interactive message to 2349091235815
2025-07-08 11:44:18,171 - INFO - IMAGE EVENT: Full message content: {
  "context": {
    "from": "2349134774276",
    "id": "wamid.HBgNMjM0OTA5MTIzNTgxNRUCABEYEkU1QzdEQkMwMEQ4QUEwMEUxMgA="
  },
  "from": "2349091235815",
  "id": "wamid.HBgNMjM0OTA5MTIzNTgxNRUCABIYIEFDRTM5RTQwNzQ2NTJGMjc3NjUzNDc4RjIwNDFCQUNFAA==",
  "timestamp": "1751975057",
  "type": "interactive",
  "interactive": {
    "type": "button_reply",
    "button_reply": {
      "id": "option_B",
      "title": "B"
    }
  }
}
2025-07-08 11:44:18,172 - INFO - IMAGE EVENT: Received message of type 'interactive' from 2349091235815
2025-07-08 11:44:18,180 - INFO - IMAGE EVENT: Processing message wamid.HBgNMjM0OTA5MTIzNTgxNRUCABIYIEFDRTM5RTQwNzQ2NTJGMjc3NjUzNDc4RjIwNDFCQUNFAA== for user: <sqlite3.Row object at 0x7fe7201c0830>
2025-07-08 11:44:18,181 - INFO - IMAGE EVENT: User state: quiz_4
2025-07-08 11:44:18,181 - INFO - IMAGE EVENT: Processing interactive message: {
  "type": "button_reply",
  "button_reply": {
    "id": "option_B",
    "title": "B"
  }
}
2025-07-08 11:44:18,182 - INFO - IMAGE EVENT: Received button reply: id=option_B, text=B
2025-07-08 11:44:18,186 - INFO - IMAGE EVENT: Handling other button response
2025-07-08 11:44:18,187 - INFO - IMAGE EVENT: Button/List response received: id=option_B, text=B
2025-07-08 11:44:18,187 - INFO - IMAGE EVENT: Unknown button/list response: option_B from 2349091235815
2025-07-08 11:44:18,187 - INFO - IMAGE EVENT: Handling text message for 2349091235815: B
2025-07-08 11:44:18,194 - INFO - IMAGE EVENT: Handling quiz response for 2349091235815: B
2025-07-08 11:44:18,195 - INFO - IMAGE EVENT: User 146 answered question 5 correctly
2025-07-08 11:44:18,195 - INFO - IMAGE EVENT: Inserted response for user 146: question 5, correct=1, quiz=quiz6
2025-07-08 11:44:18,737 - INFO - IMAGE EVENT: Moving to next question. New index: 5
2025-07-08 11:44:18,737 - INFO - IMAGE EVENT: Finishing quiz quiz6 for user 146
2025-07-08 11:44:19,282 - INFO - IMAGE EVENT: Database updated for user 146 after finishing quiz quiz6
2025-07-08 11:44:19,283 - INFO - IMAGE EVENT: Preparing to send interactive message to 2349091235815
2025-07-08 11:44:19,283 - INFO - IMAGE EVENT: Preparing button message for 2349091235815
2025-07-08 11:44:19,283 - INFO - IMAGE EVENT: Sending request to WhatsApp API for 2349091235815
2025-07-08 11:44:19,283 - INFO - IMAGE EVENT: Request data: {
  "messaging_product": "whatsapp",
  "to": "2349091235815",
  "type": "interactive",
  "interactive": {
    "type": "button",
    "body": {
      "text": "What would you like to do next?"
    },
    "action": {
      "buttons": [
        {
          "type": "reply",
          "reply": {
            "id": "quiz",
            "title": "Take Another Quiz"
          }
        },
        {
          "type": "reply",
          "reply": {
            "id": "records",
            "title": "Switch to Records"
          }
        },
        {
          "type": "reply",
          "reply": {
            "id": "ai_chat",
            "title": "Review Mistakes (AI)"
          }
        }
      ]
    }
  }
}
2025-07-08 11:44:19,712 - INFO - IMAGE EVENT: Received response from WhatsApp API for 2349091235815 - Status: 200
2025-07-08 11:44:19,712 - INFO - IMAGE EVENT: Response content: {"messaging_product":"whatsapp","contacts":[{"input":"2349091235815","wa_id":"2349091235815"}],"messages":[{"id":"wamid.HBgNMjM0OTA5MTIzNTgxNRUCABEYEjQzRTlGQTBGNkM4NTE1QzEyMwA="}]}
2025-07-08 11:44:19,713 - INFO - IMAGE EVENT: Successfully sent interactive message to 2349091235815
2025-07-08 11:44:19,713 - INFO - IMAGE EVENT: Quiz quiz6 finished successfully for user 146
2025-07-08 11:44:29,059 - INFO - IMAGE EVENT: Full message content: {
  "from": "2348101452677",
  "id": "wamid.HBgNMjM0ODEwMTQ1MjY3NxUCABIYIDgxOUEzQjNDMEQ0OEM4ODczNDhDQzBFQjI2NjFFQkI5AA==",
  "timestamp": "1751975068",
  "text": {
    "body": "Hi, this is empowerlocals, you can edit this intro message!"
  },
  "type": "text"
}
2025-07-08 11:44:29,059 - INFO - IMAGE EVENT: Received message of type 'text' from 2348101452677
2025-07-08 11:44:29,061 - INFO - IMAGE EVENT: Processing message wamid.HBgNMjM0ODEwMTQ1MjY3NxUCABIYIDgxOUEzQjNDMEQ0OEM4ODczNDhDQzBFQjI2NjFFQkI5AA== for user: <sqlite3.Row object at 0x7fe7201c0310>
2025-07-08 11:44:29,061 - INFO - IMAGE EVENT: User state: awaiting_choice
2025-07-08 11:44:29,061 - INFO - IMAGE EVENT: Received text message from 2348101452677: hi, this is empowerlocals, you can edit this intro message!
2025-07-08 11:44:29,062 - INFO - IMAGE EVENT: Handling text message for 2348101452677: hi, this is empowerlocals, you can edit this intro message!
2025-07-08 11:44:29,801 - INFO - IMAGE EVENT: Presenting main options to user 2348101452677
2025-07-08 11:44:29,802 - INFO - IMAGE EVENT: Preparing to send interactive message to 2348101452677
2025-07-08 11:44:29,855 - INFO - IMAGE EVENT: Preparing button message for 2348101452677
2025-07-08 11:44:29,856 - INFO - IMAGE EVENT: Sending request to WhatsApp API for 2348101452677
2025-07-08 11:44:29,857 - INFO - IMAGE EVENT: Request data: {
  "messaging_product": "whatsapp",
  "to": "2348101452677",
  "type": "interactive",
  "interactive": {
    "type": "button",
    "body": {
      "text": "What would you like to do next?"
    },
    "action": {
      "buttons": [
        {
          "type": "reply",
          "reply": {
            "id": "quiz",
            "title": "Start Quiz"
          }
        },
        {
          "type": "reply",
          "reply": {
            "id": "records",
            "title": "Record Keeping"
          }
        },
        {
          "type": "reply",
          "reply": {
            "id": "settings",
            "title": "Settings"
          }
        }
      ]
    }
  }
}
2025-07-08 11:44:30,324 - INFO - IMAGE EVENT: Received response from WhatsApp API for 2348101452677 - Status: 200
2025-07-08 11:44:30,325 - INFO - IMAGE EVENT: Response content: {"messaging_product":"whatsapp","contacts":[{"input":"2348101452677","wa_id":"2348101452677"}],"messages":[{"id":"wamid.HBgNMjM0ODEwMTQ1MjY3NxUCABEYEjc1N0VEMTlCQTczRENFQjlFNgA="}]}
2025-07-08 11:44:30,355 - INFO - IMAGE EVENT: Successfully sent interactive message to 2348101452677
2025-07-08 11:44:37,438 - INFO - IMAGE EVENT: Full message content: {
  "context": {
    "from": "2349134774276",
    "id": "wamid.HBgNMjM0ODEwMTQ1MjY3NxUCABEYEjc1N0VEMTlCQTczRENFQjlFNgA="
  },
  "from": "2348101452677",
  "id": "wamid.HBgNMjM0ODEwMTQ1MjY3NxUCABIYIDUwMTk4Njg0ODNBMTNENkNFOUYyNTQyRDk4RkEwNDlFAA==",
  "timestamp": "1751975076",
  "type": "interactive",
  "interactive": {
    "type": "button_reply",
    "button_reply": {
      "id": "quiz",
      "title": "Start Quiz"
    }
  }
}
2025-07-08 11:44:37,438 - INFO - IMAGE EVENT: Received message of type 'interactive' from 2348101452677
2025-07-08 11:44:37,439 - INFO - IMAGE EVENT: Processing message wamid.HBgNMjM0ODEwMTQ1MjY3NxUCABIYIDUwMTk4Njg0ODNBMTNENkNFOUYyNTQyRDk4RkEwNDlFAA== for user: <sqlite3.Row object at 0x7fe7201c0450>
2025-07-08 11:44:37,439 - INFO - IMAGE EVENT: User state: main_menu
2025-07-08 11:44:37,439 - INFO - IMAGE EVENT: Processing interactive message: {
  "type": "button_reply",
  "button_reply": {
    "id": "quiz",
    "title": "Start Quiz"
  }
}
2025-07-08 11:44:37,459 - INFO - IMAGE EVENT: Received button reply: id=quiz, text=Start Quiz
2025-07-08 11:44:37,464 - INFO - IMAGE EVENT: Handling other button response
2025-07-08 11:44:37,464 - INFO - IMAGE EVENT: Button/List response received: id=quiz, text=Start Quiz
2025-07-08 11:44:37,464 - INFO - IMAGE EVENT: Handling Start Quiz request for 2348101452677
2025-07-08 11:44:37,464 - INFO - IMAGE EVENT: Handling text message for 2348101452677: Start Quiz
2025-07-08 11:44:37,464 - INFO - IMAGE EVENT: Quiz selection initiated for 2348101452677 with message: Start Quiz
2025-07-08 11:44:37,868 - INFO - IMAGE EVENT: Preparing to send interactive message to 2348101452677
2025-07-08 11:44:37,869 - INFO - IMAGE EVENT: Preparing button message for 2348101452677
2025-07-08 11:44:37,869 - INFO - IMAGE EVENT: Sending request to WhatsApp API for 2348101452677
2025-07-08 11:44:37,869 - INFO - IMAGE EVENT: Request data: {
  "messaging_product": "whatsapp",
  "to": "2348101452677",
  "type": "interactive",
  "interactive": {
    "type": "button",
    "body": {
      "text": "What would you like to do?"
    },
    "action": {
      "buttons": [
        {
          "type": "reply",
          "reply": {
            "id": "quiz",
            "title": "Start Quiz"
          }
        },
        {
          "type": "reply",
          "reply": {
            "id": "quiz6",
            "title": "Start quiz6"
          }
        }
      ]
    }
  }
}
2025-07-08 11:44:38,415 - INFO - IMAGE EVENT: Received response from WhatsApp API for 2348101452677 - Status: 200
2025-07-08 11:44:38,416 - INFO - IMAGE EVENT: Response content: {"messaging_product":"whatsapp","contacts":[{"input":"2348101452677","wa_id":"2348101452677"}],"messages":[{"id":"wamid.HBgNMjM0ODEwMTQ1MjY3NxUCABEYEkUzQTFFQ0IwOTNCREZEM0FDOAA="}]}
2025-07-08 11:44:38,416 - INFO - IMAGE EVENT: Successfully sent interactive message to 2348101452677
2025-07-08 11:44:42,161 - INFO - IMAGE EVENT: Full message content: {
  "context": {
    "from": "2349134774276",
    "id": "wamid.HBgNMjM0ODEwMTQ1MjY3NxUCABEYEkUzQTFFQ0IwOTNCREZEM0FDOAA="
  },
  "from": "2348101452677",
  "id": "wamid.HBgNMjM0ODEwMTQ1MjY3NxUCABIYIEFDMzdCMERFOTg1OUNGMDk4QzI1OTkzRkM4M0Y1NUZBAA==",
  "timestamp": "1751975081",
  "type": "interactive",
  "interactive": {
    "type": "button_reply",
    "button_reply": {
      "id": "quiz6",
      "title": "Start quiz6"
    }
  }
}
2025-07-08 11:44:42,167 - INFO - IMAGE EVENT: Received message of type 'interactive' from 2348101452677
2025-07-08 11:44:42,168 - INFO - IMAGE EVENT: Processing message wamid.HBgNMjM0ODEwMTQ1MjY3NxUCABIYIEFDMzdCMERFOTg1OUNGMDk4QzI1OTkzRkM4M0Y1NUZBAA== for user: <sqlite3.Row object at 0x7fe7201c0310>
2025-07-08 11:44:42,168 - INFO - IMAGE EVENT: User state: selecting_quiz
2025-07-08 11:44:42,173 - INFO - IMAGE EVENT: Processing interactive message: {
  "type": "button_reply",
  "button_reply": {
    "id": "quiz6",
    "title": "Start quiz6"
  }
}
2025-07-08 11:44:42,173 - INFO - IMAGE EVENT: Received button reply: id=quiz6, text=Start quiz6
2025-07-08 11:44:42,173 - INFO - IMAGE EVENT: Handling other button response
2025-07-08 11:44:42,174 - INFO - IMAGE EVENT: Button/List response received: id=quiz6, text=Start quiz6
2025-07-08 11:44:42,178 - INFO - IMAGE EVENT: Unknown button/list response: quiz6 from 2348101452677
2025-07-08 11:44:42,178 - INFO - IMAGE EVENT: Handling text message for 2348101452677: Start quiz6
2025-07-08 11:44:42,179 - INFO - IMAGE EVENT: Quiz selection initiated for 2348101452677 with message: Start quiz6
2025-07-08 11:44:42,188 - INFO - IMAGE EVENT: Starting quiz6 for user 137 at question 0
2025-07-08 11:44:42,189 - INFO - IMAGE EVENT: Preparing to send interactive message to 2348101452677
2025-07-08 11:44:42,189 - INFO - IMAGE EVENT: Preparing button message for 2348101452677
2025-07-08 11:44:42,189 - INFO - IMAGE EVENT: Sending request to WhatsApp API for 2348101452677
2025-07-08 11:44:42,189 - INFO - IMAGE EVENT: Request data: {
  "messaging_product": "whatsapp",
  "to": "2348101452677",
  "type": "interactive",
  "interactive": {
    "type": "button",
    "body": {
      "text": "Question 1 out of 5:\n\nWhat is operational management primarily concerned with?\n\nA) Marketing only\nB) Day-to-day business activities\nC) Yearly planning only\n"
    },
    "action": {
      "buttons": [
        {
          "type": "reply",
          "reply": {
            "id": "option_A",
            "title": "A"
          }
        },
        {
          "type": "reply",
          "reply": {
            "id": "option_B",
            "title": "B"
          }
        },
        {
          "type": "reply",
          "reply": {
            "id": "option_C",
            "title": "C"
          }
        }
      ]
    }
  }
}
2025-07-08 11:44:42,669 - INFO - IMAGE EVENT: Received response from WhatsApp API for 2348101452677 - Status: 200
2025-07-08 11:44:42,670 - INFO - IMAGE EVENT: Response content: {"messaging_product":"whatsapp","contacts":[{"input":"2348101452677","wa_id":"2348101452677"}],"messages":[{"id":"wamid.HBgNMjM0ODEwMTQ1MjY3NxUCABEYEjY3MzVERDU5Nzg4OEFFQkM0QQA="}]}
2025-07-08 11:44:42,671 - INFO - IMAGE EVENT: Successfully sent interactive message to 2348101452677
2025-07-08 11:44:57,242 - INFO - IMAGE EVENT: Full message content: {
  "context": {
    "from": "2349134774276",
    "id": "wamid.HBgNMjM0ODEwMTQ1MjY3NxUCABEYEjY3MzVERDU5Nzg4OEFFQkM0QQA="
  },
  "from": "2348101452677",
  "id": "wamid.HBgNMjM0ODEwMTQ1MjY3NxUCABIYIEIyMzQ0MTQyN0JDQzRFRTE2RTA3MTk5ODcyMUIzNkVBAA==",
  "timestamp": "1751975096",
  "type": "interactive",
  "interactive": {
    "type": "button_reply",
    "button_reply": {
      "id": "option_B",
      "title": "B"
    }
  }
}
2025-07-08 11:44:57,242 - INFO - IMAGE EVENT: Received message of type 'interactive' from 2348101452677
2025-07-08 11:44:57,243 - INFO - IMAGE EVENT: Processing message wamid.HBgNMjM0ODEwMTQ1MjY3NxUCABIYIEIyMzQ0MTQyN0JDQzRFRTE2RTA3MTk5ODcyMUIzNkVBAA== for user: <sqlite3.Row object at 0x7fe7201c0f30>
2025-07-08 11:44:57,243 - INFO - IMAGE EVENT: User state: quiz_0
2025-07-08 11:44:57,243 - INFO - IMAGE EVENT: Processing interactive message: {
  "type": "button_reply",
  "button_reply": {
    "id": "option_B",
    "title": "B"
  }
}
2025-07-08 11:44:57,243 - INFO - IMAGE EVENT: Received button reply: id=option_B, text=B
2025-07-08 11:44:57,243 - INFO - IMAGE EVENT: Handling other button response
2025-07-08 11:44:57,244 - INFO - IMAGE EVENT: Button/List response received: id=option_B, text=B
2025-07-08 11:44:57,244 - INFO - IMAGE EVENT: Unknown button/list response: option_B from 2348101452677
2025-07-08 11:44:57,244 - INFO - IMAGE EVENT: Handling text message for 2348101452677: B
2025-07-08 11:44:57,244 - INFO - IMAGE EVENT: Handling quiz response for 2348101452677: B
2025-07-08 11:44:57,244 - INFO - IMAGE EVENT: User 137 answered question 1 correctly
2025-07-08 11:44:57,244 - INFO - IMAGE EVENT: Inserted response for user 137: question 1, correct=1, quiz=quiz6
2025-07-08 11:44:57,636 - INFO - IMAGE EVENT: Moving to next question. New index: 1
2025-07-08 11:44:57,642 - INFO - IMAGE EVENT: Preparing to send interactive message to 2348101452677
2025-07-08 11:44:57,642 - INFO - IMAGE EVENT: Preparing button message for 2348101452677
2025-07-08 11:44:57,643 - INFO - IMAGE EVENT: Sending request to WhatsApp API for 2348101452677
2025-07-08 11:44:57,643 - INFO - IMAGE EVENT: Request data: {
  "messaging_product": "whatsapp",
  "to": "2348101452677",
  "type": "interactive",
  "interactive": {
    "type": "button",
    "body": {
      "text": "Question 2 out of 5:\n\nWhich is a key component of supply chain management?\n\nA) Social media marketing\nB) Supplier relationships\nC) Employee salaries\n"
    },
    "action": {
      "buttons": [
        {
          "type": "reply",
          "reply": {
            "id": "option_A",
            "title": "A"
          }
        },
        {
          "type": "reply",
          "reply": {
            "id": "option_B",
            "title": "B"
          }
        },
        {
          "type": "reply",
          "reply": {
            "id": "option_C",
            "title": "C"
          }
        }
      ]
    }
  }
}
2025-07-08 11:44:58,170 - INFO - IMAGE EVENT: Received response from WhatsApp API for 2348101452677 - Status: 200
2025-07-08 11:44:58,171 - INFO - IMAGE EVENT: Response content: {"messaging_product":"whatsapp","contacts":[{"input":"2348101452677","wa_id":"2348101452677"}],"messages":[{"id":"wamid.HBgNMjM0ODEwMTQ1MjY3NxUCABEYEkZCMTQ0QkIzN0JCMTQzN0I3OAA="}]}
2025-07-08 11:44:58,171 - INFO - IMAGE EVENT: Successfully sent interactive message to 2348101452677
2025-07-08 11:45:14,771 - INFO - IMAGE EVENT: Full message content: {
  "context": {
    "from": "2349134774276",
    "id": "wamid.HBgNMjM0ODEwMTQ1MjY3NxUCABEYEkZCMTQ0QkIzN0JCMTQzN0I3OAA="
  },
  "from": "2348101452677",
  "id": "wamid.HBgNMjM0ODEwMTQ1MjY3NxUCABIYIDI2NzkwQjcxRjcxQzQ1NUQ2NzFDQzkxOEM0MEFERDEwAA==",
  "timestamp": "1751975114",
  "type": "interactive",
  "interactive": {
    "type": "button_reply",
    "button_reply": {
      "id": "option_B",
      "title": "B"
    }
  }
}
2025-07-08 11:45:14,771 - INFO - IMAGE EVENT: Received message of type 'interactive' from 2348101452677
2025-07-08 11:45:14,775 - INFO - IMAGE EVENT: Processing message wamid.HBgNMjM0ODEwMTQ1MjY3NxUCABIYIDI2NzkwQjcxRjcxQzQ1NUQ2NzFDQzkxOEM0MEFERDEwAA== for user: <sqlite3.Row object at 0x7fe7201c0ab0>
2025-07-08 11:45:14,776 - INFO - IMAGE EVENT: User state: quiz_1
2025-07-08 11:45:14,776 - INFO - IMAGE EVENT: Processing interactive message: {
  "type": "button_reply",
  "button_reply": {
    "id": "option_B",
    "title": "B"
  }
}
2025-07-08 11:45:14,777 - INFO - IMAGE EVENT: Received button reply: id=option_B, text=B
2025-07-08 11:45:14,778 - INFO - IMAGE EVENT: Handling other button response
2025-07-08 11:45:14,778 - INFO - IMAGE EVENT: Button/List response received: id=option_B, text=B
2025-07-08 11:45:14,779 - INFO - IMAGE EVENT: Unknown button/list response: option_B from 2348101452677
2025-07-08 11:45:14,779 - INFO - IMAGE EVENT: Handling text message for 2348101452677: B
2025-07-08 11:45:14,780 - INFO - IMAGE EVENT: Handling quiz response for 2348101452677: B
2025-07-08 11:45:14,780 - INFO - IMAGE EVENT: User 137 answered question 2 correctly
2025-07-08 11:45:14,781 - INFO - IMAGE EVENT: Inserted response for user 137: question 2, correct=1, quiz=quiz6
2025-07-08 11:45:15,309 - INFO - IMAGE EVENT: Moving to next question. New index: 2
2025-07-08 11:45:15,365 - INFO - IMAGE EVENT: Preparing to send interactive message to 2348101452677
2025-07-08 11:45:15,366 - INFO - IMAGE EVENT: Preparing button message for 2348101452677
2025-07-08 11:45:15,366 - INFO - IMAGE EVENT: Sending request to WhatsApp API for 2348101452677
2025-07-08 11:45:15,371 - INFO - IMAGE EVENT: Request data: {
  "messaging_product": "whatsapp",
  "to": "2348101452677",
  "type": "interactive",
  "interactive": {
    "type": "button",
    "body": {
      "text": "Question 3 out of 5:\n\nWhat is the first step in process mapping?\n\nA) Hiring staff\nB) Identifying core processes\nC) Buying equipment\n"
    },
    "action": {
      "buttons": [
        {
          "type": "reply",
          "reply": {
            "id": "option_A",
            "title": "A"
          }
        },
        {
          "type": "reply",
          "reply": {
            "id": "option_B",
            "title": "B"
          }
        },
        {
          "type": "reply",
          "reply": {
            "id": "option_C",
            "title": "C"
          }
        }
      ]
    }
  }
}
2025-07-08 11:45:15,889 - INFO - IMAGE EVENT: Received response from WhatsApp API for 2348101452677 - Status: 200
2025-07-08 11:45:15,889 - INFO - IMAGE EVENT: Response content: {"messaging_product":"whatsapp","contacts":[{"input":"2348101452677","wa_id":"2348101452677"}],"messages":[{"id":"wamid.HBgNMjM0ODEwMTQ1MjY3NxUCABEYEjRCRDQ2NEFGQ0I2MTIzNTIyMQA="}]}
2025-07-08 11:45:15,890 - INFO - IMAGE EVENT: Successfully sent interactive message to 2348101452677
2025-07-08 11:47:14,425 - INFO - IMAGE EVENT: Full message content: {
  "context": {
    "from": "2349134774276",
    "id": "wamid.HBgNMjM0ODEwMTQ1MjY3NxUCABEYEjRCRDQ2NEFGQ0I2MTIzNTIyMQA="
  },
  "from": "2348101452677",
  "id": "wamid.HBgNMjM0ODEwMTQ1MjY3NxUCABIYIEJDNzZERkQ3REVFRjQzRTY2QTU5M0I3NzFGNjI3MkQ1AA==",
  "timestamp": "1751975233",
  "type": "interactive",
  "interactive": {
    "type": "button_reply",
    "button_reply": {
      "id": "option_B",
      "title": "B"
    }
  }
}
2025-07-08 11:47:14,425 - INFO - IMAGE EVENT: Received message of type 'interactive' from 2348101452677
2025-07-08 11:47:14,426 - INFO - IMAGE EVENT: Processing message wamid.HBgNMjM0ODEwMTQ1MjY3NxUCABIYIEJDNzZERkQ3REVFRjQzRTY2QTU5M0I3NzFGNjI3MkQ1AA== for user: <sqlite3.Row object at 0x7fe7201c0f50>
2025-07-08 11:47:14,457 - INFO - IMAGE EVENT: User state: quiz_2
2025-07-08 11:47:14,457 - INFO - IMAGE EVENT: Processing interactive message: {
  "type": "button_reply",
  "button_reply": {
    "id": "option_B",
    "title": "B"
  }
}
2025-07-08 11:47:14,457 - INFO - IMAGE EVENT: Received button reply: id=option_B, text=B
2025-07-08 11:47:14,457 - INFO - IMAGE EVENT: Handling other button response
2025-07-08 11:47:14,458 - INFO - IMAGE EVENT: Button/List response received: id=option_B, text=B
2025-07-08 11:47:14,458 - INFO - IMAGE EVENT: Unknown button/list response: option_B from 2348101452677
2025-07-08 11:47:14,458 - INFO - IMAGE EVENT: Handling text message for 2348101452677: B
2025-07-08 11:47:14,465 - INFO - IMAGE EVENT: Handling quiz response for 2348101452677: B
2025-07-08 11:47:14,465 - INFO - IMAGE EVENT: User 137 answered question 3 correctly
2025-07-08 11:47:14,465 - INFO - IMAGE EVENT: Inserted response for user 137: question 3, correct=1, quiz=quiz6
2025-07-08 11:47:14,967 - INFO - IMAGE EVENT: Moving to next question. New index: 3
2025-07-08 11:47:15,029 - INFO - IMAGE EVENT: Preparing to send interactive message to 2348101452677
2025-07-08 11:47:15,029 - INFO - IMAGE EVENT: Preparing button message for 2348101452677
2025-07-08 11:47:15,029 - INFO - IMAGE EVENT: Sending request to WhatsApp API for 2348101452677
2025-07-08 11:47:15,030 - INFO - IMAGE EVENT: Request data: {
  "messaging_product": "whatsapp",
  "to": "2348101452677",
  "type": "interactive",
  "interactive": {
    "type": "button",
    "body": {
      "text": "Question 4 out of 5:\n\nHow should technology adoption be approached?\n\nA) Buy the most expensive option\nB) Ignore it completely\nC) Based on cost-benefit analysis\n"
    },
    "action": {
      "buttons": [
        {
          "type": "reply",
          "reply": {
            "id": "option_A",
            "title": "A"
          }
        },
        {
          "type": "reply",
          "reply": {
            "id": "option_B",
            "title": "B"
          }
        },
        {
          "type": "reply",
          "reply": {
            "id": "option_C",
            "title": "C"
          }
        }
      ]
    }
  }
}
2025-07-08 11:47:15,625 - INFO - IMAGE EVENT: Received response from WhatsApp API for 2348101452677 - Status: 200
2025-07-08 11:47:15,626 - INFO - IMAGE EVENT: Response content: {"messaging_product":"whatsapp","contacts":[{"input":"2348101452677","wa_id":"2348101452677"}],"messages":[{"id":"wamid.HBgNMjM0ODEwMTQ1MjY3NxUCABEYEkM0ODAxNEQ2Qzk0QjJCN0ZENwA="}]}
2025-07-08 11:47:15,626 - INFO - IMAGE EVENT: Successfully sent interactive message to 2348101452677
2025-07-08 11:48:18,732 - INFO - IMAGE EVENT: Full message content: {
  "context": {
    "from": "2349134774276",
    "id": "wamid.HBgNMjM0ODEwMTQ1MjY3NxUCABEYEkM0ODAxNEQ2Qzk0QjJCN0ZENwA="
  },
  "from": "2348101452677",
  "id": "wamid.HBgNMjM0ODEwMTQ1MjY3NxUCABIYIENDRTczQUE2RTg4NjE3MDYzREFERENBNDU2RjQ1REQ5AA==",
  "timestamp": "1751975298",
  "type": "interactive",
  "interactive": {
    "type": "button_reply",
    "button_reply": {
      "id": "option_C",
      "title": "C"
    }
  }
}
2025-07-08 11:48:18,732 - INFO - IMAGE EVENT: Received message of type 'interactive' from 2348101452677
2025-07-08 11:48:18,733 - INFO - IMAGE EVENT: Processing message wamid.HBgNMjM0ODEwMTQ1MjY3NxUCABIYIENDRTczQUE2RTg4NjE3MDYzREFERENBNDU2RjQ1REQ5AA== for user: <sqlite3.Row object at 0x7fe7201c0550>
2025-07-08 11:48:18,733 - INFO - IMAGE EVENT: User state: quiz_3
2025-07-08 11:48:18,733 - INFO - IMAGE EVENT: Processing interactive message: {
  "type": "button_reply",
  "button_reply": {
    "id": "option_C",
    "title": "C"
  }
}
2025-07-08 11:48:18,733 - INFO - IMAGE EVENT: Received button reply: id=option_C, text=C
2025-07-08 11:48:18,733 - INFO - IMAGE EVENT: Handling other button response
2025-07-08 11:48:18,733 - INFO - IMAGE EVENT: Button/List response received: id=option_C, text=C
2025-07-08 11:48:18,733 - INFO - IMAGE EVENT: Unknown button/list response: option_C from 2348101452677
2025-07-08 11:48:18,733 - INFO - IMAGE EVENT: Handling text message for 2348101452677: C
2025-07-08 11:48:18,757 - INFO - IMAGE EVENT: Handling quiz response for 2348101452677: C
2025-07-08 11:48:18,759 - INFO - IMAGE EVENT: User 137 answered question 4 correctly
2025-07-08 11:48:18,759 - INFO - IMAGE EVENT: Inserted response for user 137: question 4, correct=1, quiz=quiz6
2025-07-08 11:48:19,277 - INFO - IMAGE EVENT: Moving to next question. New index: 4
2025-07-08 11:48:19,283 - INFO - IMAGE EVENT: Preparing to send interactive message to 2348101452677
2025-07-08 11:48:19,284 - INFO - IMAGE EVENT: Preparing button message for 2348101452677
2025-07-08 11:48:19,284 - INFO - IMAGE EVENT: Sending request to WhatsApp API for 2348101452677
2025-07-08 11:48:19,284 - INFO - IMAGE EVENT: Request data: {
  "messaging_product": "whatsapp",
  "to": "2348101452677",
  "type": "interactive",
  "interactive": {
    "type": "button",
    "body": {
      "text": "Question 5 out of 5:\n\nWhat is the primary goal of quality control?\n\nA) Increasing prices\nB) Maintaining standards\nC) Reducing staff\n"
    },
    "action": {
      "buttons": [
        {
          "type": "reply",
          "reply": {
            "id": "option_A",
            "title": "A"
          }
        },
        {
          "type": "reply",
          "reply": {
            "id": "option_B",
            "title": "B"
          }
        },
        {
          "type": "reply",
          "reply": {
            "id": "option_C",
            "title": "C"
          }
        }
      ]
    }
  }
}
2025-07-08 11:48:19,657 - INFO - IMAGE EVENT: Received response from WhatsApp API for 2348101452677 - Status: 200
2025-07-08 11:48:19,660 - INFO - IMAGE EVENT: Response content: {"messaging_product":"whatsapp","contacts":[{"input":"2348101452677","wa_id":"2348101452677"}],"messages":[{"id":"wamid.HBgNMjM0ODEwMTQ1MjY3NxUCABEYEkE5MTYzNEFBQkQ0RjlFQzEyQwA="}]}
2025-07-08 11:48:19,660 - INFO - IMAGE EVENT: Successfully sent interactive message to 2348101452677
2025-07-08 11:48:44,360 - INFO - IMAGE EVENT: Full message content: {
  "context": {
    "from": "2349134774276",
    "id": "wamid.HBgNMjM0ODEwMTQ1MjY3NxUCABEYEkE5MTYzNEFBQkQ0RjlFQzEyQwA="
  },
  "from": "2348101452677",
  "id": "wamid.HBgNMjM0ODEwMTQ1MjY3NxUCABIYIDQ1OUFGQkM4OTJDQTFCNzVFQkM3NzdCQjBGREI2REFGAA==",
  "timestamp": "1751975323",
  "type": "interactive",
  "interactive": {
    "type": "button_reply",
    "button_reply": {
      "id": "option_B",
      "title": "B"
    }
  }
}
2025-07-08 11:48:44,360 - INFO - IMAGE EVENT: Received message of type 'interactive' from 2348101452677
2025-07-08 11:48:44,361 - INFO - IMAGE EVENT: Processing message wamid.HBgNMjM0ODEwMTQ1MjY3NxUCABIYIDQ1OUFGQkM4OTJDQTFCNzVFQkM3NzdCQjBGREI2REFGAA== for user: <sqlite3.Row object at 0x7fe7201c0650>
2025-07-08 11:48:44,362 - INFO - IMAGE EVENT: User state: quiz_4
2025-07-08 11:48:44,363 - INFO - IMAGE EVENT: Processing interactive message: {
  "type": "button_reply",
  "button_reply": {
    "id": "option_B",
    "title": "B"
  }
}
2025-07-08 11:48:44,363 - INFO - IMAGE EVENT: Received button reply: id=option_B, text=B
2025-07-08 11:48:44,369 - INFO - IMAGE EVENT: Handling other button response
2025-07-08 11:48:44,369 - INFO - IMAGE EVENT: Button/List response received: id=option_B, text=B
2025-07-08 11:48:44,371 - INFO - IMAGE EVENT: Unknown button/list response: option_B from 2348101452677
2025-07-08 11:48:44,371 - INFO - IMAGE EVENT: Handling text message for 2348101452677: B
2025-07-08 11:48:44,371 - INFO - IMAGE EVENT: Handling quiz response for 2348101452677: B
2025-07-08 11:48:44,372 - INFO - IMAGE EVENT: User 137 answered question 5 correctly
2025-07-08 11:48:44,372 - INFO - IMAGE EVENT: Inserted response for user 137: question 5, correct=1, quiz=quiz6
2025-07-08 11:48:44,757 - INFO - IMAGE EVENT: Moving to next question. New index: 5
2025-07-08 11:48:44,757 - INFO - IMAGE EVENT: Finishing quiz quiz6 for user 137
2025-07-08 11:48:45,365 - INFO - IMAGE EVENT: Database updated for user 137 after finishing quiz quiz6
2025-07-08 11:48:45,366 - INFO - IMAGE EVENT: Preparing to send interactive message to 2348101452677
2025-07-08 11:48:45,366 - INFO - IMAGE EVENT: Preparing button message for 2348101452677
2025-07-08 11:48:45,367 - INFO - IMAGE EVENT: Sending request to WhatsApp API for 2348101452677
2025-07-08 11:48:45,367 - INFO - IMAGE EVENT: Request data: {
  "messaging_product": "whatsapp",
  "to": "2348101452677",
  "type": "interactive",
  "interactive": {
    "type": "button",
    "body": {
      "text": "What would you like to do next?"
    },
    "action": {
      "buttons": [
        {
          "type": "reply",
          "reply": {
            "id": "quiz",
            "title": "Take Another Quiz"
          }
        },
        {
          "type": "reply",
          "reply": {
            "id": "records",
            "title": "Switch to Records"
          }
        },
        {
          "type": "reply",
          "reply": {
            "id": "ai_chat",
            "title": "Review Mistakes (AI)"
          }
        }
      ]
    }
  }
}
2025-07-08 11:48:45,841 - INFO - IMAGE EVENT: Received response from WhatsApp API for 2348101452677 - Status: 200
2025-07-08 11:48:45,842 - INFO - IMAGE EVENT: Response content: {"messaging_product":"whatsapp","contacts":[{"input":"2348101452677","wa_id":"2348101452677"}],"messages":[{"id":"wamid.HBgNMjM0ODEwMTQ1MjY3NxUCABEYEjJCM0U0MTBDRkY0MTk2NEM2MgA="}]}
2025-07-08 11:48:45,842 - INFO - IMAGE EVENT: Successfully sent interactive message to 2348101452677
2025-07-08 11:48:45,842 - INFO - IMAGE EVENT: Quiz quiz6 finished successfully for user 137
2025-07-08 11:53:20,224 - INFO - IMAGE EVENT: Full message content: {
  "from": "2348083356339",
  "id": "wamid.HBgNMjM0ODA4MzM1NjMzORUCABIYIDE0QzMwREI1MjI1M0Y5MUIxRjYwNzA5NzZDODEwOEU1AA==",
  "timestamp": "1751975599",
  "text": {
    "body": "Hi, this is empowerlocals, you can edit this intro message!"
  },
  "type": "text"
}
2025-07-08 11:53:20,224 - INFO - IMAGE EVENT: Received message of type 'text' from 2348083356339
2025-07-08 11:53:20,225 - INFO - IMAGE EVENT: Processing message wamid.HBgNMjM0ODA4MzM1NjMzORUCABIYIDE0QzMwREI1MjI1M0Y5MUIxRjYwNzA5NzZDODEwOEU1AA== for user: <sqlite3.Row object at 0x7fe7201c05f0>
2025-07-08 11:53:20,226 - INFO - IMAGE EVENT: User state: records
2025-07-08 11:53:20,226 - INFO - IMAGE EVENT: Received text message from 2348083356339: hi, this is empowerlocals, you can edit this intro message!
2025-07-08 11:53:20,226 - INFO - IMAGE EVENT: Handling text message for 2348083356339: hi, this is empowerlocals, you can edit this intro message!
2025-07-08 11:53:27,470 - INFO - IMAGE EVENT: Full message content: {
  "from": "2348083356339",
  "id": "wamid.HBgNMjM0ODA4MzM1NjMzORUCABIYIEM1QUEyRkEwMEQ4N0I1MkVCMEI4RUU3RUVDMkIwMzA4AA==",
  "timestamp": "1751975606",
  "text": {
    "body": "Quiz6"
  },
  "type": "text"
}
2025-07-08 11:53:27,476 - INFO - IMAGE EVENT: Received message of type 'text' from 2348083356339
2025-07-08 11:53:27,480 - INFO - IMAGE EVENT: Processing message wamid.HBgNMjM0ODA4MzM1NjMzORUCABIYIEM1QUEyRkEwMEQ4N0I1MkVCMEI4RUU3RUVDMkIwMzA4AA== for user: <sqlite3.Row object at 0x7fe7201c0650>
2025-07-08 11:53:27,481 - INFO - IMAGE EVENT: User state: records
2025-07-08 11:53:27,481 - INFO - IMAGE EVENT: Received text message from 2348083356339: quiz6
2025-07-08 11:53:27,481 - INFO - IMAGE EVENT: Handling text message for 2348083356339: quiz6
2025-07-08 11:53:38,333 - INFO - IMAGE EVENT: Full message content: {
  "from": "2348083356339",
  "id": "wamid.HBgNMjM0ODA4MzM1NjMzORUCABIYIEQyNkNCNEJDREQ1MEEwRTVBOUYwMjdBMjcwNzVGQUM5AA==",
  "timestamp": "1751975617",
  "text": {
    "body": "Start quiz"
  },
  "type": "text"
}
2025-07-08 11:53:38,333 - INFO - IMAGE EVENT: Received message of type 'text' from 2348083356339
2025-07-08 11:53:38,355 - INFO - IMAGE EVENT: Processing message wamid.HBgNMjM0ODA4MzM1NjMzORUCABIYIEQyNkNCNEJDREQ1MEEwRTVBOUYwMjdBMjcwNzVGQUM5AA== for user: <sqlite3.Row object at 0x7fe7201c08b0>
2025-07-08 11:53:38,355 - INFO - IMAGE EVENT: User state: records
2025-07-08 11:53:38,356 - INFO - IMAGE EVENT: Received text message from 2348083356339: start quiz
2025-07-08 11:53:38,356 - INFO - IMAGE EVENT: Handling text message for 2348083356339: start quiz
2025-07-08 11:53:38,356 - INFO - IMAGE EVENT: Quiz selection initiated for 2348083356339 with message: start quiz
2025-07-08 11:53:38,744 - INFO - IMAGE EVENT: Preparing to send interactive message to 2348083356339
2025-07-08 11:53:38,745 - INFO - IMAGE EVENT: Preparing button message for 2348083356339
2025-07-08 11:53:38,745 - INFO - IMAGE EVENT: Sending request to WhatsApp API for 2348083356339
2025-07-08 11:53:38,745 - INFO - IMAGE EVENT: Request data: {
  "messaging_product": "whatsapp",
  "to": "2348083356339",
  "type": "interactive",
  "interactive": {
    "type": "button",
    "body": {
      "text": "What would you like to do?"
    },
    "action": {
      "buttons": [
        {
          "type": "reply",
          "reply": {
            "id": "quiz",
            "title": "Start Quiz"
          }
        },
        {
          "type": "reply",
          "reply": {
            "id": "quiz6",
            "title": "Start quiz6"
          }
        }
      ]
    }
  }
}
2025-07-08 11:53:39,196 - INFO - IMAGE EVENT: Received response from WhatsApp API for 2348083356339 - Status: 200
2025-07-08 11:53:39,197 - INFO - IMAGE EVENT: Response content: {"messaging_product":"whatsapp","contacts":[{"input":"2348083356339","wa_id":"2348083356339"}],"messages":[{"id":"wamid.HBgNMjM0ODA4MzM1NjMzORUCABEYEjlENUFDOTI4QTI2RjQwNzJFRAA="}]}
2025-07-08 11:53:39,197 - INFO - IMAGE EVENT: Successfully sent interactive message to 2348083356339
2025-07-08 11:53:43,231 - INFO - IMAGE EVENT: Full message content: {
  "context": {
    "from": "2349134774276",
    "id": "wamid.HBgNMjM0ODA4MzM1NjMzORUCABEYEjlENUFDOTI4QTI2RjQwNzJFRAA="
  },
  "from": "2348083356339",
  "id": "wamid.HBgNMjM0ODA4MzM1NjMzORUCABIYIEMyQzBGNjZCOEYxQzAyMTlBODg4NzkxOTA3NTNDMzYyAA==",
  "timestamp": "1751975622",
  "type": "interactive",
  "interactive": {
    "type": "button_reply",
    "button_reply": {
      "id": "quiz6",
      "title": "Start quiz6"
    }
  }
}
2025-07-08 11:53:43,231 - INFO - IMAGE EVENT: Received message of type 'interactive' from 2348083356339
2025-07-08 11:53:43,232 - INFO - IMAGE EVENT: Processing message wamid.HBgNMjM0ODA4MzM1NjMzORUCABIYIEMyQzBGNjZCOEYxQzAyMTlBODg4NzkxOTA3NTNDMzYyAA== for user: <sqlite3.Row object at 0x7fe7201c01b0>
2025-07-08 11:53:43,266 - INFO - IMAGE EVENT: User state: selecting_quiz
2025-07-08 11:53:43,266 - INFO - IMAGE EVENT: Processing interactive message: {
  "type": "button_reply",
  "button_reply": {
    "id": "quiz6",
    "title": "Start quiz6"
  }
}
2025-07-08 11:53:43,266 - INFO - IMAGE EVENT: Received button reply: id=quiz6, text=Start quiz6
2025-07-08 11:53:43,266 - INFO - IMAGE EVENT: Handling other button response
2025-07-08 11:53:43,267 - INFO - IMAGE EVENT: Button/List response received: id=quiz6, text=Start quiz6
2025-07-08 11:53:43,267 - INFO - IMAGE EVENT: Unknown button/list response: quiz6 from 2348083356339
2025-07-08 11:53:43,267 - INFO - IMAGE EVENT: Handling text message for 2348083356339: Start quiz6
2025-07-08 11:53:43,267 - INFO - IMAGE EVENT: Quiz selection initiated for 2348083356339 with message: Start quiz6
2025-07-08 11:53:43,281 - INFO - IMAGE EVENT: Starting quiz6 for user 175 at question 0
2025-07-08 11:53:43,282 - INFO - IMAGE EVENT: Preparing to send interactive message to 2348083356339
2025-07-08 11:53:43,283 - INFO - IMAGE EVENT: Preparing button message for 2348083356339
2025-07-08 11:53:43,283 - INFO - IMAGE EVENT: Sending request to WhatsApp API for 2348083356339
2025-07-08 11:53:43,283 - INFO - IMAGE EVENT: Request data: {
  "messaging_product": "whatsapp",
  "to": "2348083356339",
  "type": "interactive",
  "interactive": {
    "type": "button",
    "body": {
      "text": "Question 1 out of 5:\n\nWhat is operational management primarily concerned with?\n\nA) Marketing only\nB) Day-to-day business activities\nC) Yearly planning only\n"
    },
    "action": {
      "buttons": [
        {
          "type": "reply",
          "reply": {
            "id": "option_A",
            "title": "A"
          }
        },
        {
          "type": "reply",
          "reply": {
            "id": "option_B",
            "title": "B"
          }
        },
        {
          "type": "reply",
          "reply": {
            "id": "option_C",
            "title": "C"
          }
        }
      ]
    }
  }
}
2025-07-08 11:53:43,770 - INFO - IMAGE EVENT: Received response from WhatsApp API for 2348083356339 - Status: 200
2025-07-08 11:53:43,771 - INFO - IMAGE EVENT: Response content: {"messaging_product":"whatsapp","contacts":[{"input":"2348083356339","wa_id":"2348083356339"}],"messages":[{"id":"wamid.HBgNMjM0ODA4MzM1NjMzORUCABEYEkFBNjIyQkY1QTdBNzBEMTM2MwA="}]}
2025-07-08 11:53:43,771 - INFO - IMAGE EVENT: Successfully sent interactive message to 2348083356339
2025-07-08 11:53:50,982 - INFO - IMAGE EVENT: Full message content: {
  "context": {
    "from": "2349134774276",
    "id": "wamid.HBgNMjM0ODA4MzM1NjMzORUCABEYEkFBNjIyQkY1QTdBNzBEMTM2MwA="
  },
  "from": "2348083356339",
  "id": "wamid.HBgNMjM0ODA4MzM1NjMzORUCABIYIDRCNTg5RjQyMjk5NEM4NzQ0RTc2NUUyRDA3QjE3RkFDAA==",
  "timestamp": "1751975630",
  "type": "interactive",
  "interactive": {
    "type": "button_reply",
    "button_reply": {
      "id": "option_B",
      "title": "B"
    }
  }
}
2025-07-08 11:53:50,984 - INFO - IMAGE EVENT: Received message of type 'interactive' from 2348083356339
2025-07-08 11:53:50,985 - INFO - IMAGE EVENT: Processing message wamid.HBgNMjM0ODA4MzM1NjMzORUCABIYIDRCNTg5RjQyMjk5NEM4NzQ0RTc2NUUyRDA3QjE3RkFDAA== for user: <sqlite3.Row object at 0x7fe7201c0550>
2025-07-08 11:53:50,986 - INFO - IMAGE EVENT: User state: quiz_0
2025-07-08 11:53:51,055 - INFO - IMAGE EVENT: Processing interactive message: {
  "type": "button_reply",
  "button_reply": {
    "id": "option_B",
    "title": "B"
  }
}
2025-07-08 11:53:51,055 - INFO - IMAGE EVENT: Received button reply: id=option_B, text=B
2025-07-08 11:53:51,056 - INFO - IMAGE EVENT: Handling other button response
2025-07-08 11:53:51,056 - INFO - IMAGE EVENT: Button/List response received: id=option_B, text=B
2025-07-08 11:53:51,061 - INFO - IMAGE EVENT: Unknown button/list response: option_B from 2348083356339
2025-07-08 11:53:51,062 - INFO - IMAGE EVENT: Handling text message for 2348083356339: B
2025-07-08 11:53:51,062 - INFO - IMAGE EVENT: Handling quiz response for 2348083356339: B
2025-07-08 11:53:51,062 - INFO - IMAGE EVENT: User 175 answered question 1 correctly
2025-07-08 11:53:51,063 - INFO - IMAGE EVENT: Inserted response for user 175: question 1, correct=1, quiz=quiz6
2025-07-08 11:53:51,489 - INFO - IMAGE EVENT: Moving to next question. New index: 1
2025-07-08 11:53:51,561 - INFO - IMAGE EVENT: Preparing to send interactive message to 2348083356339
2025-07-08 11:53:51,561 - INFO - IMAGE EVENT: Preparing button message for 2348083356339
2025-07-08 11:53:51,562 - INFO - IMAGE EVENT: Sending request to WhatsApp API for 2348083356339
2025-07-08 11:53:51,562 - INFO - IMAGE EVENT: Request data: {
  "messaging_product": "whatsapp",
  "to": "2348083356339",
  "type": "interactive",
  "interactive": {
    "type": "button",
    "body": {
      "text": "Question 2 out of 5:\n\nWhich is a key component of supply chain management?\n\nA) Social media marketing\nB) Supplier relationships\nC) Employee salaries\n"
    },
    "action": {
      "buttons": [
        {
          "type": "reply",
          "reply": {
            "id": "option_A",
            "title": "A"
          }
        },
        {
          "type": "reply",
          "reply": {
            "id": "option_B",
            "title": "B"
          }
        },
        {
          "type": "reply",
          "reply": {
            "id": "option_C",
            "title": "C"
          }
        }
      ]
    }
  }
}
2025-07-08 11:53:51,954 - INFO - IMAGE EVENT: Received response from WhatsApp API for 2348083356339 - Status: 200
2025-07-08 11:53:51,954 - INFO - IMAGE EVENT: Response content: {"messaging_product":"whatsapp","contacts":[{"input":"2348083356339","wa_id":"2348083356339"}],"messages":[{"id":"wamid.HBgNMjM0ODA4MzM1NjMzORUCABEYEkE2MDdBNDc5M0Y4RjVDNTEwMwA="}]}
2025-07-08 11:53:51,955 - INFO - IMAGE EVENT: Successfully sent interactive message to 2348083356339
2025-07-08 11:54:05,287 - INFO - IMAGE EVENT: Full message content: {
  "context": {
    "from": "2349134774276",
    "id": "wamid.HBgNMjM0ODA4MzM1NjMzORUCABEYEkE2MDdBNDc5M0Y4RjVDNTEwMwA="
  },
  "from": "2348083356339",
  "id": "wamid.HBgNMjM0ODA4MzM1NjMzORUCABIYIDEzQzBCMDJFNUIyNEUxQ0FGMjIwOTMxRTA1MUI3QjBFAA==",
  "timestamp": "1751975644",
  "type": "interactive",
  "interactive": {
    "type": "button_reply",
    "button_reply": {
      "id": "option_B",
      "title": "B"
    }
  }
}
2025-07-08 11:54:05,354 - INFO - IMAGE EVENT: Received message of type 'interactive' from 2348083356339
2025-07-08 11:54:05,356 - INFO - IMAGE EVENT: Processing message wamid.HBgNMjM0ODA4MzM1NjMzORUCABIYIDEzQzBCMDJFNUIyNEUxQ0FGMjIwOTMxRTA1MUI3QjBFAA== for user: <sqlite3.Row object at 0x7fe7201c0eb0>
2025-07-08 11:54:05,356 - INFO - IMAGE EVENT: User state: quiz_1
2025-07-08 11:54:05,356 - INFO - IMAGE EVENT: Processing interactive message: {
  "type": "button_reply",
  "button_reply": {
    "id": "option_B",
    "title": "B"
  }
}
2025-07-08 11:54:05,357 - INFO - IMAGE EVENT: Received button reply: id=option_B, text=B
2025-07-08 11:54:05,357 - INFO - IMAGE EVENT: Handling other button response
2025-07-08 11:54:05,375 - INFO - IMAGE EVENT: Button/List response received: id=option_B, text=B
2025-07-08 11:54:05,375 - INFO - IMAGE EVENT: Unknown button/list response: option_B from 2348083356339
2025-07-08 11:54:05,375 - INFO - IMAGE EVENT: Handling text message for 2348083356339: B
2025-07-08 11:54:05,376 - INFO - IMAGE EVENT: Handling quiz response for 2348083356339: B
2025-07-08 11:54:05,376 - INFO - IMAGE EVENT: User 175 answered question 2 correctly
2025-07-08 11:54:05,377 - INFO - IMAGE EVENT: Inserted response for user 175: question 2, correct=1, quiz=quiz6
2025-07-08 11:54:05,860 - INFO - IMAGE EVENT: Moving to next question. New index: 2
2025-07-08 11:54:05,875 - INFO - IMAGE EVENT: Preparing to send interactive message to 2348083356339
2025-07-08 11:54:05,875 - INFO - IMAGE EVENT: Preparing button message for 2348083356339
2025-07-08 11:54:05,875 - INFO - IMAGE EVENT: Sending request to WhatsApp API for 2348083356339
2025-07-08 11:54:05,875 - INFO - IMAGE EVENT: Request data: {
  "messaging_product": "whatsapp",
  "to": "2348083356339",
  "type": "interactive",
  "interactive": {
    "type": "button",
    "body": {
      "text": "Question 3 out of 5:\n\nWhat is the first step in process mapping?\n\nA) Hiring staff\nB) Identifying core processes\nC) Buying equipment\n"
    },
    "action": {
      "buttons": [
        {
          "type": "reply",
          "reply": {
            "id": "option_A",
            "title": "A"
          }
        },
        {
          "type": "reply",
          "reply": {
            "id": "option_B",
            "title": "B"
          }
        },
        {
          "type": "reply",
          "reply": {
            "id": "option_C",
            "title": "C"
          }
        }
      ]
    }
  }
}
2025-07-08 11:54:06,317 - INFO - IMAGE EVENT: Received response from WhatsApp API for 2348083356339 - Status: 200
2025-07-08 11:54:06,318 - INFO - IMAGE EVENT: Response content: {"messaging_product":"whatsapp","contacts":[{"input":"2348083356339","wa_id":"2348083356339"}],"messages":[{"id":"wamid.HBgNMjM0ODA4MzM1NjMzORUCABEYEjRBMkJCRUFGNDE5NkZFNzJBRQA="}]}
2025-07-08 11:54:06,318 - INFO - IMAGE EVENT: Successfully sent interactive message to 2348083356339
2025-07-08 11:54:14,721 - INFO - IMAGE EVENT: Full message content: {
  "context": {
    "from": "2349134774276",
    "id": "wamid.HBgNMjM0ODA4MzM1NjMzORUCABEYEjRBMkJCRUFGNDE5NkZFNzJBRQA="
  },
  "from": "2348083356339",
  "id": "wamid.HBgNMjM0ODA4MzM1NjMzORUCABIYIDdBMUZBNDg3MDg2NDAyMTkwNTgyOTRDNTk3MDY3QTlDAA==",
  "timestamp": "1751975654",
  "type": "interactive",
  "interactive": {
    "type": "button_reply",
    "button_reply": {
      "id": "option_B",
      "title": "B"
    }
  }
}
2025-07-08 11:54:14,721 - INFO - IMAGE EVENT: Received message of type 'interactive' from 2348083356339
2025-07-08 11:54:14,722 - INFO - IMAGE EVENT: Processing message wamid.HBgNMjM0ODA4MzM1NjMzORUCABIYIDdBMUZBNDg3MDg2NDAyMTkwNTgyOTRDNTk3MDY3QTlDAA== for user: <sqlite3.Row object at 0x7fe7201c0a50>
2025-07-08 11:54:14,756 - INFO - IMAGE EVENT: User state: quiz_2
2025-07-08 11:54:14,756 - INFO - IMAGE EVENT: Processing interactive message: {
  "type": "button_reply",
  "button_reply": {
    "id": "option_B",
    "title": "B"
  }
}
2025-07-08 11:54:14,756 - INFO - IMAGE EVENT: Received button reply: id=option_B, text=B
2025-07-08 11:54:14,756 - INFO - IMAGE EVENT: Handling other button response
2025-07-08 11:54:14,756 - INFO - IMAGE EVENT: Button/List response received: id=option_B, text=B
2025-07-08 11:54:14,756 - INFO - IMAGE EVENT: Unknown button/list response: option_B from 2348083356339
2025-07-08 11:54:14,756 - INFO - IMAGE EVENT: Handling text message for 2348083356339: B
2025-07-08 11:54:14,756 - INFO - IMAGE EVENT: Handling quiz response for 2348083356339: B
2025-07-08 11:54:14,757 - INFO - IMAGE EVENT: User 175 answered question 3 correctly
2025-07-08 11:54:14,757 - INFO - IMAGE EVENT: Inserted response for user 175: question 3, correct=1, quiz=quiz6
2025-07-08 11:54:15,217 - INFO - IMAGE EVENT: Moving to next question. New index: 3
2025-07-08 11:54:15,223 - INFO - IMAGE EVENT: Preparing to send interactive message to 2348083356339
2025-07-08 11:54:15,224 - INFO - IMAGE EVENT: Preparing button message for 2348083356339
2025-07-08 11:54:15,224 - INFO - IMAGE EVENT: Sending request to WhatsApp API for 2348083356339
2025-07-08 11:54:15,224 - INFO - IMAGE EVENT: Request data: {
  "messaging_product": "whatsapp",
  "to": "2348083356339",
  "type": "interactive",
  "interactive": {
    "type": "button",
    "body": {
      "text": "Question 4 out of 5:\n\nHow should technology adoption be approached?\n\nA) Buy the most expensive option\nB) Ignore it completely\nC) Based on cost-benefit analysis\n"
    },
    "action": {
      "buttons": [
        {
          "type": "reply",
          "reply": {
            "id": "option_A",
            "title": "A"
          }
        },
        {
          "type": "reply",
          "reply": {
            "id": "option_B",
            "title": "B"
          }
        },
        {
          "type": "reply",
          "reply": {
            "id": "option_C",
            "title": "C"
          }
        }
      ]
    }
  }
}
2025-07-08 11:54:15,583 - INFO - IMAGE EVENT: Received response from WhatsApp API for 2348083356339 - Status: 200
2025-07-08 11:54:15,583 - INFO - IMAGE EVENT: Response content: {"messaging_product":"whatsapp","contacts":[{"input":"2348083356339","wa_id":"2348083356339"}],"messages":[{"id":"wamid.HBgNMjM0ODA4MzM1NjMzORUCABEYEjczNEU3RDZFNjM1QUUyMkI0NQA="}]}
2025-07-08 11:54:15,583 - INFO - IMAGE EVENT: Successfully sent interactive message to 2348083356339
2025-07-08 11:54:23,660 - INFO - IMAGE EVENT: Full message content: {
  "context": {
    "from": "2349134774276",
    "id": "wamid.HBgNMjM0ODA4MzM1NjMzORUCABEYEjczNEU3RDZFNjM1QUUyMkI0NQA="
  },
  "from": "2348083356339",
  "id": "wamid.HBgNMjM0ODA4MzM1NjMzORUCABIYIEZGQUQ0RkIzMzEwNEUxMTJFMEJCN0M3REEwQzY0REUxAA==",
  "timestamp": "1751975662",
  "type": "interactive",
  "interactive": {
    "type": "button_reply",
    "button_reply": {
      "id": "option_C",
      "title": "C"
    }
  }
}
2025-07-08 11:54:23,661 - INFO - IMAGE EVENT: Received message of type 'interactive' from 2348083356339
2025-07-08 11:54:23,661 - INFO - IMAGE EVENT: Processing message wamid.HBgNMjM0ODA4MzM1NjMzORUCABIYIEZGQUQ0RkIzMzEwNEUxMTJFMEJCN0M3REEwQzY0REUxAA== for user: <sqlite3.Row object at 0x7fe7201c0d30>
2025-07-08 11:54:23,661 - INFO - IMAGE EVENT: User state: quiz_3
2025-07-08 11:54:23,662 - INFO - IMAGE EVENT: Processing interactive message: {
  "type": "button_reply",
  "button_reply": {
    "id": "option_C",
    "title": "C"
  }
}
2025-07-08 11:54:23,662 - INFO - IMAGE EVENT: Received button reply: id=option_C, text=C
2025-07-08 11:54:23,662 - INFO - IMAGE EVENT: Handling other button response
2025-07-08 11:54:23,664 - INFO - IMAGE EVENT: Button/List response received: id=option_C, text=C
2025-07-08 11:54:23,665 - INFO - IMAGE EVENT: Unknown button/list response: option_C from 2348083356339
2025-07-08 11:54:23,665 - INFO - IMAGE EVENT: Handling text message for 2348083356339: C
2025-07-08 11:54:23,671 - INFO - IMAGE EVENT: Handling quiz response for 2348083356339: C
2025-07-08 11:54:23,678 - INFO - IMAGE EVENT: User 175 answered question 4 correctly
2025-07-08 11:54:23,678 - INFO - IMAGE EVENT: Inserted response for user 175: question 4, correct=1, quiz=quiz6
2025-07-08 11:54:24,191 - INFO - IMAGE EVENT: Moving to next question. New index: 4
2025-07-08 11:54:24,202 - INFO - IMAGE EVENT: Preparing to send interactive message to 2348083356339
2025-07-08 11:54:24,202 - INFO - IMAGE EVENT: Preparing button message for 2348083356339
2025-07-08 11:54:24,203 - INFO - IMAGE EVENT: Sending request to WhatsApp API for 2348083356339
2025-07-08 11:54:24,203 - INFO - IMAGE EVENT: Request data: {
  "messaging_product": "whatsapp",
  "to": "2348083356339",
  "type": "interactive",
  "interactive": {
    "type": "button",
    "body": {
      "text": "Question 5 out of 5:\n\nWhat is the primary goal of quality control?\n\nA) Increasing prices\nB) Maintaining standards\nC) Reducing staff\n"
    },
    "action": {
      "buttons": [
        {
          "type": "reply",
          "reply": {
            "id": "option_A",
            "title": "A"
          }
        },
        {
          "type": "reply",
          "reply": {
            "id": "option_B",
            "title": "B"
          }
        },
        {
          "type": "reply",
          "reply": {
            "id": "option_C",
            "title": "C"
          }
        }
      ]
    }
  }
}
2025-07-08 11:54:24,666 - INFO - IMAGE EVENT: Received response from WhatsApp API for 2348083356339 - Status: 200
2025-07-08 11:54:24,669 - INFO - IMAGE EVENT: Response content: {"messaging_product":"whatsapp","contacts":[{"input":"2348083356339","wa_id":"2348083356339"}],"messages":[{"id":"wamid.HBgNMjM0ODA4MzM1NjMzORUCABEYEjBGQTY5OEJCNTI3MzMxRkNCNAA="}]}
2025-07-08 11:54:24,670 - INFO - IMAGE EVENT: Successfully sent interactive message to 2348083356339
2025-07-08 11:54:30,998 - INFO - IMAGE EVENT: Full message content: {
  "context": {
    "from": "2349134774276",
    "id": "wamid.HBgNMjM0ODA4MzM1NjMzORUCABEYEjBGQTY5OEJCNTI3MzMxRkNCNAA="
  },
  "from": "2348083356339",
  "id": "wamid.HBgNMjM0ODA4MzM1NjMzORUCABIYIDkyRkEzMjVFMjJDNzNBRDk5RkMxNjgzNjE0OTRGRDMzAA==",
  "timestamp": "1751975670",
  "type": "interactive",
  "interactive": {
    "type": "button_reply",
    "button_reply": {
      "id": "option_B",
      "title": "B"
    }
  }
}
2025-07-08 11:54:30,999 - INFO - IMAGE EVENT: Received message of type 'interactive' from 2348083356339
2025-07-08 11:54:31,000 - INFO - IMAGE EVENT: Processing message wamid.HBgNMjM0ODA4MzM1NjMzORUCABIYIDkyRkEzMjVFMjJDNzNBRDk5RkMxNjgzNjE0OTRGRDMzAA== for user: <sqlite3.Row object at 0x7fe7201c09f0>
2025-07-08 11:54:31,000 - INFO - IMAGE EVENT: User state: quiz_4
2025-07-08 11:54:31,000 - INFO - IMAGE EVENT: Processing interactive message: {
  "type": "button_reply",
  "button_reply": {
    "id": "option_B",
    "title": "B"
  }
}
2025-07-08 11:54:31,001 - INFO - IMAGE EVENT: Received button reply: id=option_B, text=B
2025-07-08 11:54:31,001 - INFO - IMAGE EVENT: Handling other button response
2025-07-08 11:54:31,001 - INFO - IMAGE EVENT: Button/List response received: id=option_B, text=B
2025-07-08 11:54:31,001 - INFO - IMAGE EVENT: Unknown button/list response: option_B from 2348083356339
2025-07-08 11:54:31,002 - INFO - IMAGE EVENT: Handling text message for 2348083356339: B
2025-07-08 11:54:31,002 - INFO - IMAGE EVENT: Handling quiz response for 2348083356339: B
2025-07-08 11:54:31,002 - INFO - IMAGE EVENT: User 175 answered question 5 correctly
2025-07-08 11:54:31,003 - INFO - IMAGE EVENT: Inserted response for user 175: question 5, correct=1, quiz=quiz6
2025-07-08 11:54:31,422 - INFO - IMAGE EVENT: Moving to next question. New index: 5
2025-07-08 11:54:31,422 - INFO - IMAGE EVENT: Finishing quiz quiz6 for user 175
2025-07-08 11:54:31,868 - INFO - IMAGE EVENT: Database updated for user 175 after finishing quiz quiz6
2025-07-08 11:54:31,869 - INFO - IMAGE EVENT: Preparing to send interactive message to 2348083356339
2025-07-08 11:54:31,869 - INFO - IMAGE EVENT: Preparing button message for 2348083356339
2025-07-08 11:54:31,869 - INFO - IMAGE EVENT: Sending request to WhatsApp API for 2348083356339
2025-07-08 11:54:31,869 - INFO - IMAGE EVENT: Request data: {
  "messaging_product": "whatsapp",
  "to": "2348083356339",
  "type": "interactive",
  "interactive": {
    "type": "button",
    "body": {
      "text": "What would you like to do next?"
    },
    "action": {
      "buttons": [
        {
          "type": "reply",
          "reply": {
            "id": "quiz",
            "title": "Take Another Quiz"
          }
        },
        {
          "type": "reply",
          "reply": {
            "id": "records",
            "title": "Switch to Records"
          }
        },
        {
          "type": "reply",
          "reply": {
            "id": "ai_chat",
            "title": "Review Mistakes (AI)"
          }
        }
      ]
    }
  }
}
2025-07-08 11:54:32,312 - INFO - IMAGE EVENT: Received response from WhatsApp API for 2348083356339 - Status: 200
2025-07-08 11:54:32,313 - INFO - IMAGE EVENT: Response content: {"messaging_product":"whatsapp","contacts":[{"input":"2348083356339","wa_id":"2348083356339"}],"messages":[{"id":"wamid.HBgNMjM0ODA4MzM1NjMzORUCABEYEkJBOEM5QTYyMjJFNUNDQTg4QQA="}]}
2025-07-08 11:54:32,313 - INFO - IMAGE EVENT: Successfully sent interactive message to 2348083356339
2025-07-08 11:54:32,313 - INFO - IMAGE EVENT: Quiz quiz6 finished successfully for user 175
2025-07-08 11:54:36,516 - INFO - IMAGE EVENT: Full message content: {
  "context": {
    "from": "2349134774276",
    "id": "wamid.HBgNMjM0ODA4MzM1NjMzORUCABEYEkJBOEM5QTYyMjJFNUNDQTg4QQA="
  },
  "from": "2348083356339",
  "id": "wamid.HBgNMjM0ODA4MzM1NjMzORUCABIYIDJBNTU1N0UxRDFBMTRDMzAzNUVGOENFNzAxNjE5MkFBAA==",
  "timestamp": "1751975675",
  "type": "interactive",
  "interactive": {
    "type": "button_reply",
    "button_reply": {
      "id": "quiz",
      "title": "Take Another Quiz"
    }
  }
}
2025-07-08 11:54:36,516 - INFO - IMAGE EVENT: Received message of type 'interactive' from 2348083356339
2025-07-08 11:54:36,517 - INFO - IMAGE EVENT: Processing message wamid.HBgNMjM0ODA4MzM1NjMzORUCABIYIDJBNTU1N0UxRDFBMTRDMzAzNUVGOENFNzAxNjE5MkFBAA== for user: <sqlite3.Row object at 0x7fe7201c0d30>
2025-07-08 11:54:36,517 - INFO - IMAGE EVENT: User state: awaiting_choice
2025-07-08 11:54:36,517 - INFO - IMAGE EVENT: Processing interactive message: {
  "type": "button_reply",
  "button_reply": {
    "id": "quiz",
    "title": "Take Another Quiz"
  }
}
2025-07-08 11:54:36,517 - INFO - IMAGE EVENT: Received button reply: id=quiz, text=Take Another Quiz
2025-07-08 11:54:36,518 - INFO - IMAGE EVENT: Handling other button response
2025-07-08 11:54:36,518 - INFO - IMAGE EVENT: Button/List response received: id=quiz, text=Take Another Quiz
2025-07-08 11:54:36,518 - INFO - IMAGE EVENT: Handling Take Another Quiz request for 2348083356339
2025-07-08 11:54:36,518 - INFO - IMAGE EVENT: Handling text message for 2348083356339: Take Another Quiz
2025-07-08 11:54:36,947 - INFO - IMAGE EVENT: Presenting main options to user 2348083356339
2025-07-08 11:54:36,948 - INFO - IMAGE EVENT: Preparing to send interactive message to 2348083356339
2025-07-08 11:54:36,948 - INFO - IMAGE EVENT: Preparing button message for 2348083356339
2025-07-08 11:54:36,948 - INFO - IMAGE EVENT: Sending request to WhatsApp API for 2348083356339
2025-07-08 11:54:36,948 - INFO - IMAGE EVENT: Request data: {
  "messaging_product": "whatsapp",
  "to": "2348083356339",
  "type": "interactive",
  "interactive": {
    "type": "button",
    "body": {
      "text": "What would you like to do next?"
    },
    "action": {
      "buttons": [
        {
          "type": "reply",
          "reply": {
            "id": "quiz",
            "title": "Start Quiz"
          }
        },
        {
          "type": "reply",
          "reply": {
            "id": "records",
            "title": "Record Keeping"
          }
        },
        {
          "type": "reply",
          "reply": {
            "id": "settings",
            "title": "Settings"
          }
        }
      ]
    }
  }
}
2025-07-08 11:54:37,436 - INFO - IMAGE EVENT: Received response from WhatsApp API for 2348083356339 - Status: 200
2025-07-08 11:54:37,437 - INFO - IMAGE EVENT: Response content: {"messaging_product":"whatsapp","contacts":[{"input":"2348083356339","wa_id":"2348083356339"}],"messages":[{"id":"wamid.HBgNMjM0ODA4MzM1NjMzORUCABEYEkU2NjY5RkQwRjlFQjcxQ0IwNgA="}]}
2025-07-08 11:54:37,440 - INFO - IMAGE EVENT: Successfully sent interactive message to 2348083356339
2025-07-08 11:54:40,196 - INFO - IMAGE EVENT: Full message content: {
  "context": {
    "from": "2349134774276",
    "id": "wamid.HBgNMjM0ODA4MzM1NjMzORUCABEYEkU2NjY5RkQwRjlFQjcxQ0IwNgA="
  },
  "from": "2348083356339",
  "id": "wamid.HBgNMjM0ODA4MzM1NjMzORUCABIYIDMxNjFEMkYwQ0EzMUQ0MDMzQkZEQkY3QTg3NUI2NzYyAA==",
  "timestamp": "1751975679",
  "type": "interactive",
  "interactive": {
    "type": "button_reply",
    "button_reply": {
      "id": "records",
      "title": "Record Keeping"
    }
  }
}
2025-07-08 11:54:40,196 - INFO - IMAGE EVENT: Received message of type 'interactive' from 2348083356339
2025-07-08 11:54:40,197 - INFO - IMAGE EVENT: Processing message wamid.HBgNMjM0ODA4MzM1NjMzORUCABIYIDMxNjFEMkYwQ0EzMUQ0MDMzQkZEQkY3QTg3NUI2NzYyAA== for user: <sqlite3.Row object at 0x7fe7201c01f0>
2025-07-08 11:54:40,197 - INFO - IMAGE EVENT: User state: main_menu
2025-07-08 11:54:40,198 - INFO - IMAGE EVENT: Processing interactive message: {
  "type": "button_reply",
  "button_reply": {
    "id": "records",
    "title": "Record Keeping"
  }
}
2025-07-08 11:54:40,198 - INFO - IMAGE EVENT: Received button reply: id=records, text=Record Keeping
2025-07-08 11:54:40,198 - INFO - IMAGE EVENT: Handling other button response
2025-07-08 11:54:40,198 - INFO - IMAGE EVENT: Button/List response received: id=records, text=Record Keeping
2025-07-08 11:54:40,198 - INFO - IMAGE EVENT: Handling Record Keeping request for 2348083356339
2025-07-08 11:54:40,198 - INFO - IMAGE EVENT: Handling text message for 2348083356339: Record Keeping
2025-07-08 11:54:43,981 - INFO - IMAGE EVENT: Full message content: {
  "context": {
    "from": "2349134774276",
    "id": "wamid.HBgNMjM0ODA4MzM1NjMzORUCABEYEkU2NjY5RkQwRjlFQjcxQ0IwNgA="
  },
  "from": "2348083356339",
  "id": "wamid.HBgNMjM0ODA4MzM1NjMzORUCABIYIDRGMjhFQjA0ODdCNDUyOTMzRUEzNTFFNUYwNDc3OTZGAA==",
  "timestamp": "1751975683",
  "type": "interactive",
  "interactive": {
    "type": "button_reply",
    "button_reply": {
      "id": "quiz",
      "title": "Start Quiz"
    }
  }
}
2025-07-08 11:54:43,981 - INFO - IMAGE EVENT: Received message of type 'interactive' from 2348083356339
2025-07-08 11:54:43,982 - INFO - IMAGE EVENT: Processing message wamid.HBgNMjM0ODA4MzM1NjMzORUCABIYIDRGMjhFQjA0ODdCNDUyOTMzRUEzNTFFNUYwNDc3OTZGAA== for user: <sqlite3.Row object at 0x7fe7201c0d30>
2025-07-08 11:54:43,983 - INFO - IMAGE EVENT: User state: records
2025-07-08 11:54:43,983 - INFO - IMAGE EVENT: Processing interactive message: {
  "type": "button_reply",
  "button_reply": {
    "id": "quiz",
    "title": "Start Quiz"
  }
}
2025-07-08 11:54:43,984 - INFO - IMAGE EVENT: Received button reply: id=quiz, text=Start Quiz
2025-07-08 11:54:43,984 - INFO - IMAGE EVENT: Handling other button response
2025-07-08 11:54:43,984 - INFO - IMAGE EVENT: Button/List response received: id=quiz, text=Start Quiz
2025-07-08 11:54:43,984 - INFO - IMAGE EVENT: Handling Start Quiz request for 2348083356339
2025-07-08 11:54:43,984 - INFO - IMAGE EVENT: Handling text message for 2348083356339: Start Quiz
2025-07-08 11:54:43,984 - INFO - IMAGE EVENT: Quiz selection initiated for 2348083356339 with message: Start Quiz
2025-07-08 11:54:44,375 - INFO - IMAGE EVENT: Preparing to send interactive message to 2348083356339
2025-07-08 11:54:44,376 - INFO - IMAGE EVENT: Preparing button message for 2348083356339
2025-07-08 11:54:44,376 - INFO - IMAGE EVENT: Sending request to WhatsApp API for 2348083356339
2025-07-08 11:54:44,376 - INFO - IMAGE EVENT: Request data: {
  "messaging_product": "whatsapp",
  "to": "2348083356339",
  "type": "interactive",
  "interactive": {
    "type": "button",
    "body": {
      "text": "What would you like to do?"
    },
    "action": {
      "buttons": [
        {
          "type": "reply",
          "reply": {
            "id": "quiz",
            "title": "Start Quiz"
          }
        }
      ]
    }
  }
}
2025-07-08 11:54:44,865 - INFO - IMAGE EVENT: Received response from WhatsApp API for 2348083356339 - Status: 200
2025-07-08 11:54:44,866 - INFO - IMAGE EVENT: Response content: {"messaging_product":"whatsapp","contacts":[{"input":"2348083356339","wa_id":"2348083356339"}],"messages":[{"id":"wamid.HBgNMjM0ODA4MzM1NjMzORUCABEYEjIwNDA0NkY5Q0Y5QjM3MEE2MAA="}]}
2025-07-08 11:54:44,866 - INFO - IMAGE EVENT: Successfully sent interactive message to 2348083356339
2025-07-08 11:54:47,208 - INFO - IMAGE EVENT: Full message content: {
  "context": {
    "from": "2349134774276",
    "id": "wamid.HBgNMjM0ODA4MzM1NjMzORUCABEYEjIwNDA0NkY5Q0Y5QjM3MEE2MAA="
  },
  "from": "2348083356339",
  "id": "wamid.HBgNMjM0ODA4MzM1NjMzORUCABIYIDlFMzQ2NDgxNUUzQjQzMTYwOUZBNjkyNDkzODg1MDk1AA==",
  "timestamp": "1751975686",
  "type": "interactive",
  "interactive": {
    "type": "button_reply",
    "button_reply": {
      "id": "quiz",
      "title": "Start Quiz"
    }
  }
}
2025-07-08 11:54:47,209 - INFO - IMAGE EVENT: Received message of type 'interactive' from 2348083356339
2025-07-08 11:54:47,209 - INFO - IMAGE EVENT: Processing message wamid.HBgNMjM0ODA4MzM1NjMzORUCABIYIDlFMzQ2NDgxNUUzQjQzMTYwOUZBNjkyNDkzODg1MDk1AA== for user: <sqlite3.Row object at 0x7fe7201c0430>
2025-07-08 11:54:47,210 - INFO - IMAGE EVENT: User state: selecting_quiz
2025-07-08 11:54:47,260 - INFO - IMAGE EVENT: Processing interactive message: {
  "type": "button_reply",
  "button_reply": {
    "id": "quiz",
    "title": "Start Quiz"
  }
}
2025-07-08 11:54:47,261 - INFO - IMAGE EVENT: Received button reply: id=quiz, text=Start Quiz
2025-07-08 11:54:47,261 - INFO - IMAGE EVENT: Handling other button response
2025-07-08 11:54:47,261 - INFO - IMAGE EVENT: Button/List response received: id=quiz, text=Start Quiz
2025-07-08 11:54:47,261 - INFO - IMAGE EVENT: Handling Start Quiz request for 2348083356339
2025-07-08 11:54:47,261 - INFO - IMAGE EVENT: Handling text message for 2348083356339: Start Quiz
2025-07-08 11:54:47,261 - INFO - IMAGE EVENT: Quiz selection initiated for 2348083356339 with message: Start Quiz
2025-07-08 11:54:47,736 - INFO - IMAGE EVENT: Preparing to send interactive message to 2348083356339
2025-07-08 11:54:47,736 - INFO - IMAGE EVENT: Preparing button message for 2348083356339
2025-07-08 11:54:47,736 - INFO - IMAGE EVENT: Sending request to WhatsApp API for 2348083356339
2025-07-08 11:54:47,736 - INFO - IMAGE EVENT: Request data: {
  "messaging_product": "whatsapp",
  "to": "2348083356339",
  "type": "interactive",
  "interactive": {
    "type": "button",
    "body": {
      "text": "What would you like to do?"
    },
    "action": {
      "buttons": [
        {
          "type": "reply",
          "reply": {
            "id": "quiz",
            "title": "Start Quiz"
          }
        }
      ]
    }
  }
}
2025-07-08 11:54:48,107 - INFO - IMAGE EVENT: Received response from WhatsApp API for 2348083356339 - Status: 200
2025-07-08 11:54:48,108 - INFO - IMAGE EVENT: Response content: {"messaging_product":"whatsapp","contacts":[{"input":"2348083356339","wa_id":"2348083356339"}],"messages":[{"id":"wamid.HBgNMjM0ODA4MzM1NjMzORUCABEYEkM1RDkzQTU5QzcyNTcwQ0NBNAA="}]}
2025-07-08 11:54:48,108 - INFO - IMAGE EVENT: Successfully sent interactive message to 2348083356339
2025-07-08 11:58:36,157 - INFO - IMAGE EVENT: Full message content: {
  "from": "2348160228045",
  "id": "wamid.HBgNMjM0ODE2MDIyODA0NRUCABIYFDNBQ0FBOEEyNEVBMjQ2NjYxMUI5AA==",
  "timestamp": "1751975915",
  "text": {
    "body": "Hi, this is empowerlocals, you can edit this intro message!"
  },
  "type": "text"
}
2025-07-08 11:58:36,158 - INFO - IMAGE EVENT: Received message of type 'text' from 2348160228045
2025-07-08 11:58:36,168 - INFO - IMAGE EVENT: Processing message wamid.HBgNMjM0ODE2MDIyODA0NRUCABIYFDNBQ0FBOEEyNEVBMjQ2NjYxMUI5AA== for user: <sqlite3.Row object at 0x7fe7201c0ab0>
2025-07-08 11:58:36,168 - INFO - IMAGE EVENT: User state: records
2025-07-08 11:58:36,168 - INFO - IMAGE EVENT: Received text message from 2348160228045: hi, this is empowerlocals, you can edit this intro message!
2025-07-08 11:58:36,168 - INFO - IMAGE EVENT: Handling text message for 2348160228045: hi, this is empowerlocals, you can edit this intro message!
2025-07-08 11:58:47,466 - INFO - IMAGE EVENT: Full message content: {
  "from": "2348160228045",
  "id": "wamid.HBgNMjM0ODE2MDIyODA0NRUCABIYFDNBRDgzQjQ4RUY4OEJBM0UyNUZFAA==",
  "timestamp": "1751975926",
  "text": {
    "body": "Quiz"
  },
  "type": "text"
}
2025-07-08 11:58:47,468 - INFO - IMAGE EVENT: Received message of type 'text' from 2348160228045
2025-07-08 11:58:47,470 - INFO - IMAGE EVENT: Processing message wamid.HBgNMjM0ODE2MDIyODA0NRUCABIYFDNBRDgzQjQ4RUY4OEJBM0UyNUZFAA== for user: <sqlite3.Row object at 0x7fe7201c0dd0>
2025-07-08 11:58:47,471 - INFO - IMAGE EVENT: User state: records
2025-07-08 11:58:47,471 - INFO - IMAGE EVENT: Received text message from 2348160228045: quiz
2025-07-08 11:58:47,472 - INFO - IMAGE EVENT: Handling text message for 2348160228045: quiz
2025-07-08 11:58:47,472 - INFO - IMAGE EVENT: Quiz selection initiated for 2348160228045 with message: quiz
2025-07-08 11:58:47,978 - INFO - IMAGE EVENT: Preparing to send interactive message to 2348160228045
2025-07-08 11:58:47,978 - INFO - IMAGE EVENT: Preparing button message for 2348160228045
2025-07-08 11:58:47,978 - INFO - IMAGE EVENT: Sending request to WhatsApp API for 2348160228045
2025-07-08 11:58:47,979 - INFO - IMAGE EVENT: Request data: {
  "messaging_product": "whatsapp",
  "to": "2348160228045",
  "type": "interactive",
  "interactive": {
    "type": "button",
    "body": {
      "text": "What would you like to do?"
    },
    "action": {
      "buttons": [
        {
          "type": "reply",
          "reply": {
            "id": "quiz",
            "title": "Start Quiz"
          }
        },
        {
          "type": "reply",
          "reply": {
            "id": "quiz6",
            "title": "Start quiz6"
          }
        }
      ]
    }
  }
}
2025-07-08 11:58:48,579 - INFO - IMAGE EVENT: Received response from WhatsApp API for 2348160228045 - Status: 200
2025-07-08 11:58:48,580 - INFO - IMAGE EVENT: Response content: {"messaging_product":"whatsapp","contacts":[{"input":"2348160228045","wa_id":"2348160228045"}],"messages":[{"id":"wamid.HBgNMjM0ODE2MDIyODA0NRUCABEYEkY0MEY0RkNDQkYwQTE4ODAzRQA="}]}
2025-07-08 11:58:48,580 - INFO - IMAGE EVENT: Successfully sent interactive message to 2348160228045
2025-07-08 11:58:52,161 - INFO - IMAGE EVENT: Full message content: {
  "context": {
    "from": "2349134774276",
    "id": "wamid.HBgNMjM0ODE2MDIyODA0NRUCABEYEkY0MEY0RkNDQkYwQTE4ODAzRQA="
  },
  "from": "2348160228045",
  "id": "wamid.HBgNMjM0ODE2MDIyODA0NRUCABIYFDNBRDUwQTZEMTg2NjAwNzdGNkUyAA==",
  "timestamp": "1751975931",
  "type": "interactive",
  "interactive": {
    "type": "button_reply",
    "button_reply": {
      "id": "quiz6",
      "title": "Start quiz6"
    }
  }
}
2025-07-08 11:58:52,161 - INFO - IMAGE EVENT: Received message of type 'interactive' from 2348160228045
2025-07-08 11:58:52,171 - INFO - IMAGE EVENT: Processing message wamid.HBgNMjM0ODE2MDIyODA0NRUCABIYFDNBRDUwQTZEMTg2NjAwNzdGNkUyAA== for user: <sqlite3.Row object at 0x7fe7201c0250>
2025-07-08 11:58:52,172 - INFO - IMAGE EVENT: User state: selecting_quiz
2025-07-08 11:58:52,172 - INFO - IMAGE EVENT: Processing interactive message: {
  "type": "button_reply",
  "button_reply": {
    "id": "quiz6",
    "title": "Start quiz6"
  }
}
2025-07-08 11:58:52,173 - INFO - IMAGE EVENT: Received button reply: id=quiz6, text=Start quiz6
2025-07-08 11:58:52,173 - INFO - IMAGE EVENT: Handling other button response
2025-07-08 11:58:52,173 - INFO - IMAGE EVENT: Button/List response received: id=quiz6, text=Start quiz6
2025-07-08 11:58:52,173 - INFO - IMAGE EVENT: Unknown button/list response: quiz6 from 2348160228045
2025-07-08 11:58:52,178 - INFO - IMAGE EVENT: Handling text message for 2348160228045: Start quiz6
2025-07-08 11:58:52,178 - INFO - IMAGE EVENT: Quiz selection initiated for 2348160228045 with message: Start quiz6
2025-07-08 11:58:52,187 - INFO - IMAGE EVENT: Starting quiz6 for user 122 at question 0
2025-07-08 11:58:52,188 - INFO - IMAGE EVENT: Preparing to send interactive message to 2348160228045
2025-07-08 11:58:52,188 - INFO - IMAGE EVENT: Preparing button message for 2348160228045
2025-07-08 11:58:52,188 - INFO - IMAGE EVENT: Sending request to WhatsApp API for 2348160228045
2025-07-08 11:58:52,188 - INFO - IMAGE EVENT: Request data: {
  "messaging_product": "whatsapp",
  "to": "2348160228045",
  "type": "interactive",
  "interactive": {
    "type": "button",
    "body": {
      "text": "Question 1 out of 5:\n\nWhat is operational management primarily concerned with?\n\nA) Marketing only\nB) Day-to-day business activities\nC) Yearly planning only\n"
    },
    "action": {
      "buttons": [
        {
          "type": "reply",
          "reply": {
            "id": "option_A",
            "title": "A"
          }
        },
        {
          "type": "reply",
          "reply": {
            "id": "option_B",
            "title": "B"
          }
        },
        {
          "type": "reply",
          "reply": {
            "id": "option_C",
            "title": "C"
          }
        }
      ]
    }
  }
}
2025-07-08 11:58:52,677 - INFO - IMAGE EVENT: Received response from WhatsApp API for 2348160228045 - Status: 200
2025-07-08 11:58:52,678 - INFO - IMAGE EVENT: Response content: {"messaging_product":"whatsapp","contacts":[{"input":"2348160228045","wa_id":"2348160228045"}],"messages":[{"id":"wamid.HBgNMjM0ODE2MDIyODA0NRUCABEYEjE5REIxQ0M1NEYzN0EzNUNDQgA="}]}
2025-07-08 11:58:52,679 - INFO - IMAGE EVENT: Successfully sent interactive message to 2348160228045
2025-07-08 11:59:06,063 - INFO - IMAGE EVENT: Full message content: {
  "context": {
    "from": "2349134774276",
    "id": "wamid.HBgNMjM0ODE2MDIyODA0NRUCABEYEjE5REIxQ0M1NEYzN0EzNUNDQgA="
  },
  "from": "2348160228045",
  "id": "wamid.HBgNMjM0ODE2MDIyODA0NRUCABIYFDNBRDVDNThGNUE1NjI2MzBEM0I5AA==",
  "timestamp": "1751975945",
  "type": "interactive",
  "interactive": {
    "type": "button_reply",
    "button_reply": {
      "id": "option_B",
      "title": "B"
    }
  }
}
2025-07-08 11:59:06,064 - INFO - IMAGE EVENT: Received message of type 'interactive' from 2348160228045
2025-07-08 11:59:06,065 - INFO - IMAGE EVENT: Processing message wamid.HBgNMjM0ODE2MDIyODA0NRUCABIYFDNBRDVDNThGNUE1NjI2MzBEM0I5AA== for user: <sqlite3.Row object at 0x7fe7201c0550>
2025-07-08 11:59:06,065 - INFO - IMAGE EVENT: User state: quiz_0
2025-07-08 11:59:06,066 - INFO - IMAGE EVENT: Processing interactive message: {
  "type": "button_reply",
  "button_reply": {
    "id": "option_B",
    "title": "B"
  }
}
2025-07-08 11:59:06,066 - INFO - IMAGE EVENT: Received button reply: id=option_B, text=B
2025-07-08 11:59:06,066 - INFO - IMAGE EVENT: Handling other button response
2025-07-08 11:59:06,066 - INFO - IMAGE EVENT: Button/List response received: id=option_B, text=B
2025-07-08 11:59:06,066 - INFO - IMAGE EVENT: Unknown button/list response: option_B from 2348160228045
2025-07-08 11:59:06,066 - INFO - IMAGE EVENT: Handling text message for 2348160228045: B
2025-07-08 11:59:06,066 - INFO - IMAGE EVENT: Handling quiz response for 2348160228045: B
2025-07-08 11:59:06,067 - INFO - IMAGE EVENT: User 122 answered question 1 correctly
2025-07-08 11:59:06,067 - INFO - IMAGE EVENT: Inserted response for user 122: question 1, correct=1, quiz=quiz6
2025-07-08 11:59:06,577 - INFO - IMAGE EVENT: Moving to next question. New index: 1
2025-07-08 11:59:06,606 - INFO - IMAGE EVENT: Preparing to send interactive message to 2348160228045
2025-07-08 11:59:06,671 - INFO - IMAGE EVENT: Preparing button message for 2348160228045
2025-07-08 11:59:06,671 - INFO - IMAGE EVENT: Sending request to WhatsApp API for 2348160228045
2025-07-08 11:59:06,672 - INFO - IMAGE EVENT: Request data: {
  "messaging_product": "whatsapp",
  "to": "2348160228045",
  "type": "interactive",
  "interactive": {
    "type": "button",
    "body": {
      "text": "Question 2 out of 5:\n\nWhich is a key component of supply chain management?\n\nA) Social media marketing\nB) Supplier relationships\nC) Employee salaries\n"
    },
    "action": {
      "buttons": [
        {
          "type": "reply",
          "reply": {
            "id": "option_A",
            "title": "A"
          }
        },
        {
          "type": "reply",
          "reply": {
            "id": "option_B",
            "title": "B"
          }
        },
        {
          "type": "reply",
          "reply": {
            "id": "option_C",
            "title": "C"
          }
        }
      ]
    }
  }
}
2025-07-08 11:59:07,226 - INFO - IMAGE EVENT: Received response from WhatsApp API for 2348160228045 - Status: 200
2025-07-08 11:59:07,227 - INFO - IMAGE EVENT: Response content: {"messaging_product":"whatsapp","contacts":[{"input":"2348160228045","wa_id":"2348160228045"}],"messages":[{"id":"wamid.HBgNMjM0ODE2MDIyODA0NRUCABEYEjk5MzZGQTE0NzU3MzU0NUQ0NQA="}]}
2025-07-08 11:59:07,227 - INFO - IMAGE EVENT: Successfully sent interactive message to 2348160228045
2025-07-08 11:59:14,860 - INFO - IMAGE EVENT: Full message content: {
  "context": {
    "from": "2349134774276",
    "id": "wamid.HBgNMjM0ODE2MDIyODA0NRUCABEYEjk5MzZGQTE0NzU3MzU0NUQ0NQA="
  },
  "from": "2348160228045",
  "id": "wamid.HBgNMjM0ODE2MDIyODA0NRUCABIYFDNBNUQ4MDY4QzgxNEY4QkI1OTMxAA==",
  "timestamp": "1751975953",
  "type": "interactive",
  "interactive": {
    "type": "button_reply",
    "button_reply": {
      "id": "option_B",
      "title": "B"
    }
  }
}
2025-07-08 11:59:14,860 - INFO - IMAGE EVENT: Received message of type 'interactive' from 2348160228045
2025-07-08 11:59:14,862 - INFO - IMAGE EVENT: Processing message wamid.HBgNMjM0ODE2MDIyODA0NRUCABIYFDNBNUQ4MDY4QzgxNEY4QkI1OTMxAA== for user: <sqlite3.Row object at 0x7fe7201c0fb0>
2025-07-08 11:59:14,862 - INFO - IMAGE EVENT: User state: quiz_1
2025-07-08 11:59:14,863 - INFO - IMAGE EVENT: Processing interactive message: {
  "type": "button_reply",
  "button_reply": {
    "id": "option_B",
    "title": "B"
  }
}
2025-07-08 11:59:14,863 - INFO - IMAGE EVENT: Received button reply: id=option_B, text=B
2025-07-08 11:59:14,866 - INFO - IMAGE EVENT: Handling other button response
2025-07-08 11:59:14,866 - INFO - IMAGE EVENT: Button/List response received: id=option_B, text=B
2025-07-08 11:59:14,866 - INFO - IMAGE EVENT: Unknown button/list response: option_B from 2348160228045
2025-07-08 11:59:14,866 - INFO - IMAGE EVENT: Handling text message for 2348160228045: B
2025-07-08 11:59:14,867 - INFO - IMAGE EVENT: Handling quiz response for 2348160228045: B
2025-07-08 11:59:14,867 - INFO - IMAGE EVENT: User 122 answered question 2 correctly
2025-07-08 11:59:14,867 - INFO - IMAGE EVENT: Inserted response for user 122: question 2, correct=1, quiz=quiz6
2025-07-08 11:59:15,466 - INFO - IMAGE EVENT: Moving to next question. New index: 2
2025-07-08 11:59:15,566 - INFO - IMAGE EVENT: Preparing to send interactive message to 2348160228045
2025-07-08 11:59:15,567 - INFO - IMAGE EVENT: Preparing button message for 2348160228045
2025-07-08 11:59:15,567 - INFO - IMAGE EVENT: Sending request to WhatsApp API for 2348160228045
2025-07-08 11:59:15,568 - INFO - IMAGE EVENT: Request data: {
  "messaging_product": "whatsapp",
  "to": "2348160228045",
  "type": "interactive",
  "interactive": {
    "type": "button",
    "body": {
      "text": "Question 3 out of 5:\n\nWhat is the first step in process mapping?\n\nA) Hiring staff\nB) Identifying core processes\nC) Buying equipment\n"
    },
    "action": {
      "buttons": [
        {
          "type": "reply",
          "reply": {
            "id": "option_A",
            "title": "A"
          }
        },
        {
          "type": "reply",
          "reply": {
            "id": "option_B",
            "title": "B"
          }
        },
        {
          "type": "reply",
          "reply": {
            "id": "option_C",
            "title": "C"
          }
        }
      ]
    }
  }
}
2025-07-08 11:59:16,108 - INFO - IMAGE EVENT: Received response from WhatsApp API for 2348160228045 - Status: 200
2025-07-08 11:59:16,108 - INFO - IMAGE EVENT: Response content: {"messaging_product":"whatsapp","contacts":[{"input":"2348160228045","wa_id":"2348160228045"}],"messages":[{"id":"wamid.HBgNMjM0ODE2MDIyODA0NRUCABEYEjU3QTQ0OEQwNjdCMEE0RTEyNAA="}]}
2025-07-08 11:59:16,108 - INFO - IMAGE EVENT: Successfully sent interactive message to 2348160228045
2025-07-08 11:59:23,202 - INFO - IMAGE EVENT: Full message content: {
  "context": {
    "from": "2349134774276",
    "id": "wamid.HBgNMjM0ODE2MDIyODA0NRUCABEYEjU3QTQ0OEQwNjdCMEE0RTEyNAA="
  },
  "from": "2348160228045",
  "id": "wamid.HBgNMjM0ODE2MDIyODA0NRUCABIYFDNBNDZDRDM3RjJDMzE1QURFMjU1AA==",
  "timestamp": "1751975962",
  "type": "interactive",
  "interactive": {
    "type": "button_reply",
    "button_reply": {
      "id": "option_B",
      "title": "B"
    }
  }
}
2025-07-08 11:59:23,203 - INFO - IMAGE EVENT: Received message of type 'interactive' from 2348160228045
2025-07-08 11:59:23,204 - INFO - IMAGE EVENT: Processing message wamid.HBgNMjM0ODE2MDIyODA0NRUCABIYFDNBNDZDRDM3RjJDMzE1QURFMjU1AA== for user: <sqlite3.Row object at 0x7fe7201c0390>
2025-07-08 11:59:23,204 - INFO - IMAGE EVENT: User state: quiz_2
2025-07-08 11:59:23,204 - INFO - IMAGE EVENT: Processing interactive message: {
  "type": "button_reply",
  "button_reply": {
    "id": "option_B",
    "title": "B"
  }
}
2025-07-08 11:59:23,205 - INFO - IMAGE EVENT: Received button reply: id=option_B, text=B
2025-07-08 11:59:23,205 - INFO - IMAGE EVENT: Handling other button response
2025-07-08 11:59:23,205 - INFO - IMAGE EVENT: Button/List response received: id=option_B, text=B
2025-07-08 11:59:23,205 - INFO - IMAGE EVENT: Unknown button/list response: option_B from 2348160228045
2025-07-08 11:59:23,205 - INFO - IMAGE EVENT: Handling text message for 2348160228045: B
2025-07-08 11:59:23,205 - INFO - IMAGE EVENT: Handling quiz response for 2348160228045: B
2025-07-08 11:59:23,206 - INFO - IMAGE EVENT: User 122 answered question 3 correctly
2025-07-08 11:59:23,207 - INFO - IMAGE EVENT: Inserted response for user 122: question 3, correct=1, quiz=quiz6
2025-07-08 11:59:23,696 - INFO - IMAGE EVENT: Moving to next question. New index: 3
2025-07-08 11:59:23,773 - INFO - IMAGE EVENT: Preparing to send interactive message to 2348160228045
2025-07-08 11:59:23,774 - INFO - IMAGE EVENT: Preparing button message for 2348160228045
2025-07-08 11:59:23,774 - INFO - IMAGE EVENT: Sending request to WhatsApp API for 2348160228045
2025-07-08 11:59:23,774 - INFO - IMAGE EVENT: Request data: {
  "messaging_product": "whatsapp",
  "to": "2348160228045",
  "type": "interactive",
  "interactive": {
    "type": "button",
    "body": {
      "text": "Question 4 out of 5:\n\nHow should technology adoption be approached?\n\nA) Buy the most expensive option\nB) Ignore it completely\nC) Based on cost-benefit analysis\n"
    },
    "action": {
      "buttons": [
        {
          "type": "reply",
          "reply": {
            "id": "option_A",
            "title": "A"
          }
        },
        {
          "type": "reply",
          "reply": {
            "id": "option_B",
            "title": "B"
          }
        },
        {
          "type": "reply",
          "reply": {
            "id": "option_C",
            "title": "C"
          }
        }
      ]
    }
  }
}
2025-07-08 11:59:24,191 - INFO - IMAGE EVENT: Received response from WhatsApp API for 2348160228045 - Status: 200
2025-07-08 11:59:24,192 - INFO - IMAGE EVENT: Response content: {"messaging_product":"whatsapp","contacts":[{"input":"2348160228045","wa_id":"2348160228045"}],"messages":[{"id":"wamid.HBgNMjM0ODE2MDIyODA0NRUCABEYEkI5NzY1QkUwQ0FGMkI1MUIyMAA="}]}
2025-07-08 11:59:24,193 - INFO - IMAGE EVENT: Successfully sent interactive message to 2348160228045
2025-07-08 11:59:31,900 - INFO - IMAGE EVENT: Full message content: {
  "context": {
    "from": "2349134774276",
    "id": "wamid.HBgNMjM0ODE2MDIyODA0NRUCABEYEkI5NzY1QkUwQ0FGMkI1MUIyMAA="
  },
  "from": "2348160228045",
  "id": "wamid.HBgNMjM0ODE2MDIyODA0NRUCABIYFDNBQTZFNUJBMzgxODQyQzUwM0I2AA==",
  "timestamp": "1751975971",
  "type": "interactive",
  "interactive": {
    "type": "button_reply",
    "button_reply": {
      "id": "option_C",
      "title": "C"
    }
  }
}
2025-07-08 11:59:31,901 - INFO - IMAGE EVENT: Received message of type 'interactive' from 2348160228045
2025-07-08 11:59:31,902 - INFO - IMAGE EVENT: Processing message wamid.HBgNMjM0ODE2MDIyODA0NRUCABIYFDNBQTZFNUJBMzgxODQyQzUwM0I2AA== for user: <sqlite3.Row object at 0x7fe7201c03f0>
2025-07-08 11:59:31,902 - INFO - IMAGE EVENT: User state: quiz_3
2025-07-08 11:59:31,903 - INFO - IMAGE EVENT: Processing interactive message: {
  "type": "button_reply",
  "button_reply": {
    "id": "option_C",
    "title": "C"
  }
}
2025-07-08 11:59:31,903 - INFO - IMAGE EVENT: Received button reply: id=option_C, text=C
2025-07-08 11:59:31,904 - INFO - IMAGE EVENT: Handling other button response
2025-07-08 11:59:31,905 - INFO - IMAGE EVENT: Button/List response received: id=option_C, text=C
2025-07-08 11:59:31,905 - INFO - IMAGE EVENT: Unknown button/list response: option_C from 2348160228045
2025-07-08 11:59:31,905 - INFO - IMAGE EVENT: Handling text message for 2348160228045: C
2025-07-08 11:59:31,906 - INFO - IMAGE EVENT: Handling quiz response for 2348160228045: C
2025-07-08 11:59:31,906 - INFO - IMAGE EVENT: User 122 answered question 4 correctly
2025-07-08 11:59:31,907 - INFO - IMAGE EVENT: Inserted response for user 122: question 4, correct=1, quiz=quiz6
2025-07-08 11:59:32,332 - INFO - IMAGE EVENT: Moving to next question. New index: 4
2025-07-08 11:59:32,339 - INFO - IMAGE EVENT: Preparing to send interactive message to 2348160228045
2025-07-08 11:59:32,339 - INFO - IMAGE EVENT: Preparing button message for 2348160228045
2025-07-08 11:59:32,339 - INFO - IMAGE EVENT: Sending request to WhatsApp API for 2348160228045
2025-07-08 11:59:32,340 - INFO - IMAGE EVENT: Request data: {
  "messaging_product": "whatsapp",
  "to": "2348160228045",
  "type": "interactive",
  "interactive": {
    "type": "button",
    "body": {
      "text": "Question 5 out of 5:\n\nWhat is the primary goal of quality control?\n\nA) Increasing prices\nB) Maintaining standards\nC) Reducing staff\n"
    },
    "action": {
      "buttons": [
        {
          "type": "reply",
          "reply": {
            "id": "option_A",
            "title": "A"
          }
        },
        {
          "type": "reply",
          "reply": {
            "id": "option_B",
            "title": "B"
          }
        },
        {
          "type": "reply",
          "reply": {
            "id": "option_C",
            "title": "C"
          }
        }
      ]
    }
  }
}
2025-07-08 11:59:32,880 - INFO - IMAGE EVENT: Received response from WhatsApp API for 2348160228045 - Status: 200
2025-07-08 11:59:32,881 - INFO - IMAGE EVENT: Response content: {"messaging_product":"whatsapp","contacts":[{"input":"2348160228045","wa_id":"2348160228045"}],"messages":[{"id":"wamid.HBgNMjM0ODE2MDIyODA0NRUCABEYEjcxRkQ4QkE0RTk2MUQ2RkY2OQA="}]}
2025-07-08 11:59:32,881 - INFO - IMAGE EVENT: Successfully sent interactive message to 2348160228045
2025-07-08 11:59:44,383 - INFO - IMAGE EVENT: Full message content: {
  "context": {
    "from": "2349134774276",
    "id": "wamid.HBgNMjM0ODE2MDIyODA0NRUCABEYEjcxRkQ4QkE0RTk2MUQ2RkY2OQA="
  },
  "from": "2348160228045",
  "id": "wamid.HBgNMjM0ODE2MDIyODA0NRUCABIYFDNBMTMyMjQ2MzQ1REQ5RUExQUFDAA==",
  "timestamp": "1751975983",
  "type": "interactive",
  "interactive": {
    "type": "button_reply",
    "button_reply": {
      "id": "option_B",
      "title": "B"
    }
  }
}
2025-07-08 11:59:44,384 - INFO - IMAGE EVENT: Received message of type 'interactive' from 2348160228045
2025-07-08 11:59:44,385 - INFO - IMAGE EVENT: Processing message wamid.HBgNMjM0ODE2MDIyODA0NRUCABIYFDNBMTMyMjQ2MzQ1REQ5RUExQUFDAA== for user: <sqlite3.Row object at 0x7fe7201c0290>
2025-07-08 11:59:44,385 - INFO - IMAGE EVENT: User state: quiz_4
2025-07-08 11:59:44,385 - INFO - IMAGE EVENT: Processing interactive message: {
  "type": "button_reply",
  "button_reply": {
    "id": "option_B",
    "title": "B"
  }
}
2025-07-08 11:59:44,385 - INFO - IMAGE EVENT: Received button reply: id=option_B, text=B
2025-07-08 11:59:44,385 - INFO - IMAGE EVENT: Handling other button response
2025-07-08 11:59:44,385 - INFO - IMAGE EVENT: Button/List response received: id=option_B, text=B
2025-07-08 11:59:44,386 - INFO - IMAGE EVENT: Unknown button/list response: option_B from 2348160228045
2025-07-08 11:59:44,386 - INFO - IMAGE EVENT: Handling text message for 2348160228045: B
2025-07-08 11:59:44,413 - INFO - IMAGE EVENT: Handling quiz response for 2348160228045: B
2025-07-08 11:59:44,413 - INFO - IMAGE EVENT: User 122 answered question 5 correctly
2025-07-08 11:59:44,413 - INFO - IMAGE EVENT: Inserted response for user 122: question 5, correct=1, quiz=quiz6
2025-07-08 11:59:45,007 - INFO - IMAGE EVENT: Moving to next question. New index: 5
2025-07-08 11:59:45,007 - INFO - IMAGE EVENT: Finishing quiz quiz6 for user 122
2025-07-08 11:59:45,688 - INFO - IMAGE EVENT: Database updated for user 122 after finishing quiz quiz6
2025-07-08 11:59:45,688 - INFO - IMAGE EVENT: Preparing to send interactive message to 2348160228045
2025-07-08 11:59:45,688 - INFO - IMAGE EVENT: Preparing button message for 2348160228045
2025-07-08 11:59:45,688 - INFO - IMAGE EVENT: Sending request to WhatsApp API for 2348160228045
2025-07-08 11:59:45,688 - INFO - IMAGE EVENT: Request data: {
  "messaging_product": "whatsapp",
  "to": "2348160228045",
  "type": "interactive",
  "interactive": {
    "type": "button",
    "body": {
      "text": "What would you like to do next?"
    },
    "action": {
      "buttons": [
        {
          "type": "reply",
          "reply": {
            "id": "quiz",
            "title": "Take Another Quiz"
          }
        },
        {
          "type": "reply",
          "reply": {
            "id": "records",
            "title": "Switch to Records"
          }
        },
        {
          "type": "reply",
          "reply": {
            "id": "ai_chat",
            "title": "Review Mistakes (AI)"
          }
        }
      ]
    }
  }
}
2025-07-08 11:59:46,534 - INFO - IMAGE EVENT: Received response from WhatsApp API for 2348160228045 - Status: 200
2025-07-08 11:59:46,535 - INFO - IMAGE EVENT: Response content: {"messaging_product":"whatsapp","contacts":[{"input":"2348160228045","wa_id":"2348160228045"}],"messages":[{"id":"wamid.HBgNMjM0ODE2MDIyODA0NRUCABEYEjIzREZGRTFDRjJEMUVGMUFFQwA="}]}
2025-07-08 11:59:46,535 - INFO - IMAGE EVENT: Successfully sent interactive message to 2348160228045
2025-07-08 11:59:46,535 - INFO - IMAGE EVENT: Quiz quiz6 finished successfully for user 122
2025-07-08 11:59:53,772 - INFO - IMAGE EVENT: Full message content: {
  "context": {
    "from": "2349134774276",
    "id": "wamid.HBgNMjM0ODE2MDIyODA0NRUCABEYEjIzREZGRTFDRjJEMUVGMUFFQwA="
  },
  "from": "2348160228045",
  "id": "wamid.HBgNMjM0ODE2MDIyODA0NRUCABIYFDNBNDIxQzZFN0U5ODA2RTIyRDM2AA==",
  "timestamp": "1751975992",
  "type": "interactive",
  "interactive": {
    "type": "button_reply",
    "button_reply": {
      "id": "records",
      "title": "Switch to Records"
    }
  }
}
2025-07-08 11:59:53,772 - INFO - IMAGE EVENT: Received message of type 'interactive' from 2348160228045
2025-07-08 11:59:53,773 - INFO - IMAGE EVENT: Processing message wamid.HBgNMjM0ODE2MDIyODA0NRUCABIYFDNBNDIxQzZFN0U5ODA2RTIyRDM2AA== for user: <sqlite3.Row object at 0x7fe7201c0510>
2025-07-08 11:59:53,774 - INFO - IMAGE EVENT: User state: awaiting_choice
2025-07-08 11:59:53,775 - INFO - IMAGE EVENT: Processing interactive message: {
  "type": "button_reply",
  "button_reply": {
    "id": "records",
    "title": "Switch to Records"
  }
}
2025-07-08 11:59:53,775 - INFO - IMAGE EVENT: Received button reply: id=records, text=Switch to Records
2025-07-08 11:59:53,775 - INFO - IMAGE EVENT: Handling other button response
2025-07-08 11:59:53,776 - INFO - IMAGE EVENT: Button/List response received: id=records, text=Switch to Records
2025-07-08 11:59:53,776 - INFO - IMAGE EVENT: Handling Switch to Records request for 2348160228045
2025-07-08 11:59:53,776 - INFO - IMAGE EVENT: Handling text message for 2348160228045: Switch to Records
2025-07-08 11:59:55,877 - INFO - IMAGE EVENT: Presenting main options to user 2348160228045
2025-07-08 11:59:55,878 - INFO - IMAGE EVENT: Preparing to send interactive message to 2348160228045
2025-07-08 11:59:55,878 - INFO - IMAGE EVENT: Preparing button message for 2348160228045
2025-07-08 11:59:55,955 - INFO - IMAGE EVENT: Sending request to WhatsApp API for 2348160228045
2025-07-08 11:59:55,955 - INFO - IMAGE EVENT: Request data: {
  "messaging_product": "whatsapp",
  "to": "2348160228045",
  "type": "interactive",
  "interactive": {
    "type": "button",
    "body": {
      "text": "What would you like to do next?"
    },
    "action": {
      "buttons": [
        {
          "type": "reply",
          "reply": {
            "id": "quiz",
            "title": "Start Quiz"
          }
        },
        {
          "type": "reply",
          "reply": {
            "id": "records",
            "title": "Record Keeping"
          }
        },
        {
          "type": "reply",
          "reply": {
            "id": "settings",
            "title": "Settings"
          }
        }
      ]
    }
  }
}
2025-07-08 11:59:56,406 - INFO - IMAGE EVENT: Received response from WhatsApp API for 2348160228045 - Status: 200
2025-07-08 11:59:56,407 - INFO - IMAGE EVENT: Response content: {"messaging_product":"whatsapp","contacts":[{"input":"2348160228045","wa_id":"2348160228045"}],"messages":[{"id":"wamid.HBgNMjM0ODE2MDIyODA0NRUCABEYEjgxMTU3MTk0MkFDN0YzOTM0RQA="}]}
2025-07-08 11:59:56,408 - INFO - IMAGE EVENT: Successfully sent interactive message to 2348160228045
2025-07-08 12:03:07,973 - INFO - IMAGE EVENT: Full message content: {
  "from": "2348105621982",
  "id": "wamid.HBgNMjM0ODEwNTYyMTk4MhUCABIYFDNBRENEQUZBQkI4RjRERTRDOThGAA==",
  "timestamp": "1751976185",
  "text": {
    "body": "Hi, this is empowerlocals, you can edit this intro message!"
  },
  "type": "text"
}
2025-07-08 12:03:07,973 - INFO - IMAGE EVENT: Received message of type 'text' from 2348105621982
2025-07-08 12:03:07,974 - INFO - IMAGE EVENT: Processing message wamid.HBgNMjM0ODEwNTYyMTk4MhUCABIYFDNBRENEQUZBQkI4RjRERTRDOThGAA== for user: <sqlite3.Row object at 0x7fe7201c0d50>
2025-07-08 12:03:07,975 - INFO - IMAGE EVENT: User state: awaiting_choice
2025-07-08 12:03:07,975 - INFO - IMAGE EVENT: Received text message from 2348105621982: hi, this is empowerlocals, you can edit this intro message!
2025-07-08 12:03:07,982 - INFO - IMAGE EVENT: Handling text message for 2348105621982: hi, this is empowerlocals, you can edit this intro message!
2025-07-08 12:03:08,486 - INFO - IMAGE EVENT: Presenting main options to user 2348105621982
2025-07-08 12:03:08,494 - INFO - IMAGE EVENT: Preparing to send interactive message to 2348105621982
2025-07-08 12:03:08,494 - INFO - IMAGE EVENT: Preparing button message for 2348105621982
2025-07-08 12:03:08,494 - INFO - IMAGE EVENT: Sending request to WhatsApp API for 2348105621982
2025-07-08 12:03:08,495 - INFO - IMAGE EVENT: Request data: {
  "messaging_product": "whatsapp",
  "to": "2348105621982",
  "type": "interactive",
  "interactive": {
    "type": "button",
    "body": {
      "text": "What would you like to do next?"
    },
    "action": {
      "buttons": [
        {
          "type": "reply",
          "reply": {
            "id": "quiz",
            "title": "Start Quiz"
          }
        },
        {
          "type": "reply",
          "reply": {
            "id": "records",
            "title": "Record Keeping"
          }
        },
        {
          "type": "reply",
          "reply": {
            "id": "settings",
            "title": "Settings"
          }
        }
      ]
    }
  }
}
2025-07-08 12:03:08,965 - INFO - IMAGE EVENT: Received response from WhatsApp API for 2348105621982 - Status: 200
2025-07-08 12:03:08,966 - INFO - IMAGE EVENT: Response content: {"messaging_product":"whatsapp","contacts":[{"input":"2348105621982","wa_id":"2348105621982"}],"messages":[{"id":"wamid.HBgNMjM0ODEwNTYyMTk4MhUCABEYEkNGMDZGQzhFQTk5QUU4MzZDMAA="}]}
2025-07-08 12:03:08,967 - INFO - IMAGE EVENT: Successfully sent interactive message to 2348105621982
2025-07-08 12:03:13,504 - INFO - IMAGE EVENT: Full message content: {
  "context": {
    "from": "2349134774276",
    "id": "wamid.HBgNMjM0ODEwNTYyMTk4MhUCABEYEkNGMDZGQzhFQTk5QUU4MzZDMAA="
  },
  "from": "2348105621982",
  "id": "wamid.HBgNMjM0ODEwNTYyMTk4MhUCABIYFDNBNjUwMzRCODc2NTEyODg2MDNGAA==",
  "timestamp": "1751976192",
  "type": "interactive",
  "interactive": {
    "type": "button_reply",
    "button_reply": {
      "id": "quiz",
      "title": "Start Quiz"
    }
  }
}
2025-07-08 12:03:13,554 - INFO - IMAGE EVENT: Received message of type 'interactive' from 2348105621982
2025-07-08 12:03:13,555 - INFO - IMAGE EVENT: Processing message wamid.HBgNMjM0ODEwNTYyMTk4MhUCABIYFDNBNjUwMzRCODc2NTEyODg2MDNGAA== for user: <sqlite3.Row object at 0x7fe7201c0dd0>
2025-07-08 12:03:13,556 - INFO - IMAGE EVENT: User state: main_menu
2025-07-08 12:03:13,556 - INFO - IMAGE EVENT: Processing interactive message: {
  "type": "button_reply",
  "button_reply": {
    "id": "quiz",
    "title": "Start Quiz"
  }
}
2025-07-08 12:03:13,557 - INFO - IMAGE EVENT: Received button reply: id=quiz, text=Start Quiz
2025-07-08 12:03:13,557 - INFO - IMAGE EVENT: Handling other button response
2025-07-08 12:03:13,557 - INFO - IMAGE EVENT: Button/List response received: id=quiz, text=Start Quiz
2025-07-08 12:03:13,558 - INFO - IMAGE EVENT: Handling Start Quiz request for 2348105621982
2025-07-08 12:03:13,559 - INFO - IMAGE EVENT: Handling text message for 2348105621982: Start Quiz
2025-07-08 12:03:13,561 - INFO - IMAGE EVENT: Quiz selection initiated for 2348105621982 with message: Start Quiz
2025-07-08 12:03:14,089 - INFO - IMAGE EVENT: Preparing to send interactive message to 2348105621982
2025-07-08 12:03:14,156 - INFO - IMAGE EVENT: Preparing button message for 2348105621982
2025-07-08 12:03:14,156 - INFO - IMAGE EVENT: Sending request to WhatsApp API for 2348105621982
2025-07-08 12:03:14,156 - INFO - IMAGE EVENT: Request data: {
  "messaging_product": "whatsapp",
  "to": "2348105621982",
  "type": "interactive",
  "interactive": {
    "type": "button",
    "body": {
      "text": "What would you like to do?"
    },
    "action": {
      "buttons": [
        {
          "type": "reply",
          "reply": {
            "id": "quiz",
            "title": "Start Quiz"
          }
        }
      ]
    }
  }
}
2025-07-08 12:03:14,537 - INFO - IMAGE EVENT: Received response from WhatsApp API for 2348105621982 - Status: 200
2025-07-08 12:03:14,538 - INFO - IMAGE EVENT: Response content: {"messaging_product":"whatsapp","contacts":[{"input":"2348105621982","wa_id":"2348105621982"}],"messages":[{"id":"wamid.HBgNMjM0ODEwNTYyMTk4MhUCABEYEkFCMDAzOTRDMjdEQzUwMUQ3NwA="}]}
2025-07-08 12:03:14,539 - INFO - IMAGE EVENT: Successfully sent interactive message to 2348105621982
2025-07-08 12:03:17,572 - INFO - IMAGE EVENT: Full message content: {
  "context": {
    "from": "2349134774276",
    "id": "wamid.HBgNMjM0ODEwNTYyMTk4MhUCABEYEkFCMDAzOTRDMjdEQzUwMUQ3NwA="
  },
  "from": "2348105621982",
  "id": "wamid.HBgNMjM0ODEwNTYyMTk4MhUCABIYFDNBMEFCNUVCRDBFRTkzREMwRTlDAA==",
  "timestamp": "1751976196",
  "type": "interactive",
  "interactive": {
    "type": "button_reply",
    "button_reply": {
      "id": "quiz",
      "title": "Start Quiz"
    }
  }
}
2025-07-08 12:03:17,574 - INFO - IMAGE EVENT: Received message of type 'interactive' from 2348105621982
2025-07-08 12:03:17,575 - INFO - IMAGE EVENT: Processing message wamid.HBgNMjM0ODEwNTYyMTk4MhUCABIYFDNBMEFCNUVCRDBFRTkzREMwRTlDAA== for user: <sqlite3.Row object at 0x7fe7201c02d0>
2025-07-08 12:03:17,575 - INFO - IMAGE EVENT: User state: selecting_quiz
2025-07-08 12:03:17,575 - INFO - IMAGE EVENT: Processing interactive message: {
  "type": "button_reply",
  "button_reply": {
    "id": "quiz",
    "title": "Start Quiz"
  }
}
2025-07-08 12:03:17,576 - INFO - IMAGE EVENT: Received button reply: id=quiz, text=Start Quiz
2025-07-08 12:03:17,576 - INFO - IMAGE EVENT: Handling other button response
2025-07-08 12:03:17,576 - INFO - IMAGE EVENT: Button/List response received: id=quiz, text=Start Quiz
2025-07-08 12:03:17,576 - INFO - IMAGE EVENT: Handling Start Quiz request for 2348105621982
2025-07-08 12:03:17,576 - INFO - IMAGE EVENT: Handling text message for 2348105621982: Start Quiz
2025-07-08 12:03:17,576 - INFO - IMAGE EVENT: Quiz selection initiated for 2348105621982 with message: Start Quiz
2025-07-08 12:03:18,270 - INFO - IMAGE EVENT: Preparing to send interactive message to 2348105621982
2025-07-08 12:03:18,282 - INFO - IMAGE EVENT: Preparing button message for 2348105621982
2025-07-08 12:03:18,282 - INFO - IMAGE EVENT: Sending request to WhatsApp API for 2348105621982
2025-07-08 12:03:18,283 - INFO - IMAGE EVENT: Request data: {
  "messaging_product": "whatsapp",
  "to": "2348105621982",
  "type": "interactive",
  "interactive": {
    "type": "button",
    "body": {
      "text": "What would you like to do?"
    },
    "action": {
      "buttons": [
        {
          "type": "reply",
          "reply": {
            "id": "quiz",
            "title": "Start Quiz"
          }
        }
      ]
    }
  }
}
2025-07-08 12:03:18,674 - INFO - IMAGE EVENT: Received response from WhatsApp API for 2348105621982 - Status: 200
2025-07-08 12:03:18,765 - INFO - IMAGE EVENT: Response content: {"messaging_product":"whatsapp","contacts":[{"input":"2348105621982","wa_id":"2348105621982"}],"messages":[{"id":"wamid.HBgNMjM0ODEwNTYyMTk4MhUCABEYEjFERDFGNjJBQ0RDQUNFREQ2QgA="}]}
2025-07-08 12:03:18,766 - INFO - IMAGE EVENT: Successfully sent interactive message to 2348105621982
2025-07-08 12:04:08,280 - INFO - IMAGE EVENT: Full message content: {
  "from": "2348105621982",
  "id": "wamid.HBgNMjM0ODEwNTYyMTk4MhUCABIYFDNBQzg1MDk1NDVFNjI5QUQ0Q0E3AA==",
  "timestamp": "1751976247",
  "text": {
    "body": "Start quiz6"
  },
  "type": "text"
}
2025-07-08 12:04:08,280 - INFO - IMAGE EVENT: Received message of type 'text' from 2348105621982
2025-07-08 12:04:08,280 - INFO - IMAGE EVENT: Processing message wamid.HBgNMjM0ODEwNTYyMTk4MhUCABIYFDNBQzg1MDk1NDVFNjI5QUQ0Q0E3AA== for user: <sqlite3.Row object at 0x7fe7201c09b0>
2025-07-08 12:04:08,281 - INFO - IMAGE EVENT: User state: selecting_quiz
2025-07-08 12:04:08,281 - INFO - IMAGE EVENT: Received text message from 2348105621982: start quiz6
2025-07-08 12:04:08,281 - INFO - IMAGE EVENT: Handling text message for 2348105621982: start quiz6
2025-07-08 12:04:08,281 - INFO - IMAGE EVENT: Quiz selection initiated for 2348105621982 with message: start quiz6
2025-07-08 12:04:09,467 - INFO - IMAGE EVENT: Preparing to send interactive message to 2348105621982
2025-07-08 12:04:09,469 - INFO - IMAGE EVENT: Preparing button message for 2348105621982
2025-07-08 12:04:09,469 - INFO - IMAGE EVENT: Sending request to WhatsApp API for 2348105621982
2025-07-08 12:04:09,470 - INFO - IMAGE EVENT: Request data: {
  "messaging_product": "whatsapp",
  "to": "2348105621982",
  "type": "interactive",
  "interactive": {
    "type": "button",
    "body": {
      "text": "What would you like to do?"
    },
    "action": {
      "buttons": [
        {
          "type": "reply",
          "reply": {
            "id": "quiz",
            "title": "Start Quiz"
          }
        }
      ]
    }
  }
}
2025-07-08 12:04:09,922 - INFO - IMAGE EVENT: Received response from WhatsApp API for 2348105621982 - Status: 200
2025-07-08 12:04:09,923 - INFO - IMAGE EVENT: Response content: {"messaging_product":"whatsapp","contacts":[{"input":"2348105621982","wa_id":"2348105621982"}],"messages":[{"id":"wamid.HBgNMjM0ODEwNTYyMTk4MhUCABEYEkNEQ0I0QTFGNUI5NTk0QkQ2RgA="}]}
2025-07-08 12:04:09,923 - INFO - IMAGE EVENT: Successfully sent interactive message to 2348105621982
2025-07-08 12:04:20,383 - INFO - IMAGE EVENT: Full message content: {
  "from": "2348105621982",
  "id": "wamid.HBgNMjM0ODEwNTYyMTk4MhUCABIYFDNBMDkzNEFFQzQ3MzkyQjYzRUQyAA==",
  "timestamp": "1751976259",
  "text": {
    "body": "Start quiz7"
  },
  "type": "text"
}
2025-07-08 12:04:20,383 - INFO - IMAGE EVENT: Received message of type 'text' from 2348105621982
2025-07-08 12:04:20,384 - INFO - IMAGE EVENT: Processing message wamid.HBgNMjM0ODEwNTYyMTk4MhUCABIYFDNBMDkzNEFFQzQ3MzkyQjYzRUQyAA== for user: <sqlite3.Row object at 0x7fe7201c09f0>
2025-07-08 12:04:20,384 - INFO - IMAGE EVENT: User state: selecting_quiz
2025-07-08 12:04:20,384 - INFO - IMAGE EVENT: Received text message from 2348105621982: start quiz7
2025-07-08 12:04:20,384 - INFO - IMAGE EVENT: Handling text message for 2348105621982: start quiz7
2025-07-08 12:04:20,384 - INFO - IMAGE EVENT: Quiz selection initiated for 2348105621982 with message: start quiz7
2025-07-08 12:04:20,392 - INFO - IMAGE EVENT: Starting quiz7 for user 130 at question 0
2025-07-08 12:04:20,393 - INFO - IMAGE EVENT: Preparing to send interactive message to 2348105621982
2025-07-08 12:04:20,393 - INFO - IMAGE EVENT: Preparing button message for 2348105621982
2025-07-08 12:04:20,393 - INFO - IMAGE EVENT: Sending request to WhatsApp API for 2348105621982
2025-07-08 12:04:20,394 - INFO - IMAGE EVENT: Request data: {
  "messaging_product": "whatsapp",
  "to": "2348105621982",
  "type": "interactive",
  "interactive": {
    "type": "button",
    "body": {
      "text": "Question 1 out of 5:\n\nWhat should you consider first when planning market expansion?\n\nA) Location analysis\nB) Business logo\nC) Staff uniform\n"
    },
    "action": {
      "buttons": [
        {
          "type": "reply",
          "reply": {
            "id": "option_A",
            "title": "A"
          }
        },
        {
          "type": "reply",
          "reply": {
            "id": "option_B",
            "title": "B"
          }
        },
        {
          "type": "reply",
          "reply": {
            "id": "option_C",
            "title": "C"
          }
        }
      ]
    }
  }
}
2025-07-08 12:04:20,868 - INFO - IMAGE EVENT: Received response from WhatsApp API for 2348105621982 - Status: 200
2025-07-08 12:04:20,869 - INFO - IMAGE EVENT: Response content: {"messaging_product":"whatsapp","contacts":[{"input":"2348105621982","wa_id":"2348105621982"}],"messages":[{"id":"wamid.HBgNMjM0ODEwNTYyMTk4MhUCABEYEjYwMUNDNkJCRTgyNzlCMkE1NAA="}]}
2025-07-08 12:04:20,869 - INFO - IMAGE EVENT: Successfully sent interactive message to 2348105621982
2025-07-08 12:04:29,858 - INFO - IMAGE EVENT: Full message content: {
  "context": {
    "from": "2349134774276",
    "id": "wamid.HBgNMjM0ODEwNTYyMTk4MhUCABEYEjYwMUNDNkJCRTgyNzlCMkE1NAA="
  },
  "from": "2348105621982",
  "id": "wamid.HBgNMjM0ODEwNTYyMTk4MhUCABIYFDNBRDcwRTMxNzUwOUY3RTQzRjE3AA==",
  "timestamp": "1751976269",
  "type": "interactive",
  "interactive": {
    "type": "button_reply",
    "button_reply": {
      "id": "option_A",
      "title": "A"
    }
  }
}
2025-07-08 12:04:29,858 - INFO - IMAGE EVENT: Received message of type 'interactive' from 2348105621982
2025-07-08 12:04:29,859 - INFO - IMAGE EVENT: Processing message wamid.HBgNMjM0ODEwNTYyMTk4MhUCABIYFDNBRDcwRTMxNzUwOUY3RTQzRjE3AA== for user: <sqlite3.Row object at 0x7fe7201c0290>
2025-07-08 12:04:29,860 - INFO - IMAGE EVENT: User state: quiz_0
2025-07-08 12:04:29,860 - INFO - IMAGE EVENT: Processing interactive message: {
  "type": "button_reply",
  "button_reply": {
    "id": "option_A",
    "title": "A"
  }
}
2025-07-08 12:04:29,860 - INFO - IMAGE EVENT: Received button reply: id=option_A, text=A
2025-07-08 12:04:29,861 - INFO - IMAGE EVENT: Handling other button response
2025-07-08 12:04:29,861 - INFO - IMAGE EVENT: Button/List response received: id=option_A, text=A
2025-07-08 12:04:29,861 - INFO - IMAGE EVENT: Unknown button/list response: option_A from 2348105621982
2025-07-08 12:04:29,867 - INFO - IMAGE EVENT: Handling text message for 2348105621982: A
2025-07-08 12:04:29,867 - INFO - IMAGE EVENT: Handling quiz response for 2348105621982: A
2025-07-08 12:04:29,867 - INFO - IMAGE EVENT: User 130 answered question 1 correctly
2025-07-08 12:04:29,868 - INFO - IMAGE EVENT: Inserted response for user 130: question 1, correct=1, quiz=quiz7
2025-07-08 12:04:30,412 - INFO - IMAGE EVENT: Moving to next question. New index: 1
2025-07-08 12:04:30,475 - INFO - IMAGE EVENT: Preparing to send interactive message to 2348105621982
2025-07-08 12:04:30,475 - INFO - IMAGE EVENT: Preparing button message for 2348105621982
2025-07-08 12:04:30,475 - INFO - IMAGE EVENT: Sending request to WhatsApp API for 2348105621982
2025-07-08 12:04:30,476 - INFO - IMAGE EVENT: Request data: {
  "messaging_product": "whatsapp",
  "to": "2348105621982",
  "type": "interactive",
  "interactive": {
    "type": "button",
    "body": {
      "text": "Question 2 out of 5:\n\nWhich is most important for entering a new market?\n\nA) Expensive advertising\nB) Market research\nC) Hiring relatives\n"
    },
    "action": {
      "buttons": [
        {
          "type": "reply",
          "reply": {
            "id": "option_A",
            "title": "A"
          }
        },
        {
          "type": "reply",
          "reply": {
            "id": "option_B",
            "title": "B"
          }
        },
        {
          "type": "reply",
          "reply": {
            "id": "option_C",
            "title": "C"
          }
        }
      ]
    }
  }
}
2025-07-08 12:04:30,984 - INFO - IMAGE EVENT: Received response from WhatsApp API for 2348105621982 - Status: 200
2025-07-08 12:04:30,984 - INFO - IMAGE EVENT: Response content: {"messaging_product":"whatsapp","contacts":[{"input":"2348105621982","wa_id":"2348105621982"}],"messages":[{"id":"wamid.HBgNMjM0ODEwNTYyMTk4MhUCABEYEkMzNTlGNzAyRUY5MjJEMDk0OAA="}]}
2025-07-08 12:04:30,985 - INFO - IMAGE EVENT: Successfully sent interactive message to 2348105621982
2025-07-08 12:04:37,891 - INFO - IMAGE EVENT: Full message content: {
  "context": {
    "from": "2349134774276",
    "id": "wamid.HBgNMjM0ODEwNTYyMTk4MhUCABEYEkMzNTlGNzAyRUY5MjJEMDk0OAA="
  },
  "from": "2348105621982",
  "id": "wamid.HBgNMjM0ODEwNTYyMTk4MhUCABIYFDNBMUVDNEY3RUNCODIzQUEwMkQ0AA==",
  "timestamp": "1751976277",
  "type": "interactive",
  "interactive": {
    "type": "button_reply",
    "button_reply": {
      "id": "option_B",
      "title": "B"
    }
  }
}
2025-07-08 12:04:37,892 - INFO - IMAGE EVENT: Received message of type 'interactive' from 2348105621982
2025-07-08 12:04:37,892 - INFO - IMAGE EVENT: Processing message wamid.HBgNMjM0ODEwNTYyMTk4MhUCABIYFDNBMUVDNEY3RUNCODIzQUEwMkQ0AA== for user: <sqlite3.Row object at 0x7fe7201c06f0>
2025-07-08 12:04:37,893 - INFO - IMAGE EVENT: User state: quiz_1
2025-07-08 12:04:37,893 - INFO - IMAGE EVENT: Processing interactive message: {
  "type": "button_reply",
  "button_reply": {
    "id": "option_B",
    "title": "B"
  }
}
2025-07-08 12:04:37,893 - INFO - IMAGE EVENT: Received button reply: id=option_B, text=B
2025-07-08 12:04:37,893 - INFO - IMAGE EVENT: Handling other button response
2025-07-08 12:04:37,893 - INFO - IMAGE EVENT: Button/List response received: id=option_B, text=B
2025-07-08 12:04:37,893 - INFO - IMAGE EVENT: Unknown button/list response: option_B from 2348105621982
2025-07-08 12:04:37,893 - INFO - IMAGE EVENT: Handling text message for 2348105621982: B
2025-07-08 12:04:37,894 - INFO - IMAGE EVENT: Handling quiz response for 2348105621982: B
2025-07-08 12:04:37,954 - INFO - IMAGE EVENT: User 130 answered question 2 correctly
2025-07-08 12:04:37,955 - INFO - IMAGE EVENT: Inserted response for user 130: question 2, correct=1, quiz=quiz7
2025-07-08 12:04:38,414 - INFO - IMAGE EVENT: Moving to next question. New index: 2
2025-07-08 12:04:38,462 - INFO - IMAGE EVENT: Preparing to send interactive message to 2348105621982
2025-07-08 12:04:38,463 - INFO - IMAGE EVENT: Preparing button message for 2348105621982
2025-07-08 12:04:38,463 - INFO - IMAGE EVENT: Sending request to WhatsApp API for 2348105621982
2025-07-08 12:04:38,463 - INFO - IMAGE EVENT: Request data: {
  "messaging_product": "whatsapp",
  "to": "2348105621982",
  "type": "interactive",
  "interactive": {
    "type": "button",
    "body": {
      "text": "Question 3 out of 5:\n\nHow should you approach product line expansion?\n\nA) Copy competitors exactly\nB) Analyze customer needs\nC) Ignore market trends\n"
    },
    "action": {
      "buttons": [
        {
          "type": "reply",
          "reply": {
            "id": "option_A",
            "title": "A"
          }
        },
        {
          "type": "reply",
          "reply": {
            "id": "option_B",
            "title": "B"
          }
        },
        {
          "type": "reply",
          "reply": {
            "id": "option_C",
            "title": "C"
          }
        }
      ]
    }
  }
}
2025-07-08 12:04:38,884 - INFO - IMAGE EVENT: Received response from WhatsApp API for 2348105621982 - Status: 200
2025-07-08 12:04:38,955 - INFO - IMAGE EVENT: Response content: {"messaging_product":"whatsapp","contacts":[{"input":"2348105621982","wa_id":"2348105621982"}],"messages":[{"id":"wamid.HBgNMjM0ODEwNTYyMTk4MhUCABEYEjVFQkM3QTJDQTk3MjU2QTJENgA="}]}
2025-07-08 12:04:38,956 - INFO - IMAGE EVENT: Successfully sent interactive message to 2348105621982
2025-07-08 12:04:48,499 - INFO - IMAGE EVENT: Full message content: {
  "context": {
    "from": "2349134774276",
    "id": "wamid.HBgNMjM0ODEwNTYyMTk4MhUCABEYEjVFQkM3QTJDQTk3MjU2QTJENgA="
  },
  "from": "2348105621982",
  "id": "wamid.HBgNMjM0ODEwNTYyMTk4MhUCABIYFDNBRkQ2QTE4MzM1QTE4OTFDNjU5AA==",
  "timestamp": "1751976287",
  "type": "interactive",
  "interactive": {
    "type": "button_reply",
    "button_reply": {
      "id": "option_B",
      "title": "B"
    }
  }
}
2025-07-08 12:04:48,499 - INFO - IMAGE EVENT: Received message of type 'interactive' from 2348105621982
2025-07-08 12:04:48,500 - INFO - IMAGE EVENT: Processing message wamid.HBgNMjM0ODEwNTYyMTk4MhUCABIYFDNBRkQ2QTE4MzM1QTE4OTFDNjU5AA== for user: <sqlite3.Row object at 0x7fe7201c0c70>
2025-07-08 12:04:48,500 - INFO - IMAGE EVENT: User state: quiz_2
2025-07-08 12:04:48,501 - INFO - IMAGE EVENT: Processing interactive message: {
  "type": "button_reply",
  "button_reply": {
    "id": "option_B",
    "title": "B"
  }
}
2025-07-08 12:04:48,501 - INFO - IMAGE EVENT: Received button reply: id=option_B, text=B
2025-07-08 12:04:48,501 - INFO - IMAGE EVENT: Handling other button response
2025-07-08 12:04:48,501 - INFO - IMAGE EVENT: Button/List response received: id=option_B, text=B
2025-07-08 12:04:48,501 - INFO - IMAGE EVENT: Unknown button/list response: option_B from 2348105621982
2025-07-08 12:04:48,501 - INFO - IMAGE EVENT: Handling text message for 2348105621982: B
2025-07-08 12:04:48,501 - INFO - IMAGE EVENT: Handling quiz response for 2348105621982: B
2025-07-08 12:04:48,502 - INFO - IMAGE EVENT: User 130 answered question 3 correctly
2025-07-08 12:04:48,565 - INFO - IMAGE EVENT: Inserted response for user 130: question 3, correct=1, quiz=quiz7
2025-07-08 12:04:49,255 - INFO - IMAGE EVENT: Moving to next question. New index: 3
2025-07-08 12:04:49,270 - INFO - IMAGE EVENT: Preparing to send interactive message to 2348105621982
2025-07-08 12:04:49,270 - INFO - IMAGE EVENT: Preparing button message for 2348105621982
2025-07-08 12:04:49,270 - INFO - IMAGE EVENT: Sending request to WhatsApp API for 2348105621982
2025-07-08 12:04:49,270 - INFO - IMAGE EVENT: Request data: {
  "messaging_product": "whatsapp",
  "to": "2348105621982",
  "type": "interactive",
  "interactive": {
    "type": "button",
    "body": {
      "text": "Question 4 out of 5:\n\nWhat's most important when selecting a new business location?\n\nA) Paint color\nB) Customer accessibility\nC) Staff preference\n"
    },
    "action": {
      "buttons": [
        {
          "type": "reply",
          "reply": {
            "id": "option_A",
            "title": "A"
          }
        },
        {
          "type": "reply",
          "reply": {
            "id": "option_B",
            "title": "B"
          }
        },
        {
          "type": "reply",
          "reply": {
            "id": "option_C",
            "title": "C"
          }
        }
      ]
    }
  }
}
2025-07-08 12:04:49,690 - INFO - IMAGE EVENT: Received response from WhatsApp API for 2348105621982 - Status: 200
2025-07-08 12:04:49,691 - INFO - IMAGE EVENT: Response content: {"messaging_product":"whatsapp","contacts":[{"input":"2348105621982","wa_id":"2348105621982"}],"messages":[{"id":"wamid.HBgNMjM0ODEwNTYyMTk4MhUCABEYEjZDRTg1RkQ5RjRBRDc5RTVGOQA="}]}
2025-07-08 12:04:49,691 - INFO - IMAGE EVENT: Successfully sent interactive message to 2348105621982
2025-07-08 12:04:58,523 - INFO - IMAGE EVENT: Full message content: {
  "context": {
    "from": "2349134774276",
    "id": "wamid.HBgNMjM0ODEwNTYyMTk4MhUCABEYEjZDRTg1RkQ5RjRBRDc5RTVGOQA="
  },
  "from": "2348105621982",
  "id": "wamid.HBgNMjM0ODEwNTYyMTk4MhUCABIYFDNBNDM0QzdEQzI3NDFEODFGQjFDAA==",
  "timestamp": "1751976297",
  "type": "interactive",
  "interactive": {
    "type": "button_reply",
    "button_reply": {
      "id": "option_B",
      "title": "B"
    }
  }
}
2025-07-08 12:04:58,524 - INFO - IMAGE EVENT: Received message of type 'interactive' from 2348105621982
2025-07-08 12:04:58,524 - INFO - IMAGE EVENT: Processing message wamid.HBgNMjM0ODEwNTYyMTk4MhUCABIYFDNBNDM0QzdEQzI3NDFEODFGQjFDAA== for user: <sqlite3.Row object at 0x7fe7201c0270>
2025-07-08 12:04:58,525 - INFO - IMAGE EVENT: User state: quiz_3
2025-07-08 12:04:58,525 - INFO - IMAGE EVENT: Processing interactive message: {
  "type": "button_reply",
  "button_reply": {
    "id": "option_B",
    "title": "B"
  }
}
2025-07-08 12:04:58,525 - INFO - IMAGE EVENT: Received button reply: id=option_B, text=B
2025-07-08 12:04:58,525 - INFO - IMAGE EVENT: Handling other button response
2025-07-08 12:04:58,525 - INFO - IMAGE EVENT: Button/List response received: id=option_B, text=B
2025-07-08 12:04:58,526 - INFO - IMAGE EVENT: Unknown button/list response: option_B from 2348105621982
2025-07-08 12:04:58,526 - INFO - IMAGE EVENT: Handling text message for 2348105621982: B
2025-07-08 12:04:58,526 - INFO - IMAGE EVENT: Handling quiz response for 2348105621982: B
2025-07-08 12:04:58,526 - INFO - IMAGE EVENT: User 130 answered question 4 correctly
2025-07-08 12:04:58,527 - INFO - IMAGE EVENT: Inserted response for user 130: question 4, correct=1, quiz=quiz7
2025-07-08 12:04:58,932 - INFO - IMAGE EVENT: Moving to next question. New index: 4
2025-07-08 12:04:58,940 - INFO - IMAGE EVENT: Preparing to send interactive message to 2348105621982
2025-07-08 12:04:58,940 - INFO - IMAGE EVENT: Preparing button message for 2348105621982
2025-07-08 12:04:58,940 - INFO - IMAGE EVENT: Sending request to WhatsApp API for 2348105621982
2025-07-08 12:04:58,940 - INFO - IMAGE EVENT: Request data: {
  "messaging_product": "whatsapp",
  "to": "2348105621982",
  "type": "interactive",
  "interactive": {
    "type": "button",
    "body": {
      "text": "Question 5 out of 5:\n\nWhen is the best time to expand your business?\n\nA) When you're losing money\nB) When you have stable operations\nC) When competitors close\n"
    },
    "action": {
      "buttons": [
        {
          "type": "reply",
          "reply": {
            "id": "option_A",
            "title": "A"
          }
        },
        {
          "type": "reply",
          "reply": {
            "id": "option_B",
            "title": "B"
          }
        },
        {
          "type": "reply",
          "reply": {
            "id": "option_C",
            "title": "C"
          }
        }
      ]
    }
  }
}
2025-07-08 12:04:59,380 - INFO - IMAGE EVENT: Received response from WhatsApp API for 2348105621982 - Status: 200
2025-07-08 12:04:59,381 - INFO - IMAGE EVENT: Response content: {"messaging_product":"whatsapp","contacts":[{"input":"2348105621982","wa_id":"2348105621982"}],"messages":[{"id":"wamid.HBgNMjM0ODEwNTYyMTk4MhUCABEYEjNCREQxODY2RkI0QjUzNTk2NQA="}]}
2025-07-08 12:04:59,381 - INFO - IMAGE EVENT: Successfully sent interactive message to 2348105621982
2025-07-08 12:05:08,162 - INFO - IMAGE EVENT: Full message content: {
  "context": {
    "from": "2349134774276",
    "id": "wamid.HBgNMjM0ODEwNTYyMTk4MhUCABEYEjNCREQxODY2RkI0QjUzNTk2NQA="
  },
  "from": "2348105621982",
  "id": "wamid.HBgNMjM0ODEwNTYyMTk4MhUCABIYFDNBQTU3NDQ2N0IzNDc5RUQ3OTA5AA==",
  "timestamp": "1751976307",
  "type": "interactive",
  "interactive": {
    "type": "button_reply",
    "button_reply": {
      "id": "option_B",
      "title": "B"
    }
  }
}
2025-07-08 12:05:08,166 - INFO - IMAGE EVENT: Received message of type 'interactive' from 2348105621982
2025-07-08 12:05:08,167 - INFO - IMAGE EVENT: Processing message wamid.HBgNMjM0ODEwNTYyMTk4MhUCABIYFDNBQTU3NDQ2N0IzNDc5RUQ3OTA5AA== for user: <sqlite3.Row object at 0x7fe7201c04f0>
2025-07-08 12:05:08,168 - INFO - IMAGE EVENT: User state: quiz_4
2025-07-08 12:05:08,168 - INFO - IMAGE EVENT: Processing interactive message: {
  "type": "button_reply",
  "button_reply": {
    "id": "option_B",
    "title": "B"
  }
}
2025-07-08 12:05:08,222 - INFO - IMAGE EVENT: Received button reply: id=option_B, text=B
2025-07-08 12:05:08,223 - INFO - IMAGE EVENT: Handling other button response
2025-07-08 12:05:08,223 - INFO - IMAGE EVENT: Button/List response received: id=option_B, text=B
2025-07-08 12:05:08,223 - INFO - IMAGE EVENT: Unknown button/list response: option_B from 2348105621982
2025-07-08 12:05:08,223 - INFO - IMAGE EVENT: Handling text message for 2348105621982: B
2025-07-08 12:05:08,224 - INFO - IMAGE EVENT: Handling quiz response for 2348105621982: B
2025-07-08 12:05:08,224 - INFO - IMAGE EVENT: User 130 answered question 5 correctly
2025-07-08 12:05:08,234 - INFO - IMAGE EVENT: Inserted response for user 130: question 5, correct=1, quiz=quiz7
2025-07-08 12:05:08,676 - INFO - IMAGE EVENT: Moving to next question. New index: 5
2025-07-08 12:05:08,680 - INFO - IMAGE EVENT: Finishing quiz quiz7 for user 130
2025-07-08 12:05:09,363 - INFO - IMAGE EVENT: Database updated for user 130 after finishing quiz quiz7
2025-07-08 12:05:09,363 - INFO - IMAGE EVENT: Preparing to send interactive message to 2348105621982
2025-07-08 12:05:09,363 - INFO - IMAGE EVENT: Preparing button message for 2348105621982
2025-07-08 12:05:09,363 - INFO - IMAGE EVENT: Sending request to WhatsApp API for 2348105621982
2025-07-08 12:05:09,364 - INFO - IMAGE EVENT: Request data: {
  "messaging_product": "whatsapp",
  "to": "2348105621982",
  "type": "interactive",
  "interactive": {
    "type": "button",
    "body": {
      "text": "What would you like to do next?"
    },
    "action": {
      "buttons": [
        {
          "type": "reply",
          "reply": {
            "id": "quiz",
            "title": "Take Another Quiz"
          }
        },
        {
          "type": "reply",
          "reply": {
            "id": "records",
            "title": "Switch to Records"
          }
        },
        {
          "type": "reply",
          "reply": {
            "id": "ai_chat",
            "title": "Review Mistakes (AI)"
          }
        }
      ]
    }
  }
}
2025-07-08 12:05:09,749 - INFO - IMAGE EVENT: Received response from WhatsApp API for 2348105621982 - Status: 200
2025-07-08 12:05:09,749 - INFO - IMAGE EVENT: Response content: {"messaging_product":"whatsapp","contacts":[{"input":"2348105621982","wa_id":"2348105621982"}],"messages":[{"id":"wamid.HBgNMjM0ODEwNTYyMTk4MhUCABEYEkI2NjM2MTUwNkZCMDI0NDlCMwA="}]}
2025-07-08 12:05:09,750 - INFO - IMAGE EVENT: Successfully sent interactive message to 2348105621982
2025-07-08 12:05:09,750 - INFO - IMAGE EVENT: Quiz quiz7 finished successfully for user 130
2025-07-08 12:05:15,578 - INFO - IMAGE EVENT: Full message content: {
  "context": {
    "from": "2349134774276",
    "id": "wamid.HBgNMjM0ODEwNTYyMTk4MhUCABEYEkI2NjM2MTUwNkZCMDI0NDlCMwA="
  },
  "from": "2348105621982",
  "id": "wamid.HBgNMjM0ODEwNTYyMTk4MhUCABIYFDNBNkMwOUQwMERERjc0RkQyMkI1AA==",
  "timestamp": "1751976314",
  "type": "interactive",
  "interactive": {
    "type": "button_reply",
    "button_reply": {
      "id": "records",
      "title": "Switch to Records"
    }
  }
}
2025-07-08 12:05:15,578 - INFO - IMAGE EVENT: Received message of type 'interactive' from 2348105621982
2025-07-08 12:05:15,579 - INFO - IMAGE EVENT: Processing message wamid.HBgNMjM0ODEwNTYyMTk4MhUCABIYFDNBNkMwOUQwMERERjc0RkQyMkI1AA== for user: <sqlite3.Row object at 0x7fe7201c0c70>
2025-07-08 12:05:15,580 - INFO - IMAGE EVENT: User state: awaiting_choice
2025-07-08 12:05:15,580 - INFO - IMAGE EVENT: Processing interactive message: {
  "type": "button_reply",
  "button_reply": {
    "id": "records",
    "title": "Switch to Records"
  }
}
2025-07-08 12:05:15,580 - INFO - IMAGE EVENT: Received button reply: id=records, text=Switch to Records
2025-07-08 12:05:15,580 - INFO - IMAGE EVENT: Handling other button response
2025-07-08 12:05:15,581 - INFO - IMAGE EVENT: Button/List response received: id=records, text=Switch to Records
2025-07-08 12:05:15,581 - INFO - IMAGE EVENT: Handling Switch to Records request for 2348105621982
2025-07-08 12:05:15,581 - INFO - IMAGE EVENT: Handling text message for 2348105621982: Switch to Records
2025-07-08 12:05:16,062 - INFO - IMAGE EVENT: Presenting main options to user 2348105621982
2025-07-08 12:05:16,062 - INFO - IMAGE EVENT: Preparing to send interactive message to 2348105621982
2025-07-08 12:05:16,063 - INFO - IMAGE EVENT: Preparing button message for 2348105621982
2025-07-08 12:05:16,063 - INFO - IMAGE EVENT: Sending request to WhatsApp API for 2348105621982
2025-07-08 12:05:16,063 - INFO - IMAGE EVENT: Request data: {
  "messaging_product": "whatsapp",
  "to": "2348105621982",
  "type": "interactive",
  "interactive": {
    "type": "button",
    "body": {
      "text": "What would you like to do next?"
    },
    "action": {
      "buttons": [
        {
          "type": "reply",
          "reply": {
            "id": "quiz",
            "title": "Start Quiz"
          }
        },
        {
          "type": "reply",
          "reply": {
            "id": "records",
            "title": "Record Keeping"
          }
        },
        {
          "type": "reply",
          "reply": {
            "id": "settings",
            "title": "Settings"
          }
        }
      ]
    }
  }
}
2025-07-08 12:05:16,560 - INFO - IMAGE EVENT: Received response from WhatsApp API for 2348105621982 - Status: 200
2025-07-08 12:05:16,561 - INFO - IMAGE EVENT: Response content: {"messaging_product":"whatsapp","contacts":[{"input":"2348105621982","wa_id":"2348105621982"}],"messages":[{"id":"wamid.HBgNMjM0ODEwNTYyMTk4MhUCABEYEkE5ODhCNTgxQUFDNTdENjE5MgA="}]}
2025-07-08 12:05:16,654 - INFO - IMAGE EVENT: Successfully sent interactive message to 2348105621982
2025-07-08 12:05:22,268 - INFO - IMAGE EVENT: Full message content: {
  "context": {
    "from": "2349134774276",
    "id": "wamid.HBgNMjM0ODEwNTYyMTk4MhUCABEYEkE5ODhCNTgxQUFDNTdENjE5MgA="
  },
  "from": "2348105621982",
  "id": "wamid.HBgNMjM0ODEwNTYyMTk4MhUCABIYFDNBRTU4RDRGRUREQzU4NkJDQ0QzAA==",
  "timestamp": "1751976321",
  "type": "interactive",
  "interactive": {
    "type": "button_reply",
    "button_reply": {
      "id": "records",
      "title": "Record Keeping"
    }
  }
}
2025-07-08 12:05:22,269 - INFO - IMAGE EVENT: Received message of type 'interactive' from 2348105621982
2025-07-08 12:05:22,270 - INFO - IMAGE EVENT: Processing message wamid.HBgNMjM0ODEwNTYyMTk4MhUCABIYFDNBRTU4RDRGRUREQzU4NkJDQ0QzAA== for user: <sqlite3.Row object at 0x7fe7201c0a50>
2025-07-08 12:05:22,270 - INFO - IMAGE EVENT: User state: main_menu
2025-07-08 12:05:22,270 - INFO - IMAGE EVENT: Processing interactive message: {
  "type": "button_reply",
  "button_reply": {
    "id": "records",
    "title": "Record Keeping"
  }
}
2025-07-08 12:05:22,271 - INFO - IMAGE EVENT: Received button reply: id=records, text=Record Keeping
2025-07-08 12:05:22,280 - INFO - IMAGE EVENT: Handling other button response
2025-07-08 12:05:22,280 - INFO - IMAGE EVENT: Button/List response received: id=records, text=Record Keeping
2025-07-08 12:05:22,280 - INFO - IMAGE EVENT: Handling Record Keeping request for 2348105621982
2025-07-08 12:05:22,280 - INFO - IMAGE EVENT: Handling text message for 2348105621982: Record Keeping
2025-07-08 12:40:55,066 - INFO - IMAGE EVENT: Full message content: {
  "context": {
    "from": "2349134774276",
    "id": "wamid.HBgNMjM0NzAxNTYwOTM1MxUCABEYEjQ0MDYyNUVEODlDNzM3NjZEMAA="
  },
  "from": "2347015609353",
  "id": "wamid.HBgNMjM0NzAxNTYwOTM1MxUCABIYIDA1RDk2MUVENDcwRkQ3RTg5OTY0N0EwMkQ2NjM2MUUzAA==",
  "timestamp": "1751978420",
  "type": "interactive",
  "interactive": {
    "type": "button_reply",
    "button_reply": {
      "id": "quiz",
      "title": "Start Quiz"
    }
  }
}
2025-07-08 12:40:55,067 - INFO - IMAGE EVENT: Received message of type 'interactive' from 2347015609353
2025-07-08 12:40:55,072 - INFO - IMAGE EVENT: Processing message wamid.HBgNMjM0NzAxNTYwOTM1MxUCABIYIDA1RDk2MUVENDcwRkQ3RTg5OTY0N0EwMkQ2NjM2MUUzAA== for user: <sqlite3.Row object at 0x7f5bc89c3410>
2025-07-08 12:40:55,073 - INFO - IMAGE EVENT: User state: selecting_quiz
2025-07-08 12:40:55,073 - INFO - IMAGE EVENT: Processing interactive message: {
  "type": "button_reply",
  "button_reply": {
    "id": "quiz",
    "title": "Start Quiz"
  }
}
2025-07-08 12:40:55,074 - INFO - IMAGE EVENT: Received button reply: id=quiz, text=Start Quiz
2025-07-08 12:40:55,082 - INFO - IMAGE EVENT: Handling other button response
2025-07-08 12:40:55,082 - INFO - IMAGE EVENT: Button/List response received: id=quiz, text=Start Quiz
2025-07-08 12:40:55,083 - INFO - IMAGE EVENT: Handling Start Quiz request for 2347015609353
2025-07-08 12:40:55,083 - INFO - IMAGE EVENT: Handling text message for 2347015609353: Start Quiz
2025-07-08 12:40:55,094 - INFO - IMAGE EVENT: Quiz selection initiated for 2347015609353 with message: Start Quiz
2025-07-08 12:40:55,159 - INFO - IMAGE EVENT: Full message content: {
  "context": {
    "from": "2349134774276",
    "id": "wamid.HBgNMjM0NzAxNTYwOTM1MxUCABEYEjQ0MDYyNUVEODlDNzM3NjZEMAA="
  },
  "from": "2347015609353",
  "id": "wamid.HBgNMjM0NzAxNTYwOTM1MxUCABIYIDA1RDk2MUVENDcwRkQ3RTg5OTY0N0EwMkQ2NjM2MUUzAA==",
  "timestamp": "1751978420",
  "type": "interactive",
  "interactive": {
    "type": "button_reply",
    "button_reply": {
      "id": "quiz",
      "title": "Start Quiz"
    }
  }
}
2025-07-08 12:40:55,170 - INFO - IMAGE EVENT: Received message of type 'interactive' from 2347015609353
2025-07-08 12:40:56,044 - INFO - IMAGE EVENT: Preparing to send interactive message to 2347015609353
2025-07-08 12:40:56,045 - INFO - IMAGE EVENT: Preparing button message for 2347015609353
2025-07-08 12:40:56,045 - INFO - IMAGE EVENT: Sending request to WhatsApp API for 2347015609353
2025-07-08 12:40:56,045 - INFO - IMAGE EVENT: Request data: {
  "messaging_product": "whatsapp",
  "to": "2347015609353",
  "type": "interactive",
  "interactive": {
    "type": "button",
    "body": {
      "text": "What would you like to do?"
    },
    "action": {
      "buttons": [
        {
          "type": "reply",
          "reply": {
            "id": "quiz",
            "title": "Start Quiz"
          }
        },
        {
          "type": "reply",
          "reply": {
            "id": "quiz6",
            "title": "Start quiz6"
          }
        }
      ]
    }
  }
}
2025-07-08 12:40:56,559 - INFO - IMAGE EVENT: Received response from WhatsApp API for 2347015609353 - Status: 200
2025-07-08 12:40:56,561 - INFO - IMAGE EVENT: Response content: {"messaging_product":"whatsapp","contacts":[{"input":"2347015609353","wa_id":"2347015609353"}],"messages":[{"id":"wamid.HBgNMjM0NzAxNTYwOTM1MxUCABEYEjk4NTdGOTU0OEI3NTlDODZDRAA="}]}
2025-07-08 12:40:56,561 - INFO - IMAGE EVENT: Successfully sent interactive message to 2347015609353
2025-07-08 12:40:56,708 - INFO - IMAGE EVENT: Message wamid.HBgNMjM0NzAxNTYwOTM1MxUCABIYIDA1RDk2MUVENDcwRkQ3RTg5OTY0N0EwMkQ2NjM2MUUzAA== already processed, skipping
2025-07-08 12:41:11,647 - INFO - IMAGE EVENT: Full message content: {
  "context": {
    "from": "2349134774276",
    "id": "wamid.HBgNMjM0NzAxNTYwOTM1MxUCABEYEjk4NTdGOTU0OEI3NTlDODZDRAA="
  },
  "from": "2347015609353",
  "id": "wamid.HBgNMjM0NzAxNTYwOTM1MxUCABIYIDc5RjAxMDdEMzQ0OUFBMjQ3MTFGRTE5RDYzQzBCMjcwAA==",
  "timestamp": "1751978471",
  "type": "interactive",
  "interactive": {
    "type": "button_reply",
    "button_reply": {
      "id": "quiz6",
      "title": "Start quiz6"
    }
  }
}
2025-07-08 12:41:11,647 - INFO - IMAGE EVENT: Received message of type 'interactive' from 2347015609353
2025-07-08 12:41:11,649 - INFO - IMAGE EVENT: Processing message wamid.HBgNMjM0NzAxNTYwOTM1MxUCABIYIDc5RjAxMDdEMzQ0OUFBMjQ3MTFGRTE5RDYzQzBCMjcwAA== for user: <sqlite3.Row object at 0x7f5bc89c3390>
2025-07-08 12:41:11,649 - INFO - IMAGE EVENT: User state: selecting_quiz
2025-07-08 12:41:11,649 - INFO - IMAGE EVENT: Processing interactive message: {
  "type": "button_reply",
  "button_reply": {
    "id": "quiz6",
    "title": "Start quiz6"
  }
}
2025-07-08 12:41:11,650 - INFO - IMAGE EVENT: Received button reply: id=quiz6, text=Start quiz6
2025-07-08 12:41:11,650 - INFO - IMAGE EVENT: Handling other button response
2025-07-08 12:41:11,651 - INFO - IMAGE EVENT: Button/List response received: id=quiz6, text=Start quiz6
2025-07-08 12:41:11,651 - INFO - IMAGE EVENT: Unknown button/list response: quiz6 from 2347015609353
2025-07-08 12:41:11,651 - INFO - IMAGE EVENT: Handling text message for 2347015609353: Start quiz6
2025-07-08 12:41:11,652 - INFO - IMAGE EVENT: Quiz selection initiated for 2347015609353 with message: Start quiz6
2025-07-08 12:41:11,666 - INFO - IMAGE EVENT: Starting quiz6 for user 135 at question 0
2025-07-08 12:41:11,667 - INFO - IMAGE EVENT: Preparing to send interactive message to 2347015609353
2025-07-08 12:41:11,667 - INFO - IMAGE EVENT: Preparing button message for 2347015609353
2025-07-08 12:41:11,667 - INFO - IMAGE EVENT: Sending request to WhatsApp API for 2347015609353
2025-07-08 12:41:11,667 - INFO - IMAGE EVENT: Request data: {
  "messaging_product": "whatsapp",
  "to": "2347015609353",
  "type": "interactive",
  "interactive": {
    "type": "button",
    "body": {
      "text": "Question 1 out of 5:\n\nWhat is operational management primarily concerned with?\n\nA) Marketing only\nB) Day-to-day business activities\nC) Yearly planning only\n"
    },
    "action": {
      "buttons": [
        {
          "type": "reply",
          "reply": {
            "id": "option_A",
            "title": "A"
          }
        },
        {
          "type": "reply",
          "reply": {
            "id": "option_B",
            "title": "B"
          }
        },
        {
          "type": "reply",
          "reply": {
            "id": "option_C",
            "title": "C"
          }
        }
      ]
    }
  }
}
2025-07-08 12:41:12,169 - INFO - IMAGE EVENT: Received response from WhatsApp API for 2347015609353 - Status: 200
2025-07-08 12:41:12,170 - INFO - IMAGE EVENT: Response content: {"messaging_product":"whatsapp","contacts":[{"input":"2347015609353","wa_id":"2347015609353"}],"messages":[{"id":"wamid.HBgNMjM0NzAxNTYwOTM1MxUCABEYEjVCMTM2QkE3NEIxRTI2QUI3MQA="}]}
2025-07-08 12:41:12,171 - INFO - IMAGE EVENT: Successfully sent interactive message to 2347015609353
2025-07-08 12:41:26,031 - INFO - IMAGE EVENT: Full message content: {
  "context": {
    "from": "2349134774276",
    "id": "wamid.HBgNMjM0NzAxNTYwOTM1MxUCABEYEjVCMTM2QkE3NEIxRTI2QUI3MQA="
  },
  "from": "2347015609353",
  "id": "wamid.HBgNMjM0NzAxNTYwOTM1MxUCABIYIDNFMTdFRTA4MjExODVEOUQ3NTk1ODMwOTE1RDE0QTI2AA==",
  "timestamp": "1751978485",
  "type": "interactive",
  "interactive": {
    "type": "button_reply",
    "button_reply": {
      "id": "option_B",
      "title": "B"
    }
  }
}
2025-07-08 12:41:26,031 - INFO - IMAGE EVENT: Received message of type 'interactive' from 2347015609353
2025-07-08 12:41:26,032 - INFO - IMAGE EVENT: Processing message wamid.HBgNMjM0NzAxNTYwOTM1MxUCABIYIDNFMTdFRTA4MjExODVEOUQ3NTk1ODMwOTE1RDE0QTI2AA== for user: <sqlite3.Row object at 0x7f5bc89c3530>
2025-07-08 12:41:26,032 - INFO - IMAGE EVENT: User state: quiz_0
2025-07-08 12:41:26,032 - INFO - IMAGE EVENT: Processing interactive message: {
  "type": "button_reply",
  "button_reply": {
    "id": "option_B",
    "title": "B"
  }
}
2025-07-08 12:41:26,033 - INFO - IMAGE EVENT: Received button reply: id=option_B, text=B
2025-07-08 12:41:26,033 - INFO - IMAGE EVENT: Handling other button response
2025-07-08 12:41:26,033 - INFO - IMAGE EVENT: Button/List response received: id=option_B, text=B
2025-07-08 12:41:26,033 - INFO - IMAGE EVENT: Unknown button/list response: option_B from 2347015609353
2025-07-08 12:41:26,033 - INFO - IMAGE EVENT: Handling text message for 2347015609353: B
2025-07-08 12:41:26,033 - INFO - IMAGE EVENT: Handling quiz response for 2347015609353: B
2025-07-08 12:41:26,034 - INFO - IMAGE EVENT: User 135 answered question 1 correctly
2025-07-08 12:41:26,034 - INFO - IMAGE EVENT: Inserted response for user 135: question 1, correct=1, quiz=quiz6
2025-07-08 12:41:26,496 - INFO - IMAGE EVENT: Moving to next question. New index: 1
2025-07-08 12:41:26,502 - INFO - IMAGE EVENT: Preparing to send interactive message to 2347015609353
2025-07-08 12:41:26,502 - INFO - IMAGE EVENT: Preparing button message for 2347015609353
2025-07-08 12:41:26,503 - INFO - IMAGE EVENT: Sending request to WhatsApp API for 2347015609353
2025-07-08 12:41:26,503 - INFO - IMAGE EVENT: Request data: {
  "messaging_product": "whatsapp",
  "to": "2347015609353",
  "type": "interactive",
  "interactive": {
    "type": "button",
    "body": {
      "text": "Question 2 out of 5:\n\nWhich is a key component of supply chain management?\n\nA) Social media marketing\nB) Supplier relationships\nC) Employee salaries\n"
    },
    "action": {
      "buttons": [
        {
          "type": "reply",
          "reply": {
            "id": "option_A",
            "title": "A"
          }
        },
        {
          "type": "reply",
          "reply": {
            "id": "option_B",
            "title": "B"
          }
        },
        {
          "type": "reply",
          "reply": {
            "id": "option_C",
            "title": "C"
          }
        }
      ]
    }
  }
}
2025-07-08 12:41:26,926 - INFO - IMAGE EVENT: Received response from WhatsApp API for 2347015609353 - Status: 200
2025-07-08 12:41:26,926 - INFO - IMAGE EVENT: Response content: {"messaging_product":"whatsapp","contacts":[{"input":"2347015609353","wa_id":"2347015609353"}],"messages":[{"id":"wamid.HBgNMjM0NzAxNTYwOTM1MxUCABEYEjE3MzBENDJCQUM0QjQ3QkQ2QgA="}]}
2025-07-08 12:41:26,926 - INFO - IMAGE EVENT: Successfully sent interactive message to 2347015609353
2025-07-08 12:43:25,673 - INFO - IMAGE EVENT: Full message content: {
  "context": {
    "from": "2349134774276",
    "id": "wamid.HBgNMjM0NzAxNTYwOTM1MxUCABEYEjE3MzBENDJCQUM0QjQ3QkQ2QgA="
  },
  "from": "2347015609353",
  "id": "wamid.HBgNMjM0NzAxNTYwOTM1MxUCABIYIEQyM0Q1QUIzM0E1ODE3NDc5N0I1NDE2MUY2MDNGRDZBAA==",
  "timestamp": "1751978604",
  "type": "interactive",
  "interactive": {
    "type": "button_reply",
    "button_reply": {
      "id": "option_B",
      "title": "B"
    }
  }
}
2025-07-08 12:43:25,673 - INFO - IMAGE EVENT: Received message of type 'interactive' from 2347015609353
2025-07-08 12:43:25,681 - INFO - IMAGE EVENT: Processing message wamid.HBgNMjM0NzAxNTYwOTM1MxUCABIYIEQyM0Q1QUIzM0E1ODE3NDc5N0I1NDE2MUY2MDNGRDZBAA== for user: <sqlite3.Row object at 0x7f5bc89c3d70>
2025-07-08 12:43:25,681 - INFO - IMAGE EVENT: User state: quiz_1
2025-07-08 12:43:25,681 - INFO - IMAGE EVENT: Processing interactive message: {
  "type": "button_reply",
  "button_reply": {
    "id": "option_B",
    "title": "B"
  }
}
2025-07-08 12:43:25,681 - INFO - IMAGE EVENT: Received button reply: id=option_B, text=B
2025-07-08 12:43:25,681 - INFO - IMAGE EVENT: Handling other button response
2025-07-08 12:43:25,682 - INFO - IMAGE EVENT: Button/List response received: id=option_B, text=B
2025-07-08 12:43:25,682 - INFO - IMAGE EVENT: Unknown button/list response: option_B from 2347015609353
2025-07-08 12:43:25,682 - INFO - IMAGE EVENT: Handling text message for 2347015609353: B
2025-07-08 12:43:25,682 - INFO - IMAGE EVENT: Handling quiz response for 2347015609353: B
2025-07-08 12:43:25,683 - INFO - IMAGE EVENT: User 135 answered question 2 correctly
2025-07-08 12:43:25,683 - INFO - IMAGE EVENT: Inserted response for user 135: question 2, correct=1, quiz=quiz6
2025-07-08 12:43:26,215 - INFO - IMAGE EVENT: Moving to next question. New index: 2
2025-07-08 12:43:26,222 - INFO - IMAGE EVENT: Preparing to send interactive message to 2347015609353
2025-07-08 12:43:26,222 - INFO - IMAGE EVENT: Preparing button message for 2347015609353
2025-07-08 12:43:26,223 - INFO - IMAGE EVENT: Sending request to WhatsApp API for 2347015609353
2025-07-08 12:43:26,223 - INFO - IMAGE EVENT: Request data: {
  "messaging_product": "whatsapp",
  "to": "2347015609353",
  "type": "interactive",
  "interactive": {
    "type": "button",
    "body": {
      "text": "Question 3 out of 5:\n\nWhat is the first step in process mapping?\n\nA) Hiring staff\nB) Identifying core processes\nC) Buying equipment\n"
    },
    "action": {
      "buttons": [
        {
          "type": "reply",
          "reply": {
            "id": "option_A",
            "title": "A"
          }
        },
        {
          "type": "reply",
          "reply": {
            "id": "option_B",
            "title": "B"
          }
        },
        {
          "type": "reply",
          "reply": {
            "id": "option_C",
            "title": "C"
          }
        }
      ]
    }
  }
}
2025-07-08 12:43:26,675 - INFO - IMAGE EVENT: Received response from WhatsApp API for 2347015609353 - Status: 200
2025-07-08 12:43:26,676 - INFO - IMAGE EVENT: Response content: {"messaging_product":"whatsapp","contacts":[{"input":"2347015609353","wa_id":"2347015609353"}],"messages":[{"id":"wamid.HBgNMjM0NzAxNTYwOTM1MxUCABEYEjY2MTI5ODM1QzJDRjhBRDUyMgA="}]}
2025-07-08 12:43:26,676 - INFO - IMAGE EVENT: Successfully sent interactive message to 2347015609353
2025-07-08 12:43:36,496 - INFO - IMAGE EVENT: Full message content: {
  "context": {
    "from": "2349134774276",
    "id": "wamid.HBgNMjM0NzAxNTYwOTM1MxUCABEYEjY2MTI5ODM1QzJDRjhBRDUyMgA="
  },
  "from": "2347015609353",
  "id": "wamid.HBgNMjM0NzAxNTYwOTM1MxUCABIYIDZBNzM2NkFGNDI5NDk1NDE2OEVFMkJGRDcxNTk4MEYwAA==",
  "timestamp": "1751978615",
  "type": "interactive",
  "interactive": {
    "type": "button_reply",
    "button_reply": {
      "id": "option_B",
      "title": "B"
    }
  }
}
2025-07-08 12:43:36,496 - INFO - IMAGE EVENT: Received message of type 'interactive' from 2347015609353
2025-07-08 12:43:36,497 - INFO - IMAGE EVENT: Processing message wamid.HBgNMjM0NzAxNTYwOTM1MxUCABIYIDZBNzM2NkFGNDI5NDk1NDE2OEVFMkJGRDcxNTk4MEYwAA== for user: <sqlite3.Row object at 0x7f5bc89c34d0>
2025-07-08 12:43:36,497 - INFO - IMAGE EVENT: User state: quiz_2
2025-07-08 12:43:36,498 - INFO - IMAGE EVENT: Processing interactive message: {
  "type": "button_reply",
  "button_reply": {
    "id": "option_B",
    "title": "B"
  }
}
2025-07-08 12:43:36,498 - INFO - IMAGE EVENT: Received button reply: id=option_B, text=B
2025-07-08 12:43:36,498 - INFO - IMAGE EVENT: Handling other button response
2025-07-08 12:43:36,499 - INFO - IMAGE EVENT: Button/List response received: id=option_B, text=B
2025-07-08 12:43:36,499 - INFO - IMAGE EVENT: Unknown button/list response: option_B from 2347015609353
2025-07-08 12:43:36,499 - INFO - IMAGE EVENT: Handling text message for 2347015609353: B
2025-07-08 12:43:36,499 - INFO - IMAGE EVENT: Handling quiz response for 2347015609353: B
2025-07-08 12:43:36,500 - INFO - IMAGE EVENT: User 135 answered question 3 correctly
2025-07-08 12:43:36,500 - INFO - IMAGE EVENT: Inserted response for user 135: question 3, correct=1, quiz=quiz6
2025-07-08 12:43:37,043 - INFO - IMAGE EVENT: Moving to next question. New index: 3
2025-07-08 12:43:37,059 - INFO - IMAGE EVENT: Preparing to send interactive message to 2347015609353
2025-07-08 12:43:37,061 - INFO - IMAGE EVENT: Preparing button message for 2347015609353
2025-07-08 12:43:37,061 - INFO - IMAGE EVENT: Sending request to WhatsApp API for 2347015609353
2025-07-08 12:43:37,062 - INFO - IMAGE EVENT: Request data: {
  "messaging_product": "whatsapp",
  "to": "2347015609353",
  "type": "interactive",
  "interactive": {
    "type": "button",
    "body": {
      "text": "Question 4 out of 5:\n\nHow should technology adoption be approached?\n\nA) Buy the most expensive option\nB) Ignore it completely\nC) Based on cost-benefit analysis\n"
    },
    "action": {
      "buttons": [
        {
          "type": "reply",
          "reply": {
            "id": "option_A",
            "title": "A"
          }
        },
        {
          "type": "reply",
          "reply": {
            "id": "option_B",
            "title": "B"
          }
        },
        {
          "type": "reply",
          "reply": {
            "id": "option_C",
            "title": "C"
          }
        }
      ]
    }
  }
}
2025-07-08 12:43:37,580 - INFO - IMAGE EVENT: Received response from WhatsApp API for 2347015609353 - Status: 200
2025-07-08 12:43:37,581 - INFO - IMAGE EVENT: Response content: {"messaging_product":"whatsapp","contacts":[{"input":"2347015609353","wa_id":"2347015609353"}],"messages":[{"id":"wamid.HBgNMjM0NzAxNTYwOTM1MxUCABEYEjAwQkVGODM3OUU2RDI4MDFCMwA="}]}
2025-07-08 12:43:37,581 - INFO - IMAGE EVENT: Successfully sent interactive message to 2347015609353
2025-07-08 12:43:49,463 - INFO - IMAGE EVENT: Full message content: {
  "context": {
    "from": "2349134774276",
    "id": "wamid.HBgNMjM0NzAxNTYwOTM1MxUCABEYEjAwQkVGODM3OUU2RDI4MDFCMwA="
  },
  "from": "2347015609353",
  "id": "wamid.HBgNMjM0NzAxNTYwOTM1MxUCABIYIDAwMjJDNERBNUY5QTE1N0VGMjk3QzBCRjJFMzc3NTc2AA==",
  "timestamp": "1751978628",
  "type": "interactive",
  "interactive": {
    "type": "button_reply",
    "button_reply": {
      "id": "option_C",
      "title": "C"
    }
  }
}
2025-07-08 12:43:49,464 - INFO - IMAGE EVENT: Received message of type 'interactive' from 2347015609353
2025-07-08 12:43:49,464 - INFO - IMAGE EVENT: Processing message wamid.HBgNMjM0NzAxNTYwOTM1MxUCABIYIDAwMjJDNERBNUY5QTE1N0VGMjk3QzBCRjJFMzc3NTc2AA== for user: <sqlite3.Row object at 0x7f5bc89c3a70>
2025-07-08 12:43:49,465 - INFO - IMAGE EVENT: User state: quiz_3
2025-07-08 12:43:49,465 - INFO - IMAGE EVENT: Processing interactive message: {
  "type": "button_reply",
  "button_reply": {
    "id": "option_C",
    "title": "C"
  }
}
2025-07-08 12:43:49,465 - INFO - IMAGE EVENT: Received button reply: id=option_C, text=C
2025-07-08 12:43:49,469 - INFO - IMAGE EVENT: Handling other button response
2025-07-08 12:43:49,469 - INFO - IMAGE EVENT: Button/List response received: id=option_C, text=C
2025-07-08 12:43:49,469 - INFO - IMAGE EVENT: Unknown button/list response: option_C from 2347015609353
2025-07-08 12:43:49,469 - INFO - IMAGE EVENT: Handling text message for 2347015609353: C
2025-07-08 12:43:49,470 - INFO - IMAGE EVENT: Handling quiz response for 2347015609353: C
2025-07-08 12:43:49,470 - INFO - IMAGE EVENT: User 135 answered question 4 correctly
2025-07-08 12:43:49,470 - INFO - IMAGE EVENT: Inserted response for user 135: question 4, correct=1, quiz=quiz6
2025-07-08 12:43:50,284 - INFO - IMAGE EVENT: Moving to next question. New index: 4
2025-07-08 12:43:50,300 - INFO - IMAGE EVENT: Preparing to send interactive message to 2347015609353
2025-07-08 12:43:50,301 - INFO - IMAGE EVENT: Preparing button message for 2347015609353
2025-07-08 12:43:50,301 - INFO - IMAGE EVENT: Sending request to WhatsApp API for 2347015609353
2025-07-08 12:43:50,301 - INFO - IMAGE EVENT: Request data: {
  "messaging_product": "whatsapp",
  "to": "2347015609353",
  "type": "interactive",
  "interactive": {
    "type": "button",
    "body": {
      "text": "Question 5 out of 5:\n\nWhat is the primary goal of quality control?\n\nA) Increasing prices\nB) Maintaining standards\nC) Reducing staff\n"
    },
    "action": {
      "buttons": [
        {
          "type": "reply",
          "reply": {
            "id": "option_A",
            "title": "A"
          }
        },
        {
          "type": "reply",
          "reply": {
            "id": "option_B",
            "title": "B"
          }
        },
        {
          "type": "reply",
          "reply": {
            "id": "option_C",
            "title": "C"
          }
        }
      ]
    }
  }
}
2025-07-08 12:43:50,902 - INFO - IMAGE EVENT: Received response from WhatsApp API for 2347015609353 - Status: 200
2025-07-08 12:43:50,903 - INFO - IMAGE EVENT: Response content: {"messaging_product":"whatsapp","contacts":[{"input":"2347015609353","wa_id":"2347015609353"}],"messages":[{"id":"wamid.HBgNMjM0NzAxNTYwOTM1MxUCABEYEkZGNDFCMzJDREU3RUM1ODdBRQA="}]}
2025-07-08 12:43:50,903 - INFO - IMAGE EVENT: Successfully sent interactive message to 2347015609353
2025-07-08 12:43:59,960 - INFO - IMAGE EVENT: Full message content: {
  "context": {
    "from": "2349134774276",
    "id": "wamid.HBgNMjM0NzAxNTYwOTM1MxUCABEYEkZGNDFCMzJDREU3RUM1ODdBRQA="
  },
  "from": "2347015609353",
  "id": "wamid.HBgNMjM0NzAxNTYwOTM1MxUCABIYIEIwMEIyNjUzMkNGMjU3NkY2QTZGMEVFRDZCOTU4QzhDAA==",
  "timestamp": "1751978639",
  "type": "interactive",
  "interactive": {
    "type": "button_reply",
    "button_reply": {
      "id": "option_B",
      "title": "B"
    }
  }
}
2025-07-08 12:43:59,961 - INFO - IMAGE EVENT: Received message of type 'interactive' from 2347015609353
2025-07-08 12:43:59,965 - INFO - IMAGE EVENT: Processing message wamid.HBgNMjM0NzAxNTYwOTM1MxUCABIYIEIwMEIyNjUzMkNGMjU3NkY2QTZGMEVFRDZCOTU4QzhDAA== for user: <sqlite3.Row object at 0x7f5bc89c3e90>
2025-07-08 12:43:59,966 - INFO - IMAGE EVENT: User state: quiz_4
2025-07-08 12:43:59,968 - INFO - IMAGE EVENT: Processing interactive message: {
  "type": "button_reply",
  "button_reply": {
    "id": "option_B",
    "title": "B"
  }
}
2025-07-08 12:43:59,969 - INFO - IMAGE EVENT: Received button reply: id=option_B, text=B
2025-07-08 12:43:59,971 - INFO - IMAGE EVENT: Handling other button response
2025-07-08 12:43:59,972 - INFO - IMAGE EVENT: Button/List response received: id=option_B, text=B
2025-07-08 12:43:59,974 - INFO - IMAGE EVENT: Unknown button/list response: option_B from 2347015609353
2025-07-08 12:43:59,978 - INFO - IMAGE EVENT: Handling text message for 2347015609353: B
2025-07-08 12:43:59,991 - INFO - IMAGE EVENT: Handling quiz response for 2347015609353: B
2025-07-08 12:43:59,992 - INFO - IMAGE EVENT: User 135 answered question 5 correctly
2025-07-08 12:43:59,994 - INFO - IMAGE EVENT: Inserted response for user 135: question 5, correct=1, quiz=quiz6
2025-07-08 12:44:00,581 - INFO - IMAGE EVENT: Moving to next question. New index: 5
2025-07-08 12:44:00,581 - INFO - IMAGE EVENT: Finishing quiz quiz6 for user 135
2025-07-08 12:44:01,465 - INFO - IMAGE EVENT: Database updated for user 135 after finishing quiz quiz6
2025-07-08 12:44:01,466 - INFO - IMAGE EVENT: Preparing to send interactive message to 2347015609353
2025-07-08 12:44:01,466 - INFO - IMAGE EVENT: Preparing button message for 2347015609353
2025-07-08 12:44:01,467 - INFO - IMAGE EVENT: Sending request to WhatsApp API for 2347015609353
2025-07-08 12:44:01,469 - INFO - IMAGE EVENT: Request data: {
  "messaging_product": "whatsapp",
  "to": "2347015609353",
  "type": "interactive",
  "interactive": {
    "type": "button",
    "body": {
      "text": "What would you like to do next?"
    },
    "action": {
      "buttons": [
        {
          "type": "reply",
          "reply": {
            "id": "quiz",
            "title": "Take Another Quiz"
          }
        },
        {
          "type": "reply",
          "reply": {
            "id": "records",
            "title": "Switch to Records"
          }
        },
        {
          "type": "reply",
          "reply": {
            "id": "ai_chat",
            "title": "Review Mistakes (AI)"
          }
        }
      ]
    }
  }
}
2025-07-08 12:44:01,904 - INFO - IMAGE EVENT: Received response from WhatsApp API for 2347015609353 - Status: 200
2025-07-08 12:44:01,905 - INFO - IMAGE EVENT: Response content: {"messaging_product":"whatsapp","contacts":[{"input":"2347015609353","wa_id":"2347015609353"}],"messages":[{"id":"wamid.HBgNMjM0NzAxNTYwOTM1MxUCABEYEkU5Mzc4M0YxNkM2OUM2QkE4MgA="}]}
2025-07-08 12:44:01,905 - INFO - IMAGE EVENT: Successfully sent interactive message to 2347015609353
2025-07-08 12:44:01,905 - INFO - IMAGE EVENT: Quiz quiz6 finished successfully for user 135
2025-07-08 12:46:53,464 - INFO - IMAGE EVENT: Full message content: {
  "context": {
    "from": "2349134774276",
    "id": "wamid.HBgNMjM0ODA2NjY5ODg4MhUCABEYEkQ3REQwMTUwOUIyMjFFNTkyMwA="
  },
  "from": "2348066698882",
  "id": "wamid.HBgNMjM0ODA2NjY5ODg4MhUCABIYIEQxNkQyMzBFNjMyRDdCRDI1NzExM0I0QTUzNjUzNjM3AA==",
  "timestamp": "1751978812",
  "type": "interactive",
  "interactive": {
    "type": "button_reply",
    "button_reply": {
      "id": "quiz",
      "title": "Start Quiz"
    }
  }
}
2025-07-08 12:46:53,470 - INFO - IMAGE EVENT: Received message of type 'interactive' from 2348066698882
2025-07-08 12:46:53,472 - INFO - IMAGE EVENT: Processing message wamid.HBgNMjM0ODA2NjY5ODg4MhUCABIYIEQxNkQyMzBFNjMyRDdCRDI1NzExM0I0QTUzNjUzNjM3AA== for user: <sqlite3.Row object at 0x7f5bc89c3c30>
2025-07-08 12:46:53,472 - INFO - IMAGE EVENT: User state: selecting_quiz
2025-07-08 12:46:53,473 - INFO - IMAGE EVENT: Processing interactive message: {
  "type": "button_reply",
  "button_reply": {
    "id": "quiz",
    "title": "Start Quiz"
  }
}
2025-07-08 12:46:53,473 - INFO - IMAGE EVENT: Received button reply: id=quiz, text=Start Quiz
2025-07-08 12:46:53,474 - INFO - IMAGE EVENT: Handling other button response
2025-07-08 12:46:53,512 - INFO - IMAGE EVENT: Button/List response received: id=quiz, text=Start Quiz
2025-07-08 12:46:53,512 - INFO - IMAGE EVENT: Handling Start Quiz request for 2348066698882
2025-07-08 12:46:53,513 - INFO - IMAGE EVENT: Handling text message for 2348066698882: Start Quiz
2025-07-08 12:46:53,513 - INFO - IMAGE EVENT: Quiz selection initiated for 2348066698882 with message: Start Quiz
2025-07-08 12:46:54,214 - INFO - IMAGE EVENT: Preparing to send interactive message to 2348066698882
2025-07-08 12:46:54,214 - INFO - IMAGE EVENT: Preparing button message for 2348066698882
2025-07-08 12:46:54,215 - INFO - IMAGE EVENT: Sending request to WhatsApp API for 2348066698882
2025-07-08 12:46:54,215 - INFO - IMAGE EVENT: Request data: {
  "messaging_product": "whatsapp",
  "to": "2348066698882",
  "type": "interactive",
  "interactive": {
    "type": "button",
    "body": {
      "text": "What would you like to do?"
    },
    "action": {
      "buttons": [
        {
          "type": "reply",
          "reply": {
            "id": "quiz",
            "title": "Start Quiz"
          }
        },
        {
          "type": "reply",
          "reply": {
            "id": "quiz6",
            "title": "Start quiz6"
          }
        }
      ]
    }
  }
}
2025-07-08 12:46:54,611 - INFO - IMAGE EVENT: Received response from WhatsApp API for 2348066698882 - Status: 200
2025-07-08 12:46:54,612 - INFO - IMAGE EVENT: Response content: {"messaging_product":"whatsapp","contacts":[{"input":"2348066698882","wa_id":"2348066698882"}],"messages":[{"id":"wamid.HBgNMjM0ODA2NjY5ODg4MhUCABEYEkJGQkRFRjFEMjA5NkE2QkVBQwA="}]}
2025-07-08 12:46:54,612 - INFO - IMAGE EVENT: Successfully sent interactive message to 2348066698882
2025-07-08 12:47:06,664 - INFO - IMAGE EVENT: Full message content: {
  "context": {
    "from": "2349134774276",
    "id": "wamid.HBgNMjM0ODA2NjY5ODg4MhUCABEYEkJGQkRFRjFEMjA5NkE2QkVBQwA="
  },
  "from": "2348066698882",
  "id": "wamid.HBgNMjM0ODA2NjY5ODg4MhUCABIYIDg2QzhBMjY0OUQ5RDE0NjM4RDRCNTRGQjZBRTkzM0UyAA==",
  "timestamp": "1751978825",
  "type": "interactive",
  "interactive": {
    "type": "button_reply",
    "button_reply": {
      "id": "quiz6",
      "title": "Start quiz6"
    }
  }
}
2025-07-08 12:47:06,665 - INFO - IMAGE EVENT: Received message of type 'interactive' from 2348066698882
2025-07-08 12:47:06,666 - INFO - IMAGE EVENT: Processing message wamid.HBgNMjM0ODA2NjY5ODg4MhUCABIYIDg2QzhBMjY0OUQ5RDE0NjM4RDRCNTRGQjZBRTkzM0UyAA== for user: <sqlite3.Row object at 0x7f5bc89c3bf0>
2025-07-08 12:47:06,666 - INFO - IMAGE EVENT: User state: selecting_quiz
2025-07-08 12:47:06,666 - INFO - IMAGE EVENT: Processing interactive message: {
  "type": "button_reply",
  "button_reply": {
    "id": "quiz6",
    "title": "Start quiz6"
  }
}
2025-07-08 12:47:06,666 - INFO - IMAGE EVENT: Received button reply: id=quiz6, text=Start quiz6
2025-07-08 12:47:06,666 - INFO - IMAGE EVENT: Handling other button response
2025-07-08 12:47:06,667 - INFO - IMAGE EVENT: Button/List response received: id=quiz6, text=Start quiz6
2025-07-08 12:47:06,667 - INFO - IMAGE EVENT: Unknown button/list response: quiz6 from 2348066698882
2025-07-08 12:47:06,667 - INFO - IMAGE EVENT: Handling text message for 2348066698882: Start quiz6
2025-07-08 12:47:06,667 - INFO - IMAGE EVENT: Quiz selection initiated for 2348066698882 with message: Start quiz6
2025-07-08 12:47:06,680 - INFO - IMAGE EVENT: Starting quiz6 for user 118 at question 0
2025-07-08 12:47:06,681 - INFO - IMAGE EVENT: Preparing to send interactive message to 2348066698882
2025-07-08 12:47:06,681 - INFO - IMAGE EVENT: Preparing button message for 2348066698882
2025-07-08 12:47:06,681 - INFO - IMAGE EVENT: Sending request to WhatsApp API for 2348066698882
2025-07-08 12:47:06,681 - INFO - IMAGE EVENT: Request data: {
  "messaging_product": "whatsapp",
  "to": "2348066698882",
  "type": "interactive",
  "interactive": {
    "type": "button",
    "body": {
      "text": "Question 1 out of 5:\n\nWhat is operational management primarily concerned with?\n\nA) Marketing only\nB) Day-to-day business activities\nC) Yearly planning only\n"
    },
    "action": {
      "buttons": [
        {
          "type": "reply",
          "reply": {
            "id": "option_A",
            "title": "A"
          }
        },
        {
          "type": "reply",
          "reply": {
            "id": "option_B",
            "title": "B"
          }
        },
        {
          "type": "reply",
          "reply": {
            "id": "option_C",
            "title": "C"
          }
        }
      ]
    }
  }
}
2025-07-08 12:47:07,128 - INFO - IMAGE EVENT: Received response from WhatsApp API for 2348066698882 - Status: 200
2025-07-08 12:47:07,128 - INFO - IMAGE EVENT: Response content: {"messaging_product":"whatsapp","contacts":[{"input":"2348066698882","wa_id":"2348066698882"}],"messages":[{"id":"wamid.HBgNMjM0ODA2NjY5ODg4MhUCABEYEkJBOTA5MUU5M0QwQTg4QjA0NAA="}]}
2025-07-08 12:47:07,129 - INFO - IMAGE EVENT: Successfully sent interactive message to 2348066698882
2025-07-08 12:47:21,612 - INFO - IMAGE EVENT: Full message content: {
  "context": {
    "from": "2349134774276",
    "id": "wamid.HBgNMjM0ODA2NjY5ODg4MhUCABEYEkJBOTA5MUU5M0QwQTg4QjA0NAA="
  },
  "from": "2348066698882",
  "id": "wamid.HBgNMjM0ODA2NjY5ODg4MhUCABIYIEJBNkUxQjU3REJFQzEzNjhGRkVGQzE1MzUyQTNFNkU5AA==",
  "timestamp": "1751978840",
  "type": "interactive",
  "interactive": {
    "type": "button_reply",
    "button_reply": {
      "id": "option_B",
      "title": "B"
    }
  }
}
2025-07-08 12:47:21,612 - INFO - IMAGE EVENT: Received message of type 'interactive' from 2348066698882
2025-07-08 12:47:21,613 - INFO - IMAGE EVENT: Processing message wamid.HBgNMjM0ODA2NjY5ODg4MhUCABIYIEJBNkUxQjU3REJFQzEzNjhGRkVGQzE1MzUyQTNFNkU5AA== for user: <sqlite3.Row object at 0x7f5bc89c34d0>
2025-07-08 12:47:21,613 - INFO - IMAGE EVENT: User state: quiz_0
2025-07-08 12:47:21,613 - INFO - IMAGE EVENT: Processing interactive message: {
  "type": "button_reply",
  "button_reply": {
    "id": "option_B",
    "title": "B"
  }
}
2025-07-08 12:47:21,614 - INFO - IMAGE EVENT: Received button reply: id=option_B, text=B
2025-07-08 12:47:21,614 - INFO - IMAGE EVENT: Handling other button response
2025-07-08 12:47:21,614 - INFO - IMAGE EVENT: Button/List response received: id=option_B, text=B
2025-07-08 12:47:21,614 - INFO - IMAGE EVENT: Unknown button/list response: option_B from 2348066698882
2025-07-08 12:47:21,614 - INFO - IMAGE EVENT: Handling text message for 2348066698882: B
2025-07-08 12:47:21,615 - INFO - IMAGE EVENT: Handling quiz response for 2348066698882: B
2025-07-08 12:47:21,615 - INFO - IMAGE EVENT: User 118 answered question 1 correctly
2025-07-08 12:47:21,615 - INFO - IMAGE EVENT: Inserted response for user 118: question 1, correct=1, quiz=quiz6
2025-07-08 12:47:22,075 - INFO - IMAGE EVENT: Moving to next question. New index: 1
2025-07-08 12:47:22,163 - INFO - IMAGE EVENT: Preparing to send interactive message to 2348066698882
2025-07-08 12:47:22,163 - INFO - IMAGE EVENT: Preparing button message for 2348066698882
2025-07-08 12:47:22,163 - INFO - IMAGE EVENT: Sending request to WhatsApp API for 2348066698882
2025-07-08 12:47:22,164 - INFO - IMAGE EVENT: Request data: {
  "messaging_product": "whatsapp",
  "to": "2348066698882",
  "type": "interactive",
  "interactive": {
    "type": "button",
    "body": {
      "text": "Question 2 out of 5:\n\nWhich is a key component of supply chain management?\n\nA) Social media marketing\nB) Supplier relationships\nC) Employee salaries\n"
    },
    "action": {
      "buttons": [
        {
          "type": "reply",
          "reply": {
            "id": "option_A",
            "title": "A"
          }
        },
        {
          "type": "reply",
          "reply": {
            "id": "option_B",
            "title": "B"
          }
        },
        {
          "type": "reply",
          "reply": {
            "id": "option_C",
            "title": "C"
          }
        }
      ]
    }
  }
}
2025-07-08 12:47:22,753 - INFO - IMAGE EVENT: Received response from WhatsApp API for 2348066698882 - Status: 200
2025-07-08 12:47:22,759 - INFO - IMAGE EVENT: Response content: {"messaging_product":"whatsapp","contacts":[{"input":"2348066698882","wa_id":"2348066698882"}],"messages":[{"id":"wamid.HBgNMjM0ODA2NjY5ODg4MhUCABEYEkNEODBGNzY5M0ZBQzhFOTU0NgA="}]}
2025-07-08 12:47:22,761 - INFO - IMAGE EVENT: Successfully sent interactive message to 2348066698882
2025-07-08 12:47:48,999 - INFO - IMAGE EVENT: Full message content: {
  "context": {
    "from": "2349134774276",
    "id": "wamid.HBgNMjM0ODA2NjY5ODg4MhUCABEYEkNEODBGNzY5M0ZBQzhFOTU0NgA="
  },
  "from": "2348066698882",
  "id": "wamid.HBgNMjM0ODA2NjY5ODg4MhUCABIYIDMyQTJBN0MyMUU3NjZFNzYwNDRFNTcwMjUxQkZGQjA5AA==",
  "timestamp": "1751978868",
  "type": "interactive",
  "interactive": {
    "type": "button_reply",
    "button_reply": {
      "id": "option_B",
      "title": "B"
    }
  }
}
2025-07-08 12:47:48,999 - INFO - IMAGE EVENT: Received message of type 'interactive' from 2348066698882
2025-07-08 12:47:49,000 - INFO - IMAGE EVENT: Processing message wamid.HBgNMjM0ODA2NjY5ODg4MhUCABIYIDMyQTJBN0MyMUU3NjZFNzYwNDRFNTcwMjUxQkZGQjA5AA== for user: <sqlite3.Row object at 0x7f5bc89c3a70>
2025-07-08 12:47:49,057 - INFO - IMAGE EVENT: User state: quiz_1
2025-07-08 12:47:49,057 - INFO - IMAGE EVENT: Processing interactive message: {
  "type": "button_reply",
  "button_reply": {
    "id": "option_B",
    "title": "B"
  }
}
2025-07-08 12:47:49,057 - INFO - IMAGE EVENT: Received button reply: id=option_B, text=B
2025-07-08 12:47:49,057 - INFO - IMAGE EVENT: Handling other button response
2025-07-08 12:47:49,057 - INFO - IMAGE EVENT: Button/List response received: id=option_B, text=B
2025-07-08 12:47:49,058 - INFO - IMAGE EVENT: Unknown button/list response: option_B from 2348066698882
2025-07-08 12:47:49,066 - INFO - IMAGE EVENT: Handling text message for 2348066698882: B
2025-07-08 12:47:49,066 - INFO - IMAGE EVENT: Handling quiz response for 2348066698882: B
2025-07-08 12:47:49,066 - INFO - IMAGE EVENT: User 118 answered question 2 correctly
2025-07-08 12:47:49,067 - INFO - IMAGE EVENT: Inserted response for user 118: question 2, correct=1, quiz=quiz6
2025-07-08 12:47:49,719 - INFO - IMAGE EVENT: Moving to next question. New index: 2
2025-07-08 12:47:49,728 - INFO - IMAGE EVENT: Preparing to send interactive message to 2348066698882
2025-07-08 12:47:49,729 - INFO - IMAGE EVENT: Preparing button message for 2348066698882
2025-07-08 12:47:49,729 - INFO - IMAGE EVENT: Sending request to WhatsApp API for 2348066698882
2025-07-08 12:47:49,729 - INFO - IMAGE EVENT: Request data: {
  "messaging_product": "whatsapp",
  "to": "2348066698882",
  "type": "interactive",
  "interactive": {
    "type": "button",
    "body": {
      "text": "Question 3 out of 5:\n\nWhat is the first step in process mapping?\n\nA) Hiring staff\nB) Identifying core processes\nC) Buying equipment\n"
    },
    "action": {
      "buttons": [
        {
          "type": "reply",
          "reply": {
            "id": "option_A",
            "title": "A"
          }
        },
        {
          "type": "reply",
          "reply": {
            "id": "option_B",
            "title": "B"
          }
        },
        {
          "type": "reply",
          "reply": {
            "id": "option_C",
            "title": "C"
          }
        }
      ]
    }
  }
}
2025-07-08 12:47:50,135 - INFO - IMAGE EVENT: Received response from WhatsApp API for 2348066698882 - Status: 200
2025-07-08 12:47:50,135 - INFO - IMAGE EVENT: Response content: {"messaging_product":"whatsapp","contacts":[{"input":"2348066698882","wa_id":"2348066698882"}],"messages":[{"id":"wamid.HBgNMjM0ODA2NjY5ODg4MhUCABEYEjI4QTFGMkM2MjU1MjQ3MUM2QwA="}]}
2025-07-08 12:47:50,136 - INFO - IMAGE EVENT: Successfully sent interactive message to 2348066698882
2025-07-08 12:48:05,661 - INFO - IMAGE EVENT: Full message content: {
  "context": {
    "from": "2349134774276",
    "id": "wamid.HBgNMjM0ODA2NjY5ODg4MhUCABEYEjI4QTFGMkM2MjU1MjQ3MUM2QwA="
  },
  "from": "2348066698882",
  "id": "wamid.HBgNMjM0ODA2NjY5ODg4MhUCABIYIEZENTExQ0IwQjNGMEZDMkUyMkNFRjNDOUExMkIxQTNGAA==",
  "timestamp": "1751978884",
  "type": "interactive",
  "interactive": {
    "type": "button_reply",
    "button_reply": {
      "id": "option_B",
      "title": "B"
    }
  }
}
2025-07-08 12:48:05,661 - INFO - IMAGE EVENT: Received message of type 'interactive' from 2348066698882
2025-07-08 12:48:05,662 - INFO - IMAGE EVENT: Processing message wamid.HBgNMjM0ODA2NjY5ODg4MhUCABIYIEZENTExQ0IwQjNGMEZDMkUyMkNFRjNDOUExMkIxQTNGAA== for user: <sqlite3.Row object at 0x7f5bc89c3590>
2025-07-08 12:48:05,665 - INFO - IMAGE EVENT: User state: quiz_2
2025-07-08 12:48:05,665 - INFO - IMAGE EVENT: Processing interactive message: {
  "type": "button_reply",
  "button_reply": {
    "id": "option_B",
    "title": "B"
  }
}
2025-07-08 12:48:05,665 - INFO - IMAGE EVENT: Received button reply: id=option_B, text=B
2025-07-08 12:48:05,665 - INFO - IMAGE EVENT: Handling other button response
2025-07-08 12:48:05,666 - INFO - IMAGE EVENT: Button/List response received: id=option_B, text=B
2025-07-08 12:48:05,666 - INFO - IMAGE EVENT: Unknown button/list response: option_B from 2348066698882
2025-07-08 12:48:05,667 - INFO - IMAGE EVENT: Handling text message for 2348066698882: B
2025-07-08 12:48:05,667 - INFO - IMAGE EVENT: Handling quiz response for 2348066698882: B
2025-07-08 12:48:05,667 - INFO - IMAGE EVENT: User 118 answered question 3 correctly
2025-07-08 12:48:05,667 - INFO - IMAGE EVENT: Inserted response for user 118: question 3, correct=1, quiz=quiz6
2025-07-08 12:48:06,065 - INFO - IMAGE EVENT: Moving to next question. New index: 3
2025-07-08 12:48:06,074 - INFO - IMAGE EVENT: Preparing to send interactive message to 2348066698882
2025-07-08 12:48:06,075 - INFO - IMAGE EVENT: Preparing button message for 2348066698882
2025-07-08 12:48:06,075 - INFO - IMAGE EVENT: Sending request to WhatsApp API for 2348066698882
2025-07-08 12:48:06,075 - INFO - IMAGE EVENT: Request data: {
  "messaging_product": "whatsapp",
  "to": "2348066698882",
  "type": "interactive",
  "interactive": {
    "type": "button",
    "body": {
      "text": "Question 4 out of 5:\n\nHow should technology adoption be approached?\n\nA) Buy the most expensive option\nB) Ignore it completely\nC) Based on cost-benefit analysis\n"
    },
    "action": {
      "buttons": [
        {
          "type": "reply",
          "reply": {
            "id": "option_A",
            "title": "A"
          }
        },
        {
          "type": "reply",
          "reply": {
            "id": "option_B",
            "title": "B"
          }
        },
        {
          "type": "reply",
          "reply": {
            "id": "option_C",
            "title": "C"
          }
        }
      ]
    }
  }
}
2025-07-08 12:48:06,492 - INFO - IMAGE EVENT: Received response from WhatsApp API for 2348066698882 - Status: 200
2025-07-08 12:48:06,493 - INFO - IMAGE EVENT: Response content: {"messaging_product":"whatsapp","contacts":[{"input":"2348066698882","wa_id":"2348066698882"}],"messages":[{"id":"wamid.HBgNMjM0ODA2NjY5ODg4MhUCABEYEkY2MTYwN0VDMzVBNkIzQUEwQwA="}]}
2025-07-08 12:48:06,557 - INFO - IMAGE EVENT: Successfully sent interactive message to 2348066698882
2025-07-08 12:48:22,861 - INFO - IMAGE EVENT: Full message content: {
  "context": {
    "from": "2349134774276",
    "id": "wamid.HBgNMjM0ODA2NjY5ODg4MhUCABEYEkY2MTYwN0VDMzVBNkIzQUEwQwA="
  },
  "from": "2348066698882",
  "id": "wamid.HBgNMjM0ODA2NjY5ODg4MhUCABIYIDdGQ0EzNEI2NTVGMEMxNjU5MTBCNjhGRTVFMzI2QUREAA==",
  "timestamp": "1751978902",
  "type": "interactive",
  "interactive": {
    "type": "button_reply",
    "button_reply": {
      "id": "option_C",
      "title": "C"
    }
  }
}
2025-07-08 12:48:22,862 - INFO - IMAGE EVENT: Received message of type 'interactive' from 2348066698882
2025-07-08 12:48:22,863 - INFO - IMAGE EVENT: Processing message wamid.HBgNMjM0ODA2NjY5ODg4MhUCABIYIDdGQ0EzNEI2NTVGMEMxNjU5MTBCNjhGRTVFMzI2QUREAA== for user: <sqlite3.Row object at 0x7f5bc89c3f30>
2025-07-08 12:48:22,863 - INFO - IMAGE EVENT: User state: quiz_3
2025-07-08 12:48:22,864 - INFO - IMAGE EVENT: Processing interactive message: {
  "type": "button_reply",
  "button_reply": {
    "id": "option_C",
    "title": "C"
  }
}
2025-07-08 12:48:22,864 - INFO - IMAGE EVENT: Received button reply: id=option_C, text=C
2025-07-08 12:48:22,865 - INFO - IMAGE EVENT: Handling other button response
2025-07-08 12:48:22,865 - INFO - IMAGE EVENT: Button/List response received: id=option_C, text=C
2025-07-08 12:48:22,866 - INFO - IMAGE EVENT: Unknown button/list response: option_C from 2348066698882
2025-07-08 12:48:22,866 - INFO - IMAGE EVENT: Handling text message for 2348066698882: C
2025-07-08 12:48:22,866 - INFO - IMAGE EVENT: Handling quiz response for 2348066698882: C
2025-07-08 12:48:22,867 - INFO - IMAGE EVENT: User 118 answered question 4 correctly
2025-07-08 12:48:22,868 - INFO - IMAGE EVENT: Inserted response for user 118: question 4, correct=1, quiz=quiz6
2025-07-08 12:48:23,331 - INFO - IMAGE EVENT: Moving to next question. New index: 4
2025-07-08 12:48:23,368 - INFO - IMAGE EVENT: Preparing to send interactive message to 2348066698882
2025-07-08 12:48:23,368 - INFO - IMAGE EVENT: Preparing button message for 2348066698882
2025-07-08 12:48:23,368 - INFO - IMAGE EVENT: Sending request to WhatsApp API for 2348066698882
2025-07-08 12:48:23,368 - INFO - IMAGE EVENT: Request data: {
  "messaging_product": "whatsapp",
  "to": "2348066698882",
  "type": "interactive",
  "interactive": {
    "type": "button",
    "body": {
      "text": "Question 5 out of 5:\n\nWhat is the primary goal of quality control?\n\nA) Increasing prices\nB) Maintaining standards\nC) Reducing staff\n"
    },
    "action": {
      "buttons": [
        {
          "type": "reply",
          "reply": {
            "id": "option_A",
            "title": "A"
          }
        },
        {
          "type": "reply",
          "reply": {
            "id": "option_B",
            "title": "B"
          }
        },
        {
          "type": "reply",
          "reply": {
            "id": "option_C",
            "title": "C"
          }
        }
      ]
    }
  }
}
2025-07-08 12:48:23,765 - INFO - IMAGE EVENT: Received response from WhatsApp API for 2348066698882 - Status: 200
2025-07-08 12:48:23,767 - INFO - IMAGE EVENT: Response content: {"messaging_product":"whatsapp","contacts":[{"input":"2348066698882","wa_id":"2348066698882"}],"messages":[{"id":"wamid.HBgNMjM0ODA2NjY5ODg4MhUCABEYEjBEMTExNzAzQjBCNDdBN0RENQA="}]}
2025-07-08 12:48:23,767 - INFO - IMAGE EVENT: Successfully sent interactive message to 2348066698882
2025-07-08 12:48:34,862 - INFO - IMAGE EVENT: Full message content: {
  "context": {
    "from": "2349134774276",
    "id": "wamid.HBgNMjM0ODA2NjY5ODg4MhUCABEYEjBEMTExNzAzQjBCNDdBN0RENQA="
  },
  "from": "2348066698882",
  "id": "wamid.HBgNMjM0ODA2NjY5ODg4MhUCABIYIDMyMEI1OTg4QkE3RjI1MjU4REE4RTUyQkFEOEJDMDZDAA==",
  "timestamp": "1751978914",
  "type": "interactive",
  "interactive": {
    "type": "button_reply",
    "button_reply": {
      "id": "option_B",
      "title": "B"
    }
  }
}
2025-07-08 12:48:34,863 - INFO - IMAGE EVENT: Received message of type 'interactive' from 2348066698882
2025-07-08 12:48:34,871 - INFO - IMAGE EVENT: Processing message wamid.HBgNMjM0ODA2NjY5ODg4MhUCABIYIDMyMEI1OTg4QkE3RjI1MjU4REE4RTUyQkFEOEJDMDZDAA== for user: <sqlite3.Row object at 0x7f5bc89c3310>
2025-07-08 12:48:34,871 - INFO - IMAGE EVENT: User state: quiz_4
2025-07-08 12:48:34,872 - INFO - IMAGE EVENT: Processing interactive message: {
  "type": "button_reply",
  "button_reply": {
    "id": "option_B",
    "title": "B"
  }
}
2025-07-08 12:48:34,875 - INFO - IMAGE EVENT: Received button reply: id=option_B, text=B
2025-07-08 12:48:34,875 - INFO - IMAGE EVENT: Handling other button response
2025-07-08 12:48:34,877 - INFO - IMAGE EVENT: Button/List response received: id=option_B, text=B
2025-07-08 12:48:34,877 - INFO - IMAGE EVENT: Unknown button/list response: option_B from 2348066698882
2025-07-08 12:48:34,877 - INFO - IMAGE EVENT: Handling text message for 2348066698882: B
2025-07-08 12:48:34,877 - INFO - IMAGE EVENT: Handling quiz response for 2348066698882: B
2025-07-08 12:48:34,878 - INFO - IMAGE EVENT: User 118 answered question 5 correctly
2025-07-08 12:48:34,878 - INFO - IMAGE EVENT: Inserted response for user 118: question 5, correct=1, quiz=quiz6
2025-07-08 12:48:35,231 - INFO - IMAGE EVENT: Moving to next question. New index: 5
2025-07-08 12:48:35,231 - INFO - IMAGE EVENT: Finishing quiz quiz6 for user 118
2025-07-08 12:48:35,662 - INFO - IMAGE EVENT: Database updated for user 118 after finishing quiz quiz6
2025-07-08 12:48:35,663 - INFO - IMAGE EVENT: Preparing to send interactive message to 2348066698882
2025-07-08 12:48:35,663 - INFO - IMAGE EVENT: Preparing button message for 2348066698882
2025-07-08 12:48:35,664 - INFO - IMAGE EVENT: Sending request to WhatsApp API for 2348066698882
2025-07-08 12:48:35,667 - INFO - IMAGE EVENT: Request data: {
  "messaging_product": "whatsapp",
  "to": "2348066698882",
  "type": "interactive",
  "interactive": {
    "type": "button",
    "body": {
      "text": "What would you like to do next?"
    },
    "action": {
      "buttons": [
        {
          "type": "reply",
          "reply": {
            "id": "quiz",
            "title": "Take Another Quiz"
          }
        },
        {
          "type": "reply",
          "reply": {
            "id": "records",
            "title": "Switch to Records"
          }
        },
        {
          "type": "reply",
          "reply": {
            "id": "ai_chat",
            "title": "Review Mistakes (AI)"
          }
        }
      ]
    }
  }
}
2025-07-08 12:48:36,145 - INFO - IMAGE EVENT: Received response from WhatsApp API for 2348066698882 - Status: 200
2025-07-08 12:48:36,146 - INFO - IMAGE EVENT: Response content: {"messaging_product":"whatsapp","contacts":[{"input":"2348066698882","wa_id":"2348066698882"}],"messages":[{"id":"wamid.HBgNMjM0ODA2NjY5ODg4MhUCABEYEjAwOENCQkY1OURGQjY1RTEzMAA="}]}
2025-07-08 12:48:36,146 - INFO - IMAGE EVENT: Successfully sent interactive message to 2348066698882
2025-07-08 12:48:36,146 - INFO - IMAGE EVENT: Quiz quiz6 finished successfully for user 118
2025-07-08 12:50:52,265 - INFO - IMAGE EVENT: Full message content: {
  "context": {
    "from": "2349134774276",
    "id": "wamid.HBgNMjM0ODA3ODQ3ODQzOBUCABEYEkI2Nzc5MTYwMzlDODZGMTgyNAA="
  },
  "from": "2348078478438",
  "id": "wamid.HBgNMjM0ODA3ODQ3ODQzOBUCABIYIDBCOTNCOTE3QzkyQjYyMUZBODY2M0QwMDEwRjA2ODNBAA==",
  "timestamp": "1751979050",
  "type": "interactive",
  "interactive": {
    "type": "button_reply",
    "button_reply": {
      "id": "quiz",
      "title": "Start Quiz"
    }
  }
}
2025-07-08 12:50:52,265 - INFO - IMAGE EVENT: Received message of type 'interactive' from 2348078478438
2025-07-08 12:50:52,267 - INFO - IMAGE EVENT: Processing message wamid.HBgNMjM0ODA3ODQ3ODQzOBUCABIYIDBCOTNCOTE3QzkyQjYyMUZBODY2M0QwMDEwRjA2ODNBAA== for user: <sqlite3.Row object at 0x7f5bc89c3770>
2025-07-08 12:50:52,267 - INFO - IMAGE EVENT: User state: selecting_quiz
2025-07-08 12:50:52,267 - INFO - IMAGE EVENT: Processing interactive message: {
  "type": "button_reply",
  "button_reply": {
    "id": "quiz",
    "title": "Start Quiz"
  }
}
2025-07-08 12:50:52,268 - INFO - IMAGE EVENT: Received button reply: id=quiz, text=Start Quiz
2025-07-08 12:50:52,268 - INFO - IMAGE EVENT: Handling other button response
2025-07-08 12:50:52,270 - INFO - IMAGE EVENT: Button/List response received: id=quiz, text=Start Quiz
2025-07-08 12:50:52,271 - INFO - IMAGE EVENT: Handling Start Quiz request for 2348078478438
2025-07-08 12:50:52,277 - INFO - IMAGE EVENT: Handling text message for 2348078478438: Start Quiz
2025-07-08 12:50:52,278 - INFO - IMAGE EVENT: Quiz selection initiated for 2348078478438 with message: Start Quiz
2025-07-08 12:50:52,979 - INFO - IMAGE EVENT: Preparing to send interactive message to 2348078478438
2025-07-08 12:50:52,986 - INFO - IMAGE EVENT: Preparing button message for 2348078478438
2025-07-08 12:50:52,986 - INFO - IMAGE EVENT: Sending request to WhatsApp API for 2348078478438
2025-07-08 12:50:52,987 - INFO - IMAGE EVENT: Request data: {
  "messaging_product": "whatsapp",
  "to": "2348078478438",
  "type": "interactive",
  "interactive": {
    "type": "button",
    "body": {
      "text": "What would you like to do?"
    },
    "action": {
      "buttons": [
        {
          "type": "reply",
          "reply": {
            "id": "quiz",
            "title": "Start Quiz"
          }
        },
        {
          "type": "reply",
          "reply": {
            "id": "quiz6",
            "title": "Start quiz6"
          }
        }
      ]
    }
  }
}
2025-07-08 12:50:53,584 - INFO - IMAGE EVENT: Received response from WhatsApp API for 2348078478438 - Status: 200
2025-07-08 12:50:53,585 - INFO - IMAGE EVENT: Response content: {"messaging_product":"whatsapp","contacts":[{"input":"2348078478438","wa_id":"2348078478438"}],"messages":[{"id":"wamid.HBgNMjM0ODA3ODQ3ODQzOBUCABEYEjg3NzkwQ0MzODFDMzg3NjY3QQA="}]}
2025-07-08 12:50:53,664 - INFO - IMAGE EVENT: Successfully sent interactive message to 2348078478438
2025-07-08 12:51:11,759 - INFO - IMAGE EVENT: Full message content: {
  "context": {
    "from": "2349134774276",
    "id": "wamid.HBgNMjM0ODA3ODQ3ODQzOBUCABEYEjg3NzkwQ0MzODFDMzg3NjY3QQA="
  },
  "from": "2348078478438",
  "id": "wamid.HBgNMjM0ODA3ODQ3ODQzOBUCABIYIDQxMkYwREQ5QzEzMjcyRTFCRDNDNjM2MzMxMjY1NjdEAA==",
  "timestamp": "1751979070",
  "type": "interactive",
  "interactive": {
    "type": "button_reply",
    "button_reply": {
      "id": "quiz",
      "title": "Start Quiz"
    }
  }
}
2025-07-08 12:51:11,769 - INFO - IMAGE EVENT: Received message of type 'interactive' from 2348078478438
2025-07-08 12:51:11,770 - INFO - IMAGE EVENT: Processing message wamid.HBgNMjM0ODA3ODQ3ODQzOBUCABIYIDQxMkYwREQ5QzEzMjcyRTFCRDNDNjM2MzMxMjY1NjdEAA== for user: <sqlite3.Row object at 0x7f5bc89c3fb0>
2025-07-08 12:51:11,770 - INFO - IMAGE EVENT: User state: selecting_quiz
2025-07-08 12:51:11,770 - INFO - IMAGE EVENT: Processing interactive message: {
  "type": "button_reply",
  "button_reply": {
    "id": "quiz",
    "title": "Start Quiz"
  }
}
2025-07-08 12:51:11,771 - INFO - IMAGE EVENT: Received button reply: id=quiz, text=Start Quiz
2025-07-08 12:51:11,771 - INFO - IMAGE EVENT: Handling other button response
2025-07-08 12:51:11,771 - INFO - IMAGE EVENT: Button/List response received: id=quiz, text=Start Quiz
2025-07-08 12:51:11,771 - INFO - IMAGE EVENT: Handling Start Quiz request for 2348078478438
2025-07-08 12:51:11,772 - INFO - IMAGE EVENT: Handling text message for 2348078478438: Start Quiz
2025-07-08 12:51:11,772 - INFO - IMAGE EVENT: Quiz selection initiated for 2348078478438 with message: Start Quiz
2025-07-08 12:51:12,300 - INFO - IMAGE EVENT: Preparing to send interactive message to 2348078478438
2025-07-08 12:51:12,300 - INFO - IMAGE EVENT: Preparing button message for 2348078478438
2025-07-08 12:51:12,300 - INFO - IMAGE EVENT: Sending request to WhatsApp API for 2348078478438
2025-07-08 12:51:12,301 - INFO - IMAGE EVENT: Request data: {
  "messaging_product": "whatsapp",
  "to": "2348078478438",
  "type": "interactive",
  "interactive": {
    "type": "button",
    "body": {
      "text": "What would you like to do?"
    },
    "action": {
      "buttons": [
        {
          "type": "reply",
          "reply": {
            "id": "quiz",
            "title": "Start Quiz"
          }
        },
        {
          "type": "reply",
          "reply": {
            "id": "quiz6",
            "title": "Start quiz6"
          }
        }
      ]
    }
  }
}
2025-07-08 12:51:12,784 - INFO - IMAGE EVENT: Received response from WhatsApp API for 2348078478438 - Status: 200
2025-07-08 12:51:12,785 - INFO - IMAGE EVENT: Response content: {"messaging_product":"whatsapp","contacts":[{"input":"2348078478438","wa_id":"2348078478438"}],"messages":[{"id":"wamid.HBgNMjM0ODA3ODQ3ODQzOBUCABEYEjRDNTVBNEZEMDVCNzMwRkJFMgA="}]}
2025-07-08 12:51:12,785 - INFO - IMAGE EVENT: Successfully sent interactive message to 2348078478438
2025-07-08 12:51:19,099 - INFO - IMAGE EVENT: Full message content: {
  "context": {
    "from": "2349134774276",
    "id": "wamid.HBgNMjM0ODA3ODQ3ODQzOBUCABEYEjRDNTVBNEZEMDVCNzMwRkJFMgA="
  },
  "from": "2348078478438",
  "id": "wamid.HBgNMjM0ODA3ODQ3ODQzOBUCABIYIDAwM0ZCQTc2MDhGN0FDMDUwM0JCRTdENzM5RTY1QkVGAA==",
  "timestamp": "1751979078",
  "type": "interactive",
  "interactive": {
    "type": "button_reply",
    "button_reply": {
      "id": "quiz",
      "title": "Start Quiz"
    }
  }
}
2025-07-08 12:51:19,100 - INFO - IMAGE EVENT: Received message of type 'interactive' from 2348078478438
2025-07-08 12:51:19,101 - INFO - IMAGE EVENT: Processing message wamid.HBgNMjM0ODA3ODQ3ODQzOBUCABIYIDAwM0ZCQTc2MDhGN0FDMDUwM0JCRTdENzM5RTY1QkVGAA== for user: <sqlite3.Row object at 0x7f5bc89c3530>
2025-07-08 12:51:19,101 - INFO - IMAGE EVENT: User state: selecting_quiz
2025-07-08 12:51:19,101 - INFO - IMAGE EVENT: Processing interactive message: {
  "type": "button_reply",
  "button_reply": {
    "id": "quiz",
    "title": "Start Quiz"
  }
}
2025-07-08 12:51:19,101 - INFO - IMAGE EVENT: Received button reply: id=quiz, text=Start Quiz
2025-07-08 12:51:19,101 - INFO - IMAGE EVENT: Handling other button response
2025-07-08 12:51:19,102 - INFO - IMAGE EVENT: Button/List response received: id=quiz, text=Start Quiz
2025-07-08 12:51:19,102 - INFO - IMAGE EVENT: Handling Start Quiz request for 2348078478438
2025-07-08 12:51:19,105 - INFO - IMAGE EVENT: Handling text message for 2348078478438: Start Quiz
2025-07-08 12:51:19,106 - INFO - IMAGE EVENT: Quiz selection initiated for 2348078478438 with message: Start Quiz
2025-07-08 12:51:19,612 - INFO - IMAGE EVENT: Preparing to send interactive message to 2348078478438
2025-07-08 12:51:19,612 - INFO - IMAGE EVENT: Preparing button message for 2348078478438
2025-07-08 12:51:19,612 - INFO - IMAGE EVENT: Sending request to WhatsApp API for 2348078478438
2025-07-08 12:51:19,613 - INFO - IMAGE EVENT: Request data: {
  "messaging_product": "whatsapp",
  "to": "2348078478438",
  "type": "interactive",
  "interactive": {
    "type": "button",
    "body": {
      "text": "What would you like to do?"
    },
    "action": {
      "buttons": [
        {
          "type": "reply",
          "reply": {
            "id": "quiz",
            "title": "Start Quiz"
          }
        },
        {
          "type": "reply",
          "reply": {
            "id": "quiz6",
            "title": "Start quiz6"
          }
        }
      ]
    }
  }
}
2025-07-08 12:51:20,041 - INFO - IMAGE EVENT: Received response from WhatsApp API for 2348078478438 - Status: 200
2025-07-08 12:51:20,061 - INFO - IMAGE EVENT: Response content: {"messaging_product":"whatsapp","contacts":[{"input":"2348078478438","wa_id":"2348078478438"}],"messages":[{"id":"wamid.HBgNMjM0ODA3ODQ3ODQzOBUCABEYEjY3OTAzQkE4MzA5MEExOTFBQQA="}]}
2025-07-08 12:51:20,062 - INFO - IMAGE EVENT: Successfully sent interactive message to 2348078478438
2025-07-08 12:51:21,146 - INFO - IMAGE EVENT: Full message content: {
  "from": "2348078478438",
  "id": "wamid.HBgNMjM0ODA3ODQ3ODQzOBUCABIYIDNGMTU3RDU3NTA2QzNGNTgwQzU3M0Q0NUI0REQyRTg3AA==",
  "timestamp": "1751979080",
  "text": {
    "body": "Hi, this is empowerlocals, you can edit this intro message!"
  },
  "type": "text"
}
2025-07-08 12:51:21,147 - INFO - IMAGE EVENT: Received message of type 'text' from 2348078478438
2025-07-08 12:51:21,147 - INFO - IMAGE EVENT: Processing message wamid.HBgNMjM0ODA3ODQ3ODQzOBUCABIYIDNGMTU3RDU3NTA2QzNGNTgwQzU3M0Q0NUI0REQyRTg3AA== for user: <sqlite3.Row object at 0x7f5bc89c3f70>
2025-07-08 12:51:21,147 - INFO - IMAGE EVENT: User state: selecting_quiz
2025-07-08 12:51:21,148 - INFO - IMAGE EVENT: Received text message from 2348078478438: hi, this is empowerlocals, you can edit this intro message!
2025-07-08 12:51:21,148 - INFO - IMAGE EVENT: Handling text message for 2348078478438: hi, this is empowerlocals, you can edit this intro message!
2025-07-08 12:51:21,148 - INFO - IMAGE EVENT: Quiz selection initiated for 2348078478438 with message: hi, this is empowerlocals, you can edit this intro message!
2025-07-08 12:51:22,095 - INFO - IMAGE EVENT: Preparing to send interactive message to 2348078478438
2025-07-08 12:51:22,096 - INFO - IMAGE EVENT: Preparing button message for 2348078478438
2025-07-08 12:51:22,096 - INFO - IMAGE EVENT: Sending request to WhatsApp API for 2348078478438
2025-07-08 12:51:22,096 - INFO - IMAGE EVENT: Request data: {
  "messaging_product": "whatsapp",
  "to": "2348078478438",
  "type": "interactive",
  "interactive": {
    "type": "button",
    "body": {
      "text": "What would you like to do?"
    },
    "action": {
      "buttons": [
        {
          "type": "reply",
          "reply": {
            "id": "quiz",
            "title": "Start Quiz"
          }
        },
        {
          "type": "reply",
          "reply": {
            "id": "quiz6",
            "title": "Start quiz6"
          }
        }
      ]
    }
  }
}
2025-07-08 12:51:22,742 - INFO - IMAGE EVENT: Received response from WhatsApp API for 2348078478438 - Status: 200
2025-07-08 12:51:22,754 - INFO - IMAGE EVENT: Response content: {"messaging_product":"whatsapp","contacts":[{"input":"2348078478438","wa_id":"2348078478438"}],"messages":[{"id":"wamid.HBgNMjM0ODA3ODQ3ODQzOBUCABEYEkJCMkFGMjY1QUU1N0VDNDgwRAA="}]}
2025-07-08 12:51:22,755 - INFO - IMAGE EVENT: Successfully sent interactive message to 2348078478438
2025-07-08 12:51:23,361 - INFO - IMAGE EVENT: Full message content: {
  "context": {
    "from": "2349134774276",
    "id": "wamid.HBgNMjM0ODA3ODQ3ODQzOBUCABEYEjY3OTAzQkE4MzA5MEExOTFBQQA="
  },
  "from": "2348078478438",
  "id": "wamid.HBgNMjM0ODA3ODQ3ODQzOBUCABIYIEY0QzhFRjk3NzZBNjUyQjc3MkZGMkU0MzAyNzA0OUI2AA==",
  "timestamp": "1751979082",
  "type": "interactive",
  "interactive": {
    "type": "button_reply",
    "button_reply": {
      "id": "quiz6",
      "title": "Start quiz6"
    }
  }
}
2025-07-08 12:51:23,361 - INFO - IMAGE EVENT: Received message of type 'interactive' from 2348078478438
2025-07-08 12:51:23,368 - INFO - IMAGE EVENT: Processing message wamid.HBgNMjM0ODA3ODQ3ODQzOBUCABIYIEY0QzhFRjk3NzZBNjUyQjc3MkZGMkU0MzAyNzA0OUI2AA== for user: <sqlite3.Row object at 0x7f5bc89c1fb0>
2025-07-08 12:51:23,368 - INFO - IMAGE EVENT: User state: selecting_quiz
2025-07-08 12:51:23,369 - INFO - IMAGE EVENT: Processing interactive message: {
  "type": "button_reply",
  "button_reply": {
    "id": "quiz6",
    "title": "Start quiz6"
  }
}
2025-07-08 12:51:23,369 - INFO - IMAGE EVENT: Received button reply: id=quiz6, text=Start quiz6
2025-07-08 12:51:23,369 - INFO - IMAGE EVENT: Handling other button response
2025-07-08 12:51:23,369 - INFO - IMAGE EVENT: Button/List response received: id=quiz6, text=Start quiz6
2025-07-08 12:51:23,369 - INFO - IMAGE EVENT: Unknown button/list response: quiz6 from 2348078478438
2025-07-08 12:51:23,369 - INFO - IMAGE EVENT: Handling text message for 2348078478438: Start quiz6
2025-07-08 12:51:23,370 - INFO - IMAGE EVENT: Quiz selection initiated for 2348078478438 with message: Start quiz6
2025-07-08 12:51:23,377 - INFO - IMAGE EVENT: Starting quiz6 for user 140 at question 0
2025-07-08 12:51:23,378 - INFO - IMAGE EVENT: Preparing to send interactive message to 2348078478438
2025-07-08 12:51:23,379 - INFO - IMAGE EVENT: Preparing button message for 2348078478438
2025-07-08 12:51:23,379 - INFO - IMAGE EVENT: Sending request to WhatsApp API for 2348078478438
2025-07-08 12:51:23,379 - INFO - IMAGE EVENT: Request data: {
  "messaging_product": "whatsapp",
  "to": "2348078478438",
  "type": "interactive",
  "interactive": {
    "type": "button",
    "body": {
      "text": "Question 1 out of 5:\n\nWhat is operational management primarily concerned with?\n\nA) Marketing only\nB) Day-to-day business activities\nC) Yearly planning only\n"
    },
    "action": {
      "buttons": [
        {
          "type": "reply",
          "reply": {
            "id": "option_A",
            "title": "A"
          }
        },
        {
          "type": "reply",
          "reply": {
            "id": "option_B",
            "title": "B"
          }
        },
        {
          "type": "reply",
          "reply": {
            "id": "option_C",
            "title": "C"
          }
        }
      ]
    }
  }
}
2025-07-08 12:51:23,848 - INFO - IMAGE EVENT: Received response from WhatsApp API for 2348078478438 - Status: 200
2025-07-08 12:51:23,849 - INFO - IMAGE EVENT: Response content: {"messaging_product":"whatsapp","contacts":[{"input":"2348078478438","wa_id":"2348078478438"}],"messages":[{"id":"wamid.HBgNMjM0ODA3ODQ3ODQzOBUCABEYEkZENzM3NkM4Nzk1QTZFMUM1RgA="}]}
2025-07-08 12:51:23,849 - INFO - IMAGE EVENT: Successfully sent interactive message to 2348078478438
2025-07-08 12:51:46,669 - INFO - IMAGE EVENT: Full message content: {
  "context": {
    "from": "2349134774276",
    "id": "wamid.HBgNMjM0ODA3ODQ3ODQzOBUCABEYEkZENzM3NkM4Nzk1QTZFMUM1RgA="
  },
  "from": "2348078478438",
  "id": "wamid.HBgNMjM0ODA3ODQ3ODQzOBUCABIYIEUzRjkxNTdCMjk2NDMxMDQyMDNGQTJFMEZBQ0I3MkIyAA==",
  "timestamp": "1751979106",
  "type": "interactive",
  "interactive": {
    "type": "button_reply",
    "button_reply": {
      "id": "option_B",
      "title": "B"
    }
  }
}
2025-07-08 12:51:46,669 - INFO - IMAGE EVENT: Received message of type 'interactive' from 2348078478438
2025-07-08 12:51:46,671 - INFO - IMAGE EVENT: Processing message wamid.HBgNMjM0ODA3ODQ3ODQzOBUCABIYIEUzRjkxNTdCMjk2NDMxMDQyMDNGQTJFMEZBQ0I3MkIyAA== for user: <sqlite3.Row object at 0x7f5bc89c37d0>
2025-07-08 12:51:46,671 - INFO - IMAGE EVENT: User state: quiz_0
2025-07-08 12:51:46,671 - INFO - IMAGE EVENT: Processing interactive message: {
  "type": "button_reply",
  "button_reply": {
    "id": "option_B",
    "title": "B"
  }
}
2025-07-08 12:51:46,671 - INFO - IMAGE EVENT: Received button reply: id=option_B, text=B
2025-07-08 12:51:46,671 - INFO - IMAGE EVENT: Handling other button response
2025-07-08 12:51:46,671 - INFO - IMAGE EVENT: Button/List response received: id=option_B, text=B
2025-07-08 12:51:46,672 - INFO - IMAGE EVENT: Unknown button/list response: option_B from 2348078478438
2025-07-08 12:51:46,672 - INFO - IMAGE EVENT: Handling text message for 2348078478438: B
2025-07-08 12:51:46,672 - INFO - IMAGE EVENT: Handling quiz response for 2348078478438: B
2025-07-08 12:51:46,672 - INFO - IMAGE EVENT: User 140 answered question 1 correctly
2025-07-08 12:51:46,673 - INFO - IMAGE EVENT: Inserted response for user 140: question 1, correct=1, quiz=quiz6
2025-07-08 12:51:47,356 - INFO - IMAGE EVENT: Moving to next question. New index: 1
2025-07-08 12:51:47,391 - INFO - IMAGE EVENT: Preparing to send interactive message to 2348078478438
2025-07-08 12:51:47,454 - INFO - IMAGE EVENT: Preparing button message for 2348078478438
2025-07-08 12:51:47,455 - INFO - IMAGE EVENT: Sending request to WhatsApp API for 2348078478438
2025-07-08 12:51:47,463 - INFO - IMAGE EVENT: Request data: {
  "messaging_product": "whatsapp",
  "to": "2348078478438",
  "type": "interactive",
  "interactive": {
    "type": "button",
    "body": {
      "text": "Question 2 out of 5:\n\nWhich is a key component of supply chain management?\n\nA) Social media marketing\nB) Supplier relationships\nC) Employee salaries\n"
    },
    "action": {
      "buttons": [
        {
          "type": "reply",
          "reply": {
            "id": "option_A",
            "title": "A"
          }
        },
        {
          "type": "reply",
          "reply": {
            "id": "option_B",
            "title": "B"
          }
        },
        {
          "type": "reply",
          "reply": {
            "id": "option_C",
            "title": "C"
          }
        }
      ]
    }
  }
}
2025-07-08 12:51:48,256 - INFO - IMAGE EVENT: Received response from WhatsApp API for 2348078478438 - Status: 200
2025-07-08 12:51:48,256 - INFO - IMAGE EVENT: Response content: {"messaging_product":"whatsapp","contacts":[{"input":"2348078478438","wa_id":"2348078478438"}],"messages":[{"id":"wamid.HBgNMjM0ODA3ODQ3ODQzOBUCABEYEkM4RDYwMDdEODlBNUQ4RDBDMAA="}]}
2025-07-08 12:51:48,256 - INFO - IMAGE EVENT: Successfully sent interactive message to 2348078478438
2025-07-08 12:52:08,386 - INFO - IMAGE EVENT: Full message content: {
  "context": {
    "from": "2349134774276",
    "id": "wamid.HBgNMjM0ODA3ODQ3ODQzOBUCABEYEkM4RDYwMDdEODlBNUQ4RDBDMAA="
  },
  "from": "2348078478438",
  "id": "wamid.HBgNMjM0ODA3ODQ3ODQzOBUCABIYIDA2NDA1QUE4QzY4RDQ5Q0YyRkQ0NTNDN0M0RTJBNUUzAA==",
  "timestamp": "1751979127",
  "type": "interactive",
  "interactive": {
    "type": "button_reply",
    "button_reply": {
      "id": "option_B",
      "title": "B"
    }
  }
}
2025-07-08 12:52:08,387 - INFO - IMAGE EVENT: Received message of type 'interactive' from 2348078478438
2025-07-08 12:52:08,388 - INFO - IMAGE EVENT: Processing message wamid.HBgNMjM0ODA3ODQ3ODQzOBUCABIYIDA2NDA1QUE4QzY4RDQ5Q0YyRkQ0NTNDN0M0RTJBNUUzAA== for user: <sqlite3.Row object at 0x7f5bc89c3f30>
2025-07-08 12:52:08,388 - INFO - IMAGE EVENT: User state: quiz_1
2025-07-08 12:52:08,389 - INFO - IMAGE EVENT: Processing interactive message: {
  "type": "button_reply",
  "button_reply": {
    "id": "option_B",
    "title": "B"
  }
}
2025-07-08 12:52:08,389 - INFO - IMAGE EVENT: Received button reply: id=option_B, text=B
2025-07-08 12:52:08,393 - INFO - IMAGE EVENT: Handling other button response
2025-07-08 12:52:08,393 - INFO - IMAGE EVENT: Button/List response received: id=option_B, text=B
2025-07-08 12:52:08,394 - INFO - IMAGE EVENT: Unknown button/list response: option_B from 2348078478438
2025-07-08 12:52:08,394 - INFO - IMAGE EVENT: Handling text message for 2348078478438: B
2025-07-08 12:52:08,395 - INFO - IMAGE EVENT: Handling quiz response for 2348078478438: B
2025-07-08 12:52:08,395 - INFO - IMAGE EVENT: User 140 answered question 2 correctly
2025-07-08 12:52:08,399 - INFO - IMAGE EVENT: Inserted response for user 140: question 2, correct=1, quiz=quiz6
2025-07-08 12:52:08,920 - INFO - IMAGE EVENT: Moving to next question. New index: 2
2025-07-08 12:52:08,982 - INFO - IMAGE EVENT: Preparing to send interactive message to 2348078478438
2025-07-08 12:52:08,982 - INFO - IMAGE EVENT: Preparing button message for 2348078478438
2025-07-08 12:52:08,982 - INFO - IMAGE EVENT: Sending request to WhatsApp API for 2348078478438
2025-07-08 12:52:08,982 - INFO - IMAGE EVENT: Request data: {
  "messaging_product": "whatsapp",
  "to": "2348078478438",
  "type": "interactive",
  "interactive": {
    "type": "button",
    "body": {
      "text": "Question 3 out of 5:\n\nWhat is the first step in process mapping?\n\nA) Hiring staff\nB) Identifying core processes\nC) Buying equipment\n"
    },
    "action": {
      "buttons": [
        {
          "type": "reply",
          "reply": {
            "id": "option_A",
            "title": "A"
          }
        },
        {
          "type": "reply",
          "reply": {
            "id": "option_B",
            "title": "B"
          }
        },
        {
          "type": "reply",
          "reply": {
            "id": "option_C",
            "title": "C"
          }
        }
      ]
    }
  }
}
2025-07-08 12:52:09,507 - INFO - IMAGE EVENT: Received response from WhatsApp API for 2348078478438 - Status: 200
2025-07-08 12:52:09,508 - INFO - IMAGE EVENT: Response content: {"messaging_product":"whatsapp","contacts":[{"input":"2348078478438","wa_id":"2348078478438"}],"messages":[{"id":"wamid.HBgNMjM0ODA3ODQ3ODQzOBUCABEYEjFGMjVGNDdCMjA3QjEyQjNCMwA="}]}
2025-07-08 12:52:09,508 - INFO - IMAGE EVENT: Successfully sent interactive message to 2348078478438
2025-07-08 12:52:30,551 - INFO - IMAGE EVENT: Full message content: {
  "context": {
    "from": "2349134774276",
    "id": "wamid.HBgNMjM0ODA3ODQ3ODQzOBUCABEYEjFGMjVGNDdCMjA3QjEyQjNCMwA="
  },
  "from": "2348078478438",
  "id": "wamid.HBgNMjM0ODA3ODQ3ODQzOBUCABIYIDRGNTIxMzNDMTQ2Q0EzMDg4NTYyQjNBQTE0Rjc0M0NGAA==",
  "timestamp": "1751979149",
  "type": "interactive",
  "interactive": {
    "type": "button_reply",
    "button_reply": {
      "id": "option_B",
      "title": "B"
    }
  }
}
2025-07-08 12:52:30,551 - INFO - IMAGE EVENT: Received message of type 'interactive' from 2348078478438
2025-07-08 12:52:30,552 - INFO - IMAGE EVENT: Processing message wamid.HBgNMjM0ODA3ODQ3ODQzOBUCABIYIDRGNTIxMzNDMTQ2Q0EzMDg4NTYyQjNBQTE0Rjc0M0NGAA== for user: <sqlite3.Row object at 0x7f5bc89c3ab0>
2025-07-08 12:52:30,552 - INFO - IMAGE EVENT: User state: quiz_2
2025-07-08 12:52:30,558 - INFO - IMAGE EVENT: Processing interactive message: {
  "type": "button_reply",
  "button_reply": {
    "id": "option_B",
    "title": "B"
  }
}
2025-07-08 12:52:30,558 - INFO - IMAGE EVENT: Received button reply: id=option_B, text=B
2025-07-08 12:52:30,559 - INFO - IMAGE EVENT: Handling other button response
2025-07-08 12:52:30,559 - INFO - IMAGE EVENT: Button/List response received: id=option_B, text=B
2025-07-08 12:52:30,559 - INFO - IMAGE EVENT: Unknown button/list response: option_B from 2348078478438
2025-07-08 12:52:30,559 - INFO - IMAGE EVENT: Handling text message for 2348078478438: B
2025-07-08 12:52:30,559 - INFO - IMAGE EVENT: Handling quiz response for 2348078478438: B
2025-07-08 12:52:30,559 - INFO - IMAGE EVENT: User 140 answered question 3 correctly
2025-07-08 12:52:30,560 - INFO - IMAGE EVENT: Inserted response for user 140: question 3, correct=1, quiz=quiz6
2025-07-08 12:52:31,076 - INFO - IMAGE EVENT: Moving to next question. New index: 3
2025-07-08 12:52:31,158 - INFO - IMAGE EVENT: Preparing to send interactive message to 2348078478438
2025-07-08 12:52:31,158 - INFO - IMAGE EVENT: Preparing button message for 2348078478438
2025-07-08 12:52:31,159 - INFO - IMAGE EVENT: Sending request to WhatsApp API for 2348078478438
2025-07-08 12:52:31,159 - INFO - IMAGE EVENT: Request data: {
  "messaging_product": "whatsapp",
  "to": "2348078478438",
  "type": "interactive",
  "interactive": {
    "type": "button",
    "body": {
      "text": "Question 4 out of 5:\n\nHow should technology adoption be approached?\n\nA) Buy the most expensive option\nB) Ignore it completely\nC) Based on cost-benefit analysis\n"
    },
    "action": {
      "buttons": [
        {
          "type": "reply",
          "reply": {
            "id": "option_A",
            "title": "A"
          }
        },
        {
          "type": "reply",
          "reply": {
            "id": "option_B",
            "title": "B"
          }
        },
        {
          "type": "reply",
          "reply": {
            "id": "option_C",
            "title": "C"
          }
        }
      ]
    }
  }
}
2025-07-08 12:52:31,755 - INFO - IMAGE EVENT: Received response from WhatsApp API for 2348078478438 - Status: 200
2025-07-08 12:52:31,757 - INFO - IMAGE EVENT: Response content: {"messaging_product":"whatsapp","contacts":[{"input":"2348078478438","wa_id":"2348078478438"}],"messages":[{"id":"wamid.HBgNMjM0ODA3ODQ3ODQzOBUCABEYEjBDMDIyMDQyNkE5MDk0RjlDNgA="}]}
2025-07-08 12:52:31,757 - INFO - IMAGE EVENT: Successfully sent interactive message to 2348078478438
2025-07-08 12:52:41,771 - INFO - IMAGE EVENT: Full message content: {
  "context": {
    "from": "2349134774276",
    "id": "wamid.HBgNMjM0ODA3ODQ3ODQzOBUCABEYEjBDMDIyMDQyNkE5MDk0RjlDNgA="
  },
  "from": "2348078478438",
  "id": "wamid.HBgNMjM0ODA3ODQ3ODQzOBUCABIYIEVERTM0RDExNDQ4MDI0MEJERkMxNzMyN0ZDM0E4RDk0AA==",
  "timestamp": "1751979161",
  "type": "interactive",
  "interactive": {
    "type": "button_reply",
    "button_reply": {
      "id": "option_C",
      "title": "C"
    }
  }
}
2025-07-08 12:52:41,771 - INFO - IMAGE EVENT: Received message of type 'interactive' from 2348078478438
2025-07-08 12:52:41,773 - INFO - IMAGE EVENT: Processing message wamid.HBgNMjM0ODA3ODQ3ODQzOBUCABIYIEVERTM0RDExNDQ4MDI0MEJERkMxNzMyN0ZDM0E4RDk0AA== for user: <sqlite3.Row object at 0x7f5bc89c3e50>
2025-07-08 12:52:41,773 - INFO - IMAGE EVENT: User state: quiz_3
2025-07-08 12:52:41,774 - INFO - IMAGE EVENT: Processing interactive message: {
  "type": "button_reply",
  "button_reply": {
    "id": "option_C",
    "title": "C"
  }
}
2025-07-08 12:52:41,774 - INFO - IMAGE EVENT: Received button reply: id=option_C, text=C
2025-07-08 12:52:41,774 - INFO - IMAGE EVENT: Handling other button response
2025-07-08 12:52:41,774 - INFO - IMAGE EVENT: Button/List response received: id=option_C, text=C
2025-07-08 12:52:41,774 - INFO - IMAGE EVENT: Unknown button/list response: option_C from 2348078478438
2025-07-08 12:52:41,774 - INFO - IMAGE EVENT: Handling text message for 2348078478438: C
2025-07-08 12:52:41,775 - INFO - IMAGE EVENT: Handling quiz response for 2348078478438: C
2025-07-08 12:52:41,775 - INFO - IMAGE EVENT: User 140 answered question 4 correctly
2025-07-08 12:52:41,776 - INFO - IMAGE EVENT: Inserted response for user 140: question 4, correct=1, quiz=quiz6
2025-07-08 12:52:42,368 - INFO - IMAGE EVENT: Moving to next question. New index: 4
2025-07-08 12:52:42,460 - INFO - IMAGE EVENT: Preparing to send interactive message to 2348078478438
2025-07-08 12:52:42,462 - INFO - IMAGE EVENT: Preparing button message for 2348078478438
2025-07-08 12:52:42,462 - INFO - IMAGE EVENT: Sending request to WhatsApp API for 2348078478438
2025-07-08 12:52:42,463 - INFO - IMAGE EVENT: Request data: {
  "messaging_product": "whatsapp",
  "to": "2348078478438",
  "type": "interactive",
  "interactive": {
    "type": "button",
    "body": {
      "text": "Question 5 out of 5:\n\nWhat is the primary goal of quality control?\n\nA) Increasing prices\nB) Maintaining standards\nC) Reducing staff\n"
    },
    "action": {
      "buttons": [
        {
          "type": "reply",
          "reply": {
            "id": "option_A",
            "title": "A"
          }
        },
        {
          "type": "reply",
          "reply": {
            "id": "option_B",
            "title": "B"
          }
        },
        {
          "type": "reply",
          "reply": {
            "id": "option_C",
            "title": "C"
          }
        }
      ]
    }
  }
}
2025-07-08 12:52:42,894 - INFO - IMAGE EVENT: Received response from WhatsApp API for 2348078478438 - Status: 200
2025-07-08 12:52:42,895 - INFO - IMAGE EVENT: Response content: {"messaging_product":"whatsapp","contacts":[{"input":"2348078478438","wa_id":"2348078478438"}],"messages":[{"id":"wamid.HBgNMjM0ODA3ODQ3ODQzOBUCABEYEkQ5MkRGNzhDOUM2RkMzNUUxMQA="}]}
2025-07-08 12:52:42,895 - INFO - IMAGE EVENT: Successfully sent interactive message to 2348078478438
2025-07-08 12:52:57,961 - INFO - IMAGE EVENT: Full message content: {
  "context": {
    "from": "2349134774276",
    "id": "wamid.HBgNMjM0ODA3ODQ3ODQzOBUCABEYEkQ5MkRGNzhDOUM2RkMzNUUxMQA="
  },
  "from": "2348078478438",
  "id": "wamid.HBgNMjM0ODA3ODQ3ODQzOBUCABIYIEFDRTJDMEY2NUJBOEY5OTAyMzZCOTMyQTQ3NTJGQkQ3AA==",
  "timestamp": "1751979177",
  "type": "interactive",
  "interactive": {
    "type": "button_reply",
    "button_reply": {
      "id": "option_B",
      "title": "B"
    }
  }
}
2025-07-08 12:52:57,962 - INFO - IMAGE EVENT: Received message of type 'interactive' from 2348078478438
2025-07-08 12:52:57,964 - INFO - IMAGE EVENT: Processing message wamid.HBgNMjM0ODA3ODQ3ODQzOBUCABIYIEFDRTJDMEY2NUJBOEY5OTAyMzZCOTMyQTQ3NTJGQkQ3AA== for user: <sqlite3.Row object at 0x7f5bc89c3550>
2025-07-08 12:52:57,964 - INFO - IMAGE EVENT: User state: quiz_4
2025-07-08 12:52:57,965 - INFO - IMAGE EVENT: Processing interactive message: {
  "type": "button_reply",
  "button_reply": {
    "id": "option_B",
    "title": "B"
  }
}
2025-07-08 12:52:57,965 - INFO - IMAGE EVENT: Received button reply: id=option_B, text=B
2025-07-08 12:52:57,966 - INFO - IMAGE EVENT: Handling other button response
2025-07-08 12:52:57,966 - INFO - IMAGE EVENT: Button/List response received: id=option_B, text=B
2025-07-08 12:52:57,967 - INFO - IMAGE EVENT: Unknown button/list response: option_B from 2348078478438
2025-07-08 12:52:57,967 - INFO - IMAGE EVENT: Handling text message for 2348078478438: B
2025-07-08 12:52:57,967 - INFO - IMAGE EVENT: Handling quiz response for 2348078478438: B
2025-07-08 12:52:57,968 - INFO - IMAGE EVENT: User 140 answered question 5 correctly
2025-07-08 12:52:57,969 - INFO - IMAGE EVENT: Inserted response for user 140: question 5, correct=1, quiz=quiz6
2025-07-08 12:52:58,516 - INFO - IMAGE EVENT: Moving to next question. New index: 5
2025-07-08 12:52:58,516 - INFO - IMAGE EVENT: Finishing quiz quiz6 for user 140
2025-07-08 12:52:59,087 - INFO - IMAGE EVENT: Database updated for user 140 after finishing quiz quiz6
2025-07-08 12:52:59,088 - INFO - IMAGE EVENT: Preparing to send interactive message to 2348078478438
2025-07-08 12:52:59,088 - INFO - IMAGE EVENT: Preparing button message for 2348078478438
2025-07-08 12:52:59,088 - INFO - IMAGE EVENT: Sending request to WhatsApp API for 2348078478438
2025-07-08 12:52:59,089 - INFO - IMAGE EVENT: Request data: {
  "messaging_product": "whatsapp",
  "to": "2348078478438",
  "type": "interactive",
  "interactive": {
    "type": "button",
    "body": {
      "text": "What would you like to do next?"
    },
    "action": {
      "buttons": [
        {
          "type": "reply",
          "reply": {
            "id": "quiz",
            "title": "Take Another Quiz"
          }
        },
        {
          "type": "reply",
          "reply": {
            "id": "records",
            "title": "Switch to Records"
          }
        },
        {
          "type": "reply",
          "reply": {
            "id": "ai_chat",
            "title": "Review Mistakes (AI)"
          }
        }
      ]
    }
  }
}
2025-07-08 12:52:59,646 - INFO - IMAGE EVENT: Received response from WhatsApp API for 2348078478438 - Status: 200
2025-07-08 12:52:59,647 - INFO - IMAGE EVENT: Response content: {"messaging_product":"whatsapp","contacts":[{"input":"2348078478438","wa_id":"2348078478438"}],"messages":[{"id":"wamid.HBgNMjM0ODA3ODQ3ODQzOBUCABEYEjk2QTU1QzM0M0IzMDgwQkVFNQA="}]}
2025-07-08 12:52:59,647 - INFO - IMAGE EVENT: Successfully sent interactive message to 2348078478438
2025-07-08 12:52:59,648 - INFO - IMAGE EVENT: Quiz quiz6 finished successfully for user 140
2025-07-08 13:43:21,957 - INFO - IMAGE EVENT: Full message content: {
  "from": "2348065531326",
  "id": "wamid.HBgNMjM0ODA2NTUzMTMyNhUCABIYIDQ4RTFDODRDNDA4MEFGQkEyNjU3RTc4ODg1NjFGMDQyAA==",
  "timestamp": "1751982166",
  "text": {
    "body": "Hi, this is empowerlocals, you can edit this intro message!"
  },
  "type": "text"
}
2025-07-08 13:43:21,957 - INFO - IMAGE EVENT: Received message of type 'text' from 2348065531326
2025-07-08 13:43:21,959 - INFO - IMAGE EVENT: Processing message wamid.HBgNMjM0ODA2NTUzMTMyNhUCABIYIDQ4RTFDODRDNDA4MEFGQkEyNjU3RTc4ODg1NjFGMDQyAA== for user: <sqlite3.Row object at 0x7fab247c33f0>
2025-07-08 13:43:21,959 - INFO - IMAGE EVENT: User state: awaiting_choice
2025-07-08 13:43:21,959 - INFO - IMAGE EVENT: Received text message from 2348065531326: hi, this is empowerlocals, you can edit this intro message!
2025-07-08 13:43:21,959 - INFO - IMAGE EVENT: Handling text message for 2348065531326: hi, this is empowerlocals, you can edit this intro message!
2025-07-08 13:43:21,967 - INFO - IMAGE EVENT: Full message content: {
  "context": {
    "from": "2349134774276",
    "id": "wamid.HBgNMjM0ODA2NTUzMTMyNhUCABEYEjEwREJGMTdENTBEMEZFN0JGNwA="
  },
  "from": "2348065531326",
  "id": "wamid.HBgNMjM0ODA2NTUzMTMyNhUCABIYIEVFODNGMzIyMzQwQTVCOTE3RUM3RjUxMjNBMjVCRjI2AA==",
  "timestamp": "1751982172",
  "type": "interactive",
  "interactive": {
    "type": "button_reply",
    "button_reply": {
      "id": "quiz",
      "title": "Take Another Quiz"
    }
  }
}
2025-07-08 13:43:21,968 - INFO - IMAGE EVENT: Received message of type 'interactive' from 2348065531326
2025-07-08 13:43:21,975 - INFO - IMAGE EVENT: Full message content: {
  "from": "2348065531326",
  "id": "wamid.HBgNMjM0ODA2NTUzMTMyNhUCABIYIDQ4RTFDODRDNDA4MEFGQkEyNjU3RTc4ODg1NjFGMDQyAA==",
  "timestamp": "1751982166",
  "text": {
    "body": "Hi, this is empowerlocals, you can edit this intro message!"
  },
  "type": "text"
}
2025-07-08 13:43:21,977 - INFO - IMAGE EVENT: Full message content: {
  "context": {
    "from": "2349134774276",
    "id": "wamid.HBgNMjM0ODA2NTUzMTMyNhUCABEYEjEwREJGMTdENTBEMEZFN0JGNwA="
  },
  "from": "2348065531326",
  "id": "wamid.HBgNMjM0ODA2NTUzMTMyNhUCABIYIEVFODNGMzIyMzQwQTVCOTE3RUM3RjUxMjNBMjVCRjI2AA==",
  "timestamp": "1751982172",
  "type": "interactive",
  "interactive": {
    "type": "button_reply",
    "button_reply": {
      "id": "quiz",
      "title": "Take Another Quiz"
    }
  }
}
2025-07-08 13:43:22,067 - INFO - IMAGE EVENT: Received message of type 'text' from 2348065531326
2025-07-08 13:43:22,067 - INFO - IMAGE EVENT: Received message of type 'interactive' from 2348065531326
2025-07-08 13:43:22,582 - INFO - IMAGE EVENT: Presenting main options to user 2348065531326
2025-07-08 13:43:22,582 - INFO - IMAGE EVENT: Preparing to send interactive message to 2348065531326
2025-07-08 13:43:22,582 - INFO - IMAGE EVENT: Preparing button message for 2348065531326
2025-07-08 13:43:22,583 - INFO - IMAGE EVENT: Sending request to WhatsApp API for 2348065531326
2025-07-08 13:43:22,583 - INFO - IMAGE EVENT: Request data: {
  "messaging_product": "whatsapp",
  "to": "2348065531326",
  "type": "interactive",
  "interactive": {
    "type": "button",
    "body": {
      "text": "What would you like to do next?"
    },
    "action": {
      "buttons": [
        {
          "type": "reply",
          "reply": {
            "id": "quiz",
            "title": "Start Quiz"
          }
        },
        {
          "type": "reply",
          "reply": {
            "id": "records",
            "title": "Record Keeping"
          }
        },
        {
          "type": "reply",
          "reply": {
            "id": "settings",
            "title": "Settings"
          }
        }
      ]
    }
  }
}
2025-07-08 13:43:23,138 - INFO - IMAGE EVENT: Received response from WhatsApp API for 2348065531326 - Status: 200
2025-07-08 13:43:23,138 - INFO - IMAGE EVENT: Response content: {"messaging_product":"whatsapp","contacts":[{"input":"2348065531326","wa_id":"2348065531326"}],"messages":[{"id":"wamid.HBgNMjM0ODA2NTUzMTMyNhUCABEYEjE5ODQ5OTg0OTFBREJGRjhCRQA="}]}
2025-07-08 13:43:23,138 - INFO - IMAGE EVENT: Successfully sent interactive message to 2348065531326
2025-07-08 13:43:23,177 - INFO - IMAGE EVENT: Processing message wamid.HBgNMjM0ODA2NTUzMTMyNhUCABIYIEVFODNGMzIyMzQwQTVCOTE3RUM3RjUxMjNBMjVCRjI2AA== for user: <sqlite3.Row object at 0x7fab25461f90>
2025-07-08 13:43:23,177 - INFO - IMAGE EVENT: User state: main_menu
2025-07-08 13:43:23,177 - INFO - IMAGE EVENT: Processing interactive message: {
  "type": "button_reply",
  "button_reply": {
    "id": "quiz",
    "title": "Take Another Quiz"
  }
}
2025-07-08 13:43:23,178 - INFO - IMAGE EVENT: Received button reply: id=quiz, text=Take Another Quiz
2025-07-08 13:43:23,178 - INFO - IMAGE EVENT: Handling other button response
2025-07-08 13:43:23,178 - INFO - IMAGE EVENT: Button/List response received: id=quiz, text=Take Another Quiz
2025-07-08 13:43:23,178 - INFO - IMAGE EVENT: Handling Take Another Quiz request for 2348065531326
2025-07-08 13:43:23,178 - INFO - IMAGE EVENT: Handling text message for 2348065531326: Take Another Quiz
2025-07-08 13:43:23,665 - INFO - IMAGE EVENT: Message wamid.HBgNMjM0ODA2NTUzMTMyNhUCABIYIDQ4RTFDODRDNDA4MEFGQkEyNjU3RTc4ODg1NjFGMDQyAA== already processed, skipping
2025-07-08 13:43:23,666 - INFO - IMAGE EVENT: Message wamid.HBgNMjM0ODA2NTUzMTMyNhUCABIYIEVFODNGMzIyMzQwQTVCOTE3RUM3RjUxMjNBMjVCRjI2AA== already processed, skipping
2025-07-08 13:44:00,487 - INFO - IMAGE EVENT: Full message content: {
  "from": "2348065531326",
  "id": "wamid.HBgNMjM0ODA2NTUzMTMyNhUCABIYIDlEMDkyRDY2MDQ5NzZGOUJCNTQ0RTM2ODk3M0ZDOUU1AA==",
  "timestamp": "1751982239",
  "text": {
    "body": "Hi, this is empowerlocals, you can edit this intro message!"
  },
  "type": "text"
}
2025-07-08 13:44:00,487 - INFO - IMAGE EVENT: Received message of type 'text' from 2348065531326
2025-07-08 13:44:00,489 - INFO - IMAGE EVENT: Processing message wamid.HBgNMjM0ODA2NTUzMTMyNhUCABIYIDlEMDkyRDY2MDQ5NzZGOUJCNTQ0RTM2ODk3M0ZDOUU1AA== for user: <sqlite3.Row object at 0x7fab247c3a10>
2025-07-08 13:44:00,489 - INFO - IMAGE EVENT: User state: main_menu
2025-07-08 13:44:00,489 - INFO - IMAGE EVENT: Received text message from 2348065531326: hi, this is empowerlocals, you can edit this intro message!
2025-07-08 13:44:00,562 - INFO - IMAGE EVENT: Handling text message for 2348065531326: hi, this is empowerlocals, you can edit this intro message!
2025-07-08 13:44:53,559 - INFO - IMAGE EVENT: Full message content: {
  "from": "2348065531326",
  "id": "wamid.HBgNMjM0ODA2NTUzMTMyNhUCABIYIDE4RkRCMTgwN0QwRjcyQzBGMzkwMUM4RjU2Q0Q1MEEyAA==",
  "timestamp": "1751982292",
  "text": {
    "body": "Hi, this is empowerlocals, you can edit this intro message!\nThis Adegbenro Rukayat"
  },
  "type": "text"
}
2025-07-08 13:44:53,559 - INFO - IMAGE EVENT: Received message of type 'text' from 2348065531326
2025-07-08 13:44:53,560 - INFO - IMAGE EVENT: Processing message wamid.HBgNMjM0ODA2NTUzMTMyNhUCABIYIDE4RkRCMTgwN0QwRjcyQzBGMzkwMUM4RjU2Q0Q1MEEyAA== for user: <sqlite3.Row object at 0x7fab247c35f0>
2025-07-08 13:44:53,561 - INFO - IMAGE EVENT: User state: main_menu
2025-07-08 13:44:53,561 - INFO - IMAGE EVENT: Received text message from 2348065531326: hi, this is empowerlocals, you can edit this intro message!
this adegbenro rukayat
2025-07-08 13:44:53,562 - INFO - IMAGE EVENT: Handling text message for 2348065531326: hi, this is empowerlocals, you can edit this intro message!
this adegbenro rukayat
2025-07-08 13:45:04,121 - INFO - IMAGE EVENT: Full message content: {
  "context": {
    "from": "2349134774276",
    "id": "wamid.HBgNMjM0ODA2NTUzMTMyNhUCABEYEjE5ODQ5OTg0OTFBREJGRjhCRQA="
  },
  "from": "2348065531326",
  "id": "wamid.HBgNMjM0ODA2NTUzMTMyNhUCABIYIDZFQUJGQjY5NkI1MzIzMTc2RUY1RDczRDBCNTIzQ0ZEAA==",
  "timestamp": "1751982303",
  "type": "interactive",
  "interactive": {
    "type": "button_reply",
    "button_reply": {
      "id": "quiz",
      "title": "Start Quiz"
    }
  }
}
2025-07-08 13:45:04,121 - INFO - IMAGE EVENT: Received message of type 'interactive' from 2348065531326
2025-07-08 13:45:04,122 - INFO - IMAGE EVENT: Processing message wamid.HBgNMjM0ODA2NTUzMTMyNhUCABIYIDZFQUJGQjY5NkI1MzIzMTc2RUY1RDczRDBCNTIzQ0ZEAA== for user: <sqlite3.Row object at 0x7fab247c3cd0>
2025-07-08 13:45:04,122 - INFO - IMAGE EVENT: User state: main_menu
2025-07-08 13:45:04,122 - INFO - IMAGE EVENT: Processing interactive message: {
  "type": "button_reply",
  "button_reply": {
    "id": "quiz",
    "title": "Start Quiz"
  }
}
2025-07-08 13:45:04,123 - INFO - IMAGE EVENT: Received button reply: id=quiz, text=Start Quiz
2025-07-08 13:45:04,123 - INFO - IMAGE EVENT: Handling other button response
2025-07-08 13:45:04,123 - INFO - IMAGE EVENT: Button/List response received: id=quiz, text=Start Quiz
2025-07-08 13:45:04,123 - INFO - IMAGE EVENT: Handling Start Quiz request for 2348065531326
2025-07-08 13:45:04,123 - INFO - IMAGE EVENT: Handling text message for 2348065531326: Start Quiz
2025-07-08 13:45:04,123 - INFO - IMAGE EVENT: Quiz selection initiated for 2348065531326 with message: Start Quiz
2025-07-08 13:45:04,524 - INFO - IMAGE EVENT: Preparing to send interactive message to 2348065531326
2025-07-08 13:45:04,524 - INFO - IMAGE EVENT: Preparing button message for 2348065531326
2025-07-08 13:45:04,525 - INFO - IMAGE EVENT: Sending request to WhatsApp API for 2348065531326
2025-07-08 13:45:04,525 - INFO - IMAGE EVENT: Request data: {
  "messaging_product": "whatsapp",
  "to": "2348065531326",
  "type": "interactive",
  "interactive": {
    "type": "button",
    "body": {
      "text": "What would you like to do?"
    },
    "action": {
      "buttons": [
        {
          "type": "reply",
          "reply": {
            "id": "quiz",
            "title": "Start Quiz"
          }
        },
        {
          "type": "reply",
          "reply": {
            "id": "quiz6",
            "title": "Start quiz6"
          }
        }
      ]
    }
  }
}
2025-07-08 13:45:04,957 - INFO - IMAGE EVENT: Received response from WhatsApp API for 2348065531326 - Status: 200
2025-07-08 13:45:04,966 - INFO - IMAGE EVENT: Response content: {"messaging_product":"whatsapp","contacts":[{"input":"2348065531326","wa_id":"2348065531326"}],"messages":[{"id":"wamid.HBgNMjM0ODA2NTUzMTMyNhUCABEYEjg2NDFFRDkxRjVBOEU2Qzc2RAA="}]}
2025-07-08 13:45:04,966 - INFO - IMAGE EVENT: Successfully sent interactive message to 2348065531326
2025-07-08 13:45:14,428 - INFO - IMAGE EVENT: Full message content: {
  "context": {
    "from": "2349134774276",
    "id": "wamid.HBgNMjM0ODA2NTUzMTMyNhUCABEYEjg2NDFFRDkxRjVBOEU2Qzc2RAA="
  },
  "from": "2348065531326",
  "id": "wamid.HBgNMjM0ODA2NTUzMTMyNhUCABIYIEQ5NjRBQjk3QTQyOTk0NDA5MTJGOTJFQkNGQ0ZGREY1AA==",
  "timestamp": "1751982313",
  "type": "interactive",
  "interactive": {
    "type": "button_reply",
    "button_reply": {
      "id": "quiz6",
      "title": "Start quiz6"
    }
  }
}
2025-07-08 13:45:14,429 - INFO - IMAGE EVENT: Received message of type 'interactive' from 2348065531326
2025-07-08 13:45:14,429 - INFO - IMAGE EVENT: Processing message wamid.HBgNMjM0ODA2NTUzMTMyNhUCABIYIEQ5NjRBQjk3QTQyOTk0NDA5MTJGOTJFQkNGQ0ZGREY1AA== for user: <sqlite3.Row object at 0x7fab247c3a70>
2025-07-08 13:45:14,429 - INFO - IMAGE EVENT: User state: selecting_quiz
2025-07-08 13:45:14,429 - INFO - IMAGE EVENT: Processing interactive message: {
  "type": "button_reply",
  "button_reply": {
    "id": "quiz6",
    "title": "Start quiz6"
  }
}
2025-07-08 13:45:14,430 - INFO - IMAGE EVENT: Received button reply: id=quiz6, text=Start quiz6
2025-07-08 13:45:14,430 - INFO - IMAGE EVENT: Handling other button response
2025-07-08 13:45:14,430 - INFO - IMAGE EVENT: Button/List response received: id=quiz6, text=Start quiz6
2025-07-08 13:45:14,430 - INFO - IMAGE EVENT: Unknown button/list response: quiz6 from 2348065531326
2025-07-08 13:45:14,430 - INFO - IMAGE EVENT: Handling text message for 2348065531326: Start quiz6
2025-07-08 13:45:14,430 - INFO - IMAGE EVENT: Quiz selection initiated for 2348065531326 with message: Start quiz6
2025-07-08 13:45:14,436 - INFO - IMAGE EVENT: Starting quiz6 for user 133 at question 0
2025-07-08 13:45:14,436 - INFO - IMAGE EVENT: Preparing to send interactive message to 2348065531326
2025-07-08 13:45:14,436 - INFO - IMAGE EVENT: Preparing button message for 2348065531326
2025-07-08 13:45:14,436 - INFO - IMAGE EVENT: Sending request to WhatsApp API for 2348065531326
2025-07-08 13:45:14,437 - INFO - IMAGE EVENT: Request data: {
  "messaging_product": "whatsapp",
  "to": "2348065531326",
  "type": "interactive",
  "interactive": {
    "type": "button",
    "body": {
      "text": "Question 1 out of 5:\n\nWhat is operational management primarily concerned with?\n\nA) Marketing only\nB) Day-to-day business activities\nC) Yearly planning only\n"
    },
    "action": {
      "buttons": [
        {
          "type": "reply",
          "reply": {
            "id": "option_A",
            "title": "A"
          }
        },
        {
          "type": "reply",
          "reply": {
            "id": "option_B",
            "title": "B"
          }
        },
        {
          "type": "reply",
          "reply": {
            "id": "option_C",
            "title": "C"
          }
        }
      ]
    }
  }
}
2025-07-08 13:45:14,865 - INFO - IMAGE EVENT: Received response from WhatsApp API for 2348065531326 - Status: 200
2025-07-08 13:45:14,865 - INFO - IMAGE EVENT: Response content: {"messaging_product":"whatsapp","contacts":[{"input":"2348065531326","wa_id":"2348065531326"}],"messages":[{"id":"wamid.HBgNMjM0ODA2NTUzMTMyNhUCABEYEkI1NDVFNEM3MkRBNzlBMTMyMwA="}]}
2025-07-08 13:45:14,865 - INFO - IMAGE EVENT: Successfully sent interactive message to 2348065531326
2025-07-08 13:51:53,958 - INFO - IMAGE EVENT: Full message content: {
  "context": {
    "from": "2349134774276",
    "id": "wamid.HBgNMjM0ODA2NTUzMTMyNhUCABEYEkI1NDVFNEM3MkRBNzlBMTMyMwA="
  },
  "from": "2348065531326",
  "id": "wamid.HBgNMjM0ODA2NTUzMTMyNhUCABIYIDcyNEM4NDE0MkUxQUJCQzYxRTIxRDNDMjhEMEY0MjUxAA==",
  "timestamp": "1751982711",
  "type": "interactive",
  "interactive": {
    "type": "button_reply",
    "button_reply": {
      "id": "option_B",
      "title": "B"
    }
  }
}
2025-07-08 13:51:53,961 - INFO - IMAGE EVENT: Received message of type 'interactive' from 2348065531326
2025-07-08 13:51:53,962 - INFO - IMAGE EVENT: Processing message wamid.HBgNMjM0ODA2NTUzMTMyNhUCABIYIDcyNEM4NDE0MkUxQUJCQzYxRTIxRDNDMjhEMEY0MjUxAA== for user: <sqlite3.Row object at 0x7fab247c3790>
2025-07-08 13:51:53,962 - INFO - IMAGE EVENT: User state: quiz_0
2025-07-08 13:51:53,963 - INFO - IMAGE EVENT: Processing interactive message: {
  "type": "button_reply",
  "button_reply": {
    "id": "option_B",
    "title": "B"
  }
}
2025-07-08 13:51:53,963 - INFO - IMAGE EVENT: Received button reply: id=option_B, text=B
2025-07-08 13:51:53,963 - INFO - IMAGE EVENT: Handling other button response
2025-07-08 13:51:53,963 - INFO - IMAGE EVENT: Button/List response received: id=option_B, text=B
2025-07-08 13:51:53,963 - INFO - IMAGE EVENT: Unknown button/list response: option_B from 2348065531326
2025-07-08 13:51:53,963 - INFO - IMAGE EVENT: Handling text message for 2348065531326: B
2025-07-08 13:51:53,963 - INFO - IMAGE EVENT: Handling quiz response for 2348065531326: B
2025-07-08 13:51:53,964 - INFO - IMAGE EVENT: User 133 answered question 1 correctly
2025-07-08 13:51:53,964 - INFO - IMAGE EVENT: Inserted response for user 133: question 1, correct=1, quiz=quiz6
2025-07-08 13:51:54,390 - INFO - IMAGE EVENT: Moving to next question. New index: 1
2025-07-08 13:51:54,396 - INFO - IMAGE EVENT: Preparing to send interactive message to 2348065531326
2025-07-08 13:51:54,396 - INFO - IMAGE EVENT: Preparing button message for 2348065531326
2025-07-08 13:51:54,396 - INFO - IMAGE EVENT: Sending request to WhatsApp API for 2348065531326
2025-07-08 13:51:54,396 - INFO - IMAGE EVENT: Request data: {
  "messaging_product": "whatsapp",
  "to": "2348065531326",
  "type": "interactive",
  "interactive": {
    "type": "button",
    "body": {
      "text": "Question 2 out of 5:\n\nWhich is a key component of supply chain management?\n\nA) Social media marketing\nB) Supplier relationships\nC) Employee salaries\n"
    },
    "action": {
      "buttons": [
        {
          "type": "reply",
          "reply": {
            "id": "option_A",
            "title": "A"
          }
        },
        {
          "type": "reply",
          "reply": {
            "id": "option_B",
            "title": "B"
          }
        },
        {
          "type": "reply",
          "reply": {
            "id": "option_C",
            "title": "C"
          }
        }
      ]
    }
  }
}
2025-07-08 13:51:54,777 - INFO - IMAGE EVENT: Received response from WhatsApp API for 2348065531326 - Status: 200
2025-07-08 13:51:54,778 - INFO - IMAGE EVENT: Response content: {"messaging_product":"whatsapp","contacts":[{"input":"2348065531326","wa_id":"2348065531326"}],"messages":[{"id":"wamid.HBgNMjM0ODA2NTUzMTMyNhUCABEYEjMzRjAyRDJFRTg3NDk4NkMyOAA="}]}
2025-07-08 13:51:54,778 - INFO - IMAGE EVENT: Successfully sent interactive message to 2348065531326
2025-07-08 13:59:09,976 - INFO - IMAGE EVENT: Full message content: {
  "context": {
    "from": "2349134774276",
    "id": "wamid.HBgNMjM0ODA2NTUzMTMyNhUCABEYEjMzRjAyRDJFRTg3NDk4NkMyOAA="
  },
  "from": "2348065531326",
  "id": "wamid.HBgNMjM0ODA2NTUzMTMyNhUCABIYIDM4OEJFNzBFRDJCOUJDQzZFQzNEMzRCOTY5NzZDMDc5AA==",
  "timestamp": "1751983149",
  "type": "interactive",
  "interactive": {
    "type": "button_reply",
    "button_reply": {
      "id": "option_B",
      "title": "B"
    }
  }
}
2025-07-08 13:59:09,978 - INFO - IMAGE EVENT: Received message of type 'interactive' from 2348065531326
2025-07-08 13:59:09,979 - INFO - IMAGE EVENT: Processing message wamid.HBgNMjM0ODA2NTUzMTMyNhUCABIYIDM4OEJFNzBFRDJCOUJDQzZFQzNEMzRCOTY5NzZDMDc5AA== for user: <sqlite3.Row object at 0x7fab247c39f0>
2025-07-08 13:59:10,066 - INFO - IMAGE EVENT: User state: quiz_1
2025-07-08 13:59:10,066 - INFO - IMAGE EVENT: Processing interactive message: {
  "type": "button_reply",
  "button_reply": {
    "id": "option_B",
    "title": "B"
  }
}
2025-07-08 13:59:10,067 - INFO - IMAGE EVENT: Received button reply: id=option_B, text=B
2025-07-08 13:59:10,067 - INFO - IMAGE EVENT: Handling other button response
2025-07-08 13:59:10,068 - INFO - IMAGE EVENT: Button/List response received: id=option_B, text=B
2025-07-08 13:59:10,068 - INFO - IMAGE EVENT: Unknown button/list response: option_B from 2348065531326
2025-07-08 13:59:10,068 - INFO - IMAGE EVENT: Handling text message for 2348065531326: B
2025-07-08 13:59:10,068 - INFO - IMAGE EVENT: Handling quiz response for 2348065531326: B
2025-07-08 13:59:10,070 - INFO - IMAGE EVENT: User 133 answered question 2 correctly
2025-07-08 13:59:10,071 - INFO - IMAGE EVENT: Inserted response for user 133: question 2, correct=1, quiz=quiz6
2025-07-08 13:59:10,613 - INFO - IMAGE EVENT: Moving to next question. New index: 2
2025-07-08 13:59:10,619 - INFO - IMAGE EVENT: Preparing to send interactive message to 2348065531326
2025-07-08 13:59:10,619 - INFO - IMAGE EVENT: Preparing button message for 2348065531326
2025-07-08 13:59:10,619 - INFO - IMAGE EVENT: Sending request to WhatsApp API for 2348065531326
2025-07-08 13:59:10,620 - INFO - IMAGE EVENT: Request data: {
  "messaging_product": "whatsapp",
  "to": "2348065531326",
  "type": "interactive",
  "interactive": {
    "type": "button",
    "body": {
      "text": "Question 3 out of 5:\n\nWhat is the first step in process mapping?\n\nA) Hiring staff\nB) Identifying core processes\nC) Buying equipment\n"
    },
    "action": {
      "buttons": [
        {
          "type": "reply",
          "reply": {
            "id": "option_A",
            "title": "A"
          }
        },
        {
          "type": "reply",
          "reply": {
            "id": "option_B",
            "title": "B"
          }
        },
        {
          "type": "reply",
          "reply": {
            "id": "option_C",
            "title": "C"
          }
        }
      ]
    }
  }
}
2025-07-08 13:59:10,989 - INFO - IMAGE EVENT: Received response from WhatsApp API for 2348065531326 - Status: 200
2025-07-08 13:59:10,989 - INFO - IMAGE EVENT: Response content: {"messaging_product":"whatsapp","contacts":[{"input":"2348065531326","wa_id":"2348065531326"}],"messages":[{"id":"wamid.HBgNMjM0ODA2NTUzMTMyNhUCABEYEkY2MEI2OUEzNTQwOUZBNjE0QQA="}]}
2025-07-08 13:59:10,990 - INFO - IMAGE EVENT: Successfully sent interactive message to 2348065531326
2025-07-08 14:00:06,463 - INFO - IMAGE EVENT: Full message content: {
  "from": "2347047399564",
  "id": "wamid.HBgNMjM0NzA0NzM5OTU2NBUCABIYIDIxQ0JCNTNGRDk5OTQzRDc0RTg4MDgyNUZCMzk2NkUzAA==",
  "timestamp": "1751983205",
  "text": {
    "body": "Hi, this is empowerlocals, you can edit this intro message!"
  },
  "type": "text"
}
2025-07-08 14:00:06,467 - INFO - IMAGE EVENT: Received message of type 'text' from 2347047399564
2025-07-08 14:00:06,468 - INFO - IMAGE EVENT: Processing message wamid.HBgNMjM0NzA0NzM5OTU2NBUCABIYIDIxQ0JCNTNGRDk5OTQzRDc0RTg4MDgyNUZCMzk2NkUzAA== for user: <sqlite3.Row object at 0x7fab247c36b0>
2025-07-08 14:00:06,468 - INFO - IMAGE EVENT: User state: records
2025-07-08 14:00:06,468 - INFO - IMAGE EVENT: Received text message from 2347047399564: hi, this is empowerlocals, you can edit this intro message!
2025-07-08 14:00:06,469 - INFO - IMAGE EVENT: Handling text message for 2347047399564: hi, this is empowerlocals, you can edit this intro message!
2025-07-08 14:00:13,787 - INFO - IMAGE EVENT: Full message content: {
  "context": {
    "from": "2349134774276",
    "id": "wamid.HBgNMjM0NzA0NzM5OTU2NBUCABEYEjVBMjM5OTM4QUE1QzJCMTQ5NQA="
  },
  "from": "2347047399564",
  "id": "wamid.HBgNMjM0NzA0NzM5OTU2NBUCABIYIDcxNkM5QTUwNUYxNEIzMzg3QjhFODQ1NEY5ODk1MjI2AA==",
  "timestamp": "1751983213",
  "type": "interactive",
  "interactive": {
    "type": "button_reply",
    "button_reply": {
      "id": "settings",
      "title": "Settings"
    }
  }
}
2025-07-08 14:00:13,787 - INFO - IMAGE EVENT: Received message of type 'interactive' from 2347047399564
2025-07-08 14:00:13,788 - INFO - IMAGE EVENT: Processing message wamid.HBgNMjM0NzA0NzM5OTU2NBUCABIYIDcxNkM5QTUwNUYxNEIzMzg3QjhFODQ1NEY5ODk1MjI2AA== for user: <sqlite3.Row object at 0x7fab247c3eb0>
2025-07-08 14:00:13,788 - INFO - IMAGE EVENT: User state: records
2025-07-08 14:00:13,789 - INFO - IMAGE EVENT: Processing interactive message: {
  "type": "button_reply",
  "button_reply": {
    "id": "settings",
    "title": "Settings"
  }
}
2025-07-08 14:00:13,789 - INFO - IMAGE EVENT: Received button reply: id=settings, text=Settings
2025-07-08 14:00:13,789 - INFO - IMAGE EVENT: Handling other button response
2025-07-08 14:00:13,790 - INFO - IMAGE EVENT: Button/List response received: id=settings, text=Settings
2025-07-08 14:00:13,790 - INFO - IMAGE EVENT: Accessing settings for 2347047399564
2025-07-08 14:00:13,790 - INFO - IMAGE EVENT: Starting settings command for 2347047399564
2025-07-08 14:00:13,790 - INFO - IMAGE EVENT: Attempting to send settings menu to 2347047399564
2025-07-08 14:00:13,790 - INFO - IMAGE EVENT: Preparing to send interactive message to 2347047399564
2025-07-08 14:00:13,790 - INFO - IMAGE EVENT: Preparing list message for 2347047399564
2025-07-08 14:00:13,791 - INFO - IMAGE EVENT: Sending request to WhatsApp API for 2347047399564
2025-07-08 14:00:13,791 - INFO - IMAGE EVENT: Request data: {
  "messaging_product": "whatsapp",
  "to": "2347047399564",
  "type": "interactive",
  "interactive": {
    "type": "list",
    "header": {
      "type": "text",
      "text": "Settings"
    },
    "body": {
      "text": "Choose an option:"
    },
    "action": {
      "button": "Select",
      "sections": [
        {
          "title": "Settings Options",
          "rows": [
            {
              "id": "change_name",
              "title": "Change Name"
            },
            {
              "id": "view_quiz_names",
              "title": "View Quiz Names"
            },
            {
              "id": "view_scores",
              "title": "View Scores"
            },
            {
              "id": "view_name",
              "title": "View Name"
            },
            {
              "id": "remove_account",
              "title": "Remove Account"
            },
            {
              "id": "back",
              "title": "Back"
            }
          ]
        }
      ]
    }
  }
}
2025-07-08 14:00:14,252 - INFO - IMAGE EVENT: Received response from WhatsApp API for 2347047399564 - Status: 200
2025-07-08 14:00:14,252 - INFO - IMAGE EVENT: Response content: {"messaging_product":"whatsapp","contacts":[{"input":"2347047399564","wa_id":"2347047399564"}],"messages":[{"id":"wamid.HBgNMjM0NzA0NzM5OTU2NBUCABEYEjJCRDMyNUE3NjEwMDg5OUYwOAA="}]}
2025-07-08 14:00:14,252 - INFO - IMAGE EVENT: Successfully sent interactive message to 2347047399564
2025-07-08 14:00:14,253 - INFO - IMAGE EVENT: Successfully sent settings menu to 2347047399564
2025-07-08 14:00:14,253 - INFO - IMAGE EVENT: Updating user state for 2347047399564
2025-07-08 14:00:14,266 - INFO - IMAGE EVENT: Successfully updated user state for 2347047399564
2025-07-08 14:00:14,267 - INFO - IMAGE EVENT: Completed handle_settings_command for 2347047399564
2025-07-08 14:00:25,213 - INFO - IMAGE EVENT: Full message content: {
  "context": {
    "from": "2349134774276",
    "id": "wamid.HBgNMjM0NzA0NzM5OTU2NBUCABEYEjJCRDMyNUE3NjEwMDg5OUYwOAA="
  },
  "from": "2347047399564",
  "id": "wamid.HBgNMjM0NzA0NzM5OTU2NBUCABIYIDlGMDM4M0E4MTQ2QzJFNjJFNjAzRjVFMTk4NUJCMTgyAA==",
  "timestamp": "1751983224",
  "type": "interactive",
  "interactive": {
    "type": "list_reply",
    "list_reply": {
      "id": "view_quiz_names",
      "title": "View Quiz Names"
    }
  }
}
2025-07-08 14:00:25,213 - INFO - IMAGE EVENT: Received message of type 'interactive' from 2347047399564
2025-07-08 14:00:25,214 - INFO - IMAGE EVENT: Processing message wamid.HBgNMjM0NzA0NzM5OTU2NBUCABIYIDlGMDM4M0E4MTQ2QzJFNjJFNjAzRjVFMTk4NUJCMTgyAA== for user: <sqlite3.Row object at 0x7fab247c3bb0>
2025-07-08 14:00:25,214 - INFO - IMAGE EVENT: User state: settings
2025-07-08 14:00:25,214 - INFO - IMAGE EVENT: Processing interactive message: {
  "type": "list_reply",
  "list_reply": {
    "id": "view_quiz_names",
    "title": "View Quiz Names"
  }
}
2025-07-08 14:00:25,214 - INFO - IMAGE EVENT: Received list selection: id=view_quiz_names, title=View Quiz Names
2025-07-08 14:00:25,214 - INFO - IMAGE EVENT: Button/List response received: id=view_quiz_names, text=View Quiz Names
2025-07-08 14:00:25,215 - INFO - IMAGE EVENT: User 2347047399564 requested to view quiz names
2025-07-08 14:00:25,641 - INFO - IMAGE EVENT: Presenting main options to user 2347047399564
2025-07-08 14:00:25,641 - INFO - IMAGE EVENT: Preparing to send interactive message to 2347047399564
2025-07-08 14:00:25,641 - INFO - IMAGE EVENT: Preparing button message for 2347047399564
2025-07-08 14:00:25,641 - INFO - IMAGE EVENT: Sending request to WhatsApp API for 2347047399564
2025-07-08 14:00:25,642 - INFO - IMAGE EVENT: Request data: {
  "messaging_product": "whatsapp",
  "to": "2347047399564",
  "type": "interactive",
  "interactive": {
    "type": "button",
    "body": {
      "text": "What would you like to do next?"
    },
    "action": {
      "buttons": [
        {
          "type": "reply",
          "reply": {
            "id": "quiz",
            "title": "Start Quiz"
          }
        },
        {
          "type": "reply",
          "reply": {
            "id": "records",
            "title": "Record Keeping"
          }
        },
        {
          "type": "reply",
          "reply": {
            "id": "settings",
            "title": "Settings"
          }
        }
      ]
    }
  }
}
2025-07-08 14:00:26,061 - INFO - IMAGE EVENT: Received response from WhatsApp API for 2347047399564 - Status: 200
2025-07-08 14:00:26,066 - INFO - IMAGE EVENT: Response content: {"messaging_product":"whatsapp","contacts":[{"input":"2347047399564","wa_id":"2347047399564"}],"messages":[{"id":"wamid.HBgNMjM0NzA0NzM5OTU2NBUCABEYEkU0MDQ3NUE0ODNFMzRFMUJBRAA="}]}
2025-07-08 14:00:26,066 - INFO - IMAGE EVENT: Successfully sent interactive message to 2347047399564
2025-07-08 14:00:37,169 - INFO - IMAGE EVENT: Full message content: {
  "context": {
    "from": "2349134774276",
    "id": "wamid.HBgNMjM0NzA0NzM5OTU2NBUCABEYEkU0MDQ3NUE0ODNFMzRFMUJBRAA="
  },
  "from": "2347047399564",
  "id": "wamid.HBgNMjM0NzA0NzM5OTU2NBUCABIYIERBQUU4Rjg0RDVFMDhDOTZCMDc1RENGMzUzRUU4OTBBAA==",
  "timestamp": "1751983236",
  "type": "interactive",
  "interactive": {
    "type": "button_reply",
    "button_reply": {
      "id": "quiz",
      "title": "Start Quiz"
    }
  }
}
2025-07-08 14:00:37,170 - INFO - IMAGE EVENT: Received message of type 'interactive' from 2347047399564
2025-07-08 14:00:37,171 - INFO - IMAGE EVENT: Processing message wamid.HBgNMjM0NzA0NzM5OTU2NBUCABIYIERBQUU4Rjg0RDVFMDhDOTZCMDc1RENGMzUzRUU4OTBBAA== for user: <sqlite3.Row object at 0x7fab247c3eb0>
2025-07-08 14:00:37,171 - INFO - IMAGE EVENT: User state: main_menu
2025-07-08 14:00:37,171 - INFO - IMAGE EVENT: Processing interactive message: {
  "type": "button_reply",
  "button_reply": {
    "id": "quiz",
    "title": "Start Quiz"
  }
}
2025-07-08 14:00:37,172 - INFO - IMAGE EVENT: Received button reply: id=quiz, text=Start Quiz
2025-07-08 14:00:37,172 - INFO - IMAGE EVENT: Handling other button response
2025-07-08 14:00:37,172 - INFO - IMAGE EVENT: Button/List response received: id=quiz, text=Start Quiz
2025-07-08 14:00:37,173 - INFO - IMAGE EVENT: Handling Start Quiz request for 2347047399564
2025-07-08 14:00:37,173 - INFO - IMAGE EVENT: Handling text message for 2347047399564: Start Quiz
2025-07-08 14:00:37,173 - INFO - IMAGE EVENT: Quiz selection initiated for 2347047399564 with message: Start Quiz
2025-07-08 14:00:37,554 - INFO - IMAGE EVENT: Preparing to send interactive message to 2347047399564
2025-07-08 14:00:37,554 - INFO - IMAGE EVENT: Preparing button message for 2347047399564
2025-07-08 14:00:37,555 - INFO - IMAGE EVENT: Sending request to WhatsApp API for 2347047399564
2025-07-08 14:00:37,555 - INFO - IMAGE EVENT: Request data: {
  "messaging_product": "whatsapp",
  "to": "2347047399564",
  "type": "interactive",
  "interactive": {
    "type": "button",
    "body": {
      "text": "What would you like to do?"
    },
    "action": {
      "buttons": [
        {
          "type": "reply",
          "reply": {
            "id": "quiz",
            "title": "Start Quiz"
          }
        },
        {
          "type": "reply",
          "reply": {
            "id": "quiz6",
            "title": "Start quiz6"
          }
        }
      ]
    }
  }
}
2025-07-08 14:00:38,025 - INFO - IMAGE EVENT: Received response from WhatsApp API for 2347047399564 - Status: 200
2025-07-08 14:00:38,059 - INFO - IMAGE EVENT: Response content: {"messaging_product":"whatsapp","contacts":[{"input":"2347047399564","wa_id":"2347047399564"}],"messages":[{"id":"wamid.HBgNMjM0NzA0NzM5OTU2NBUCABEYEkYwREJBMjEyNjYzRjRFMTNGRAA="}]}
2025-07-08 14:00:38,059 - INFO - IMAGE EVENT: Successfully sent interactive message to 2347047399564
2025-07-08 14:00:42,055 - INFO - IMAGE EVENT: Full message content: {
  "context": {
    "from": "2349134774276",
    "id": "wamid.HBgNMjM0NzA0NzM5OTU2NBUCABEYEkYwREJBMjEyNjYzRjRFMTNGRAA="
  },
  "from": "2347047399564",
  "id": "wamid.HBgNMjM0NzA0NzM5OTU2NBUCABIYIEQwOUMwMTJCQUZBM0VBNzRGQjBGQzJBQzE2NkNDMUJBAA==",
  "timestamp": "1751983241",
  "type": "interactive",
  "interactive": {
    "type": "button_reply",
    "button_reply": {
      "id": "quiz6",
      "title": "Start quiz6"
    }
  }
}
2025-07-08 14:00:42,056 - INFO - IMAGE EVENT: Received message of type 'interactive' from 2347047399564
2025-07-08 14:00:42,056 - INFO - IMAGE EVENT: Processing message wamid.HBgNMjM0NzA0NzM5OTU2NBUCABIYIEQwOUMwMTJCQUZBM0VBNzRGQjBGQzJBQzE2NkNDMUJBAA== for user: <sqlite3.Row object at 0x7fab247c3690>
2025-07-08 14:00:42,057 - INFO - IMAGE EVENT: User state: selecting_quiz
2025-07-08 14:00:42,061 - INFO - IMAGE EVENT: Processing interactive message: {
  "type": "button_reply",
  "button_reply": {
    "id": "quiz6",
    "title": "Start quiz6"
  }
}
2025-07-08 14:00:42,063 - INFO - IMAGE EVENT: Received button reply: id=quiz6, text=Start quiz6
2025-07-08 14:00:42,064 - INFO - IMAGE EVENT: Handling other button response
2025-07-08 14:00:42,064 - INFO - IMAGE EVENT: Button/List response received: id=quiz6, text=Start quiz6
2025-07-08 14:00:42,064 - INFO - IMAGE EVENT: Unknown button/list response: quiz6 from 2347047399564
2025-07-08 14:00:42,064 - INFO - IMAGE EVENT: Handling text message for 2347047399564: Start quiz6
2025-07-08 14:00:42,065 - INFO - IMAGE EVENT: Quiz selection initiated for 2347047399564 with message: Start quiz6
2025-07-08 14:00:42,077 - INFO - IMAGE EVENT: Starting quiz6 for user 119 at question 0
2025-07-08 14:00:42,078 - INFO - IMAGE EVENT: Preparing to send interactive message to 2347047399564
2025-07-08 14:00:42,078 - INFO - IMAGE EVENT: Preparing button message for 2347047399564
2025-07-08 14:00:42,079 - INFO - IMAGE EVENT: Sending request to WhatsApp API for 2347047399564
2025-07-08 14:00:42,079 - INFO - IMAGE EVENT: Request data: {
  "messaging_product": "whatsapp",
  "to": "2347047399564",
  "type": "interactive",
  "interactive": {
    "type": "button",
    "body": {
      "text": "Question 1 out of 5:\n\nWhat is operational management primarily concerned with?\n\nA) Marketing only\nB) Day-to-day business activities\nC) Yearly planning only\n"
    },
    "action": {
      "buttons": [
        {
          "type": "reply",
          "reply": {
            "id": "option_A",
            "title": "A"
          }
        },
        {
          "type": "reply",
          "reply": {
            "id": "option_B",
            "title": "B"
          }
        },
        {
          "type": "reply",
          "reply": {
            "id": "option_C",
            "title": "C"
          }
        }
      ]
    }
  }
}
2025-07-08 14:00:42,539 - INFO - IMAGE EVENT: Received response from WhatsApp API for 2347047399564 - Status: 200
2025-07-08 14:00:42,539 - INFO - IMAGE EVENT: Response content: {"messaging_product":"whatsapp","contacts":[{"input":"2347047399564","wa_id":"2347047399564"}],"messages":[{"id":"wamid.HBgNMjM0NzA0NzM5OTU2NBUCABEYEkNCQTQxNkE3MENCNEU3MDA5RAA="}]}
2025-07-08 14:00:42,540 - INFO - IMAGE EVENT: Successfully sent interactive message to 2347047399564
2025-07-08 14:00:59,761 - INFO - IMAGE EVENT: Full message content: {
  "context": {
    "from": "2349134774276",
    "id": "wamid.HBgNMjM0NzA0NzM5OTU2NBUCABEYEkNCQTQxNkE3MENCNEU3MDA5RAA="
  },
  "from": "2347047399564",
  "id": "wamid.HBgNMjM0NzA0NzM5OTU2NBUCABIYIDg5ODgxMDAyM0QzQkRCQzMxRkE2RTA5OUUwRUU2NTlCAA==",
  "timestamp": "1751983259",
  "type": "interactive",
  "interactive": {
    "type": "button_reply",
    "button_reply": {
      "id": "option_B",
      "title": "B"
    }
  }
}
2025-07-08 14:00:59,762 - INFO - IMAGE EVENT: Received message of type 'interactive' from 2347047399564
2025-07-08 14:00:59,778 - INFO - IMAGE EVENT: Processing message wamid.HBgNMjM0NzA0NzM5OTU2NBUCABIYIDg5ODgxMDAyM0QzQkRCQzMxRkE2RTA5OUUwRUU2NTlCAA== for user: <sqlite3.Row object at 0x7fab247c34d0>
2025-07-08 14:00:59,779 - INFO - IMAGE EVENT: User state: quiz_0
2025-07-08 14:00:59,779 - INFO - IMAGE EVENT: Processing interactive message: {
  "type": "button_reply",
  "button_reply": {
    "id": "option_B",
    "title": "B"
  }
}
2025-07-08 14:00:59,779 - INFO - IMAGE EVENT: Received button reply: id=option_B, text=B
2025-07-08 14:00:59,780 - INFO - IMAGE EVENT: Handling other button response
2025-07-08 14:00:59,780 - INFO - IMAGE EVENT: Button/List response received: id=option_B, text=B
2025-07-08 14:00:59,780 - INFO - IMAGE EVENT: Unknown button/list response: option_B from 2347047399564
2025-07-08 14:00:59,780 - INFO - IMAGE EVENT: Handling text message for 2347047399564: B
2025-07-08 14:00:59,780 - INFO - IMAGE EVENT: Handling quiz response for 2347047399564: B
2025-07-08 14:00:59,781 - INFO - IMAGE EVENT: User 119 answered question 1 correctly
2025-07-08 14:00:59,781 - INFO - IMAGE EVENT: Inserted response for user 119: question 1, correct=1, quiz=quiz6
2025-07-08 14:01:00,289 - INFO - IMAGE EVENT: Moving to next question. New index: 1
2025-07-08 14:01:00,371 - INFO - IMAGE EVENT: Preparing to send interactive message to 2347047399564
2025-07-08 14:01:00,378 - INFO - IMAGE EVENT: Preparing button message for 2347047399564
2025-07-08 14:01:00,379 - INFO - IMAGE EVENT: Sending request to WhatsApp API for 2347047399564
2025-07-08 14:01:00,379 - INFO - IMAGE EVENT: Request data: {
  "messaging_product": "whatsapp",
  "to": "2347047399564",
  "type": "interactive",
  "interactive": {
    "type": "button",
    "body": {
      "text": "Question 2 out of 5:\n\nWhich is a key component of supply chain management?\n\nA) Social media marketing\nB) Supplier relationships\nC) Employee salaries\n"
    },
    "action": {
      "buttons": [
        {
          "type": "reply",
          "reply": {
            "id": "option_A",
            "title": "A"
          }
        },
        {
          "type": "reply",
          "reply": {
            "id": "option_B",
            "title": "B"
          }
        },
        {
          "type": "reply",
          "reply": {
            "id": "option_C",
            "title": "C"
          }
        }
      ]
    }
  }
}
2025-07-08 14:01:00,794 - INFO - IMAGE EVENT: Received response from WhatsApp API for 2347047399564 - Status: 200
2025-07-08 14:01:00,795 - INFO - IMAGE EVENT: Response content: {"messaging_product":"whatsapp","contacts":[{"input":"2347047399564","wa_id":"2347047399564"}],"messages":[{"id":"wamid.HBgNMjM0NzA0NzM5OTU2NBUCABEYEjQzQzNFREFFMDJFNTJCNDBBQQA="}]}
2025-07-08 14:01:00,795 - INFO - IMAGE EVENT: Successfully sent interactive message to 2347047399564
2025-07-08 14:01:13,924 - INFO - IMAGE EVENT: Full message content: {
  "context": {
    "from": "2349134774276",
    "id": "wamid.HBgNMjM0NzA0NzM5OTU2NBUCABEYEjQzQzNFREFFMDJFNTJCNDBBQQA="
  },
  "from": "2347047399564",
  "id": "wamid.HBgNMjM0NzA0NzM5OTU2NBUCABIYIERDOTUzOEFEMjk4RTc1Mjg2OEJGNTFFQTNCMUVBRDE3AA==",
  "timestamp": "1751983273",
  "type": "interactive",
  "interactive": {
    "type": "button_reply",
    "button_reply": {
      "id": "option_B",
      "title": "B"
    }
  }
}
2025-07-08 14:01:13,924 - INFO - IMAGE EVENT: Received message of type 'interactive' from 2347047399564
2025-07-08 14:01:13,925 - INFO - IMAGE EVENT: Processing message wamid.HBgNMjM0NzA0NzM5OTU2NBUCABIYIERDOTUzOEFEMjk4RTc1Mjg2OEJGNTFFQTNCMUVBRDE3AA== for user: <sqlite3.Row object at 0x7fab247c3750>
2025-07-08 14:01:13,925 - INFO - IMAGE EVENT: User state: quiz_1
2025-07-08 14:01:13,925 - INFO - IMAGE EVENT: Processing interactive message: {
  "type": "button_reply",
  "button_reply": {
    "id": "option_B",
    "title": "B"
  }
}
2025-07-08 14:01:13,926 - INFO - IMAGE EVENT: Received button reply: id=option_B, text=B
2025-07-08 14:01:13,926 - INFO - IMAGE EVENT: Handling other button response
2025-07-08 14:01:13,926 - INFO - IMAGE EVENT: Button/List response received: id=option_B, text=B
2025-07-08 14:01:13,926 - INFO - IMAGE EVENT: Unknown button/list response: option_B from 2347047399564
2025-07-08 14:01:13,926 - INFO - IMAGE EVENT: Handling text message for 2347047399564: B
2025-07-08 14:01:13,926 - INFO - IMAGE EVENT: Handling quiz response for 2347047399564: B
2025-07-08 14:01:13,926 - INFO - IMAGE EVENT: User 119 answered question 2 correctly
2025-07-08 14:01:13,927 - INFO - IMAGE EVENT: Inserted response for user 119: question 2, correct=1, quiz=quiz6
2025-07-08 14:01:14,349 - INFO - IMAGE EVENT: Moving to next question. New index: 2
2025-07-08 14:01:14,358 - INFO - IMAGE EVENT: Preparing to send interactive message to 2347047399564
2025-07-08 14:01:14,358 - INFO - IMAGE EVENT: Preparing button message for 2347047399564
2025-07-08 14:01:14,358 - INFO - IMAGE EVENT: Sending request to WhatsApp API for 2347047399564
2025-07-08 14:01:14,359 - INFO - IMAGE EVENT: Request data: {
  "messaging_product": "whatsapp",
  "to": "2347047399564",
  "type": "interactive",
  "interactive": {
    "type": "button",
    "body": {
      "text": "Question 3 out of 5:\n\nWhat is the first step in process mapping?\n\nA) Hiring staff\nB) Identifying core processes\nC) Buying equipment\n"
    },
    "action": {
      "buttons": [
        {
          "type": "reply",
          "reply": {
            "id": "option_A",
            "title": "A"
          }
        },
        {
          "type": "reply",
          "reply": {
            "id": "option_B",
            "title": "B"
          }
        },
        {
          "type": "reply",
          "reply": {
            "id": "option_C",
            "title": "C"
          }
        }
      ]
    }
  }
}
2025-07-08 14:01:14,732 - INFO - IMAGE EVENT: Received response from WhatsApp API for 2347047399564 - Status: 200
2025-07-08 14:01:14,732 - INFO - IMAGE EVENT: Response content: {"messaging_product":"whatsapp","contacts":[{"input":"2347047399564","wa_id":"2347047399564"}],"messages":[{"id":"wamid.HBgNMjM0NzA0NzM5OTU2NBUCABEYEjY3NjUwODU0NzJGMUVFODA3NgA="}]}
2025-07-08 14:01:14,732 - INFO - IMAGE EVENT: Successfully sent interactive message to 2347047399564
2025-07-08 14:01:23,980 - INFO - IMAGE EVENT: Full message content: {
  "context": {
    "from": "2349134774276",
    "id": "wamid.HBgNMjM0NzA0NzM5OTU2NBUCABEYEjY3NjUwODU0NzJGMUVFODA3NgA="
  },
  "from": "2347047399564",
  "id": "wamid.HBgNMjM0NzA0NzM5OTU2NBUCABIYIDI0QTQyQjMzMzM1MTI0ODVDRjUxQzZFMDhBNDEwMUM5AA==",
  "timestamp": "1751983283",
  "type": "interactive",
  "interactive": {
    "type": "button_reply",
    "button_reply": {
      "id": "option_B",
      "title": "B"
    }
  }
}
2025-07-08 14:01:23,980 - INFO - IMAGE EVENT: Received message of type 'interactive' from 2347047399564
2025-07-08 14:01:23,981 - INFO - IMAGE EVENT: Processing message wamid.HBgNMjM0NzA0NzM5OTU2NBUCABIYIDI0QTQyQjMzMzM1MTI0ODVDRjUxQzZFMDhBNDEwMUM5AA== for user: <sqlite3.Row object at 0x7fab247c3fd0>
2025-07-08 14:01:23,981 - INFO - IMAGE EVENT: User state: quiz_2
2025-07-08 14:01:23,981 - INFO - IMAGE EVENT: Processing interactive message: {
  "type": "button_reply",
  "button_reply": {
    "id": "option_B",
    "title": "B"
  }
}
2025-07-08 14:01:23,982 - INFO - IMAGE EVENT: Received button reply: id=option_B, text=B
2025-07-08 14:01:23,982 - INFO - IMAGE EVENT: Handling other button response
2025-07-08 14:01:23,982 - INFO - IMAGE EVENT: Button/List response received: id=option_B, text=B
2025-07-08 14:01:23,982 - INFO - IMAGE EVENT: Unknown button/list response: option_B from 2347047399564
2025-07-08 14:01:23,983 - INFO - IMAGE EVENT: Handling text message for 2347047399564: B
2025-07-08 14:01:23,983 - INFO - IMAGE EVENT: Handling quiz response for 2347047399564: B
2025-07-08 14:01:23,983 - INFO - IMAGE EVENT: User 119 answered question 3 correctly
2025-07-08 14:01:23,983 - INFO - IMAGE EVENT: Inserted response for user 119: question 3, correct=1, quiz=quiz6
2025-07-08 14:01:24,460 - INFO - IMAGE EVENT: Moving to next question. New index: 3
2025-07-08 14:01:24,467 - INFO - IMAGE EVENT: Preparing to send interactive message to 2347047399564
2025-07-08 14:01:24,468 - INFO - IMAGE EVENT: Preparing button message for 2347047399564
2025-07-08 14:01:24,468 - INFO - IMAGE EVENT: Sending request to WhatsApp API for 2347047399564
2025-07-08 14:01:24,469 - INFO - IMAGE EVENT: Request data: {
  "messaging_product": "whatsapp",
  "to": "2347047399564",
  "type": "interactive",
  "interactive": {
    "type": "button",
    "body": {
      "text": "Question 4 out of 5:\n\nHow should technology adoption be approached?\n\nA) Buy the most expensive option\nB) Ignore it completely\nC) Based on cost-benefit analysis\n"
    },
    "action": {
      "buttons": [
        {
          "type": "reply",
          "reply": {
            "id": "option_A",
            "title": "A"
          }
        },
        {
          "type": "reply",
          "reply": {
            "id": "option_B",
            "title": "B"
          }
        },
        {
          "type": "reply",
          "reply": {
            "id": "option_C",
            "title": "C"
          }
        }
      ]
    }
  }
}
2025-07-08 14:01:25,241 - INFO - IMAGE EVENT: Received response from WhatsApp API for 2347047399564 - Status: 200
2025-07-08 14:01:25,242 - INFO - IMAGE EVENT: Response content: {"messaging_product":"whatsapp","contacts":[{"input":"2347047399564","wa_id":"2347047399564"}],"messages":[{"id":"wamid.HBgNMjM0NzA0NzM5OTU2NBUCABEYEjIyMEM0REQ0RjY2RUUwRURBQwA="}]}
2025-07-08 14:01:25,242 - INFO - IMAGE EVENT: Successfully sent interactive message to 2347047399564
2025-07-08 14:01:25,759 - INFO - IMAGE EVENT: Full message content: {
  "context": {
    "from": "2349134774276",
    "id": "wamid.HBgNMjM0NzAzMzU5MzczNhUCABEYEkVGODRCODNEMUYyODA5Q0I4RAA="
  },
  "from": "2347033593736",
  "id": "wamid.HBgNMjM0NzAzMzU5MzczNhUCABIYIDQ5MENGNjZDODZCN0MzODNDM0IzMjYyMTM4NTE3RUIyAA==",
  "timestamp": "1751983283",
  "type": "interactive",
  "interactive": {
    "type": "button_reply",
    "button_reply": {
      "id": "quiz",
      "title": "Start Quiz"
    }
  }
}
2025-07-08 14:01:25,761 - INFO - IMAGE EVENT: Received message of type 'interactive' from 2347033593736
2025-07-08 14:01:25,763 - INFO - IMAGE EVENT: Processing message wamid.HBgNMjM0NzAzMzU5MzczNhUCABIYIDQ5MENGNjZDODZCN0MzODNDM0IzMjYyMTM4NTE3RUIyAA== for user: <sqlite3.Row object at 0x7fab247c3270>
2025-07-08 14:01:25,763 - INFO - IMAGE EVENT: User state: main_menu
2025-07-08 14:01:25,764 - INFO - IMAGE EVENT: Processing interactive message: {
  "type": "button_reply",
  "button_reply": {
    "id": "quiz",
    "title": "Start Quiz"
  }
}
2025-07-08 14:01:25,764 - INFO - IMAGE EVENT: Received button reply: id=quiz, text=Start Quiz
2025-07-08 14:01:25,765 - INFO - IMAGE EVENT: Handling other button response
2025-07-08 14:01:25,765 - INFO - IMAGE EVENT: Button/List response received: id=quiz, text=Start Quiz
2025-07-08 14:01:25,765 - INFO - IMAGE EVENT: Handling Start Quiz request for 2347033593736
2025-07-08 14:01:25,766 - INFO - IMAGE EVENT: Handling text message for 2347033593736: Start Quiz
2025-07-08 14:01:25,766 - INFO - IMAGE EVENT: Quiz selection initiated for 2347033593736 with message: Start Quiz
2025-07-08 14:01:26,468 - INFO - IMAGE EVENT: Preparing to send interactive message to 2347033593736
2025-07-08 14:01:26,469 - INFO - IMAGE EVENT: Preparing button message for 2347033593736
2025-07-08 14:01:26,469 - INFO - IMAGE EVENT: Sending request to WhatsApp API for 2347033593736
2025-07-08 14:01:26,469 - INFO - IMAGE EVENT: Request data: {
  "messaging_product": "whatsapp",
  "to": "2347033593736",
  "type": "interactive",
  "interactive": {
    "type": "button",
    "body": {
      "text": "What would you like to do?"
    },
    "action": {
      "buttons": [
        {
          "type": "reply",
          "reply": {
            "id": "quiz",
            "title": "Start Quiz"
          }
        }
      ]
    }
  }
}
2025-07-08 14:01:26,978 - INFO - IMAGE EVENT: Received response from WhatsApp API for 2347033593736 - Status: 200
2025-07-08 14:01:26,979 - INFO - IMAGE EVENT: Response content: {"messaging_product":"whatsapp","contacts":[{"input":"2347033593736","wa_id":"2347033593736"}],"messages":[{"id":"wamid.HBgNMjM0NzAzMzU5MzczNhUCABEYEkRGRkFFMEQ2ODMwODcyQ0U1MQA="}]}
2025-07-08 14:01:26,979 - INFO - IMAGE EVENT: Successfully sent interactive message to 2347033593736
2025-07-08 14:01:39,754 - INFO - IMAGE EVENT: Full message content: {
  "context": {
    "from": "2349134774276",
    "id": "wamid.HBgNMjM0NzAzMzU5MzczNhUCABEYEkRGRkFFMEQ2ODMwODcyQ0U1MQA="
  },
  "from": "2347033593736",
  "id": "wamid.HBgNMjM0NzAzMzU5MzczNhUCABIYIDFFQTcxODVENEYxRjQyODQ1RDVDN0FFMTNGODBCQkNBAA==",
  "timestamp": "1751983299",
  "type": "interactive",
  "interactive": {
    "type": "button_reply",
    "button_reply": {
      "id": "quiz",
      "title": "Start Quiz"
    }
  }
}
2025-07-08 14:01:39,754 - INFO - IMAGE EVENT: Received message of type 'interactive' from 2347033593736
2025-07-08 14:01:39,755 - INFO - IMAGE EVENT: Processing message wamid.HBgNMjM0NzAzMzU5MzczNhUCABIYIDFFQTcxODVENEYxRjQyODQ1RDVDN0FFMTNGODBCQkNBAA== for user: <sqlite3.Row object at 0x7fab247c3710>
2025-07-08 14:01:39,755 - INFO - IMAGE EVENT: User state: selecting_quiz
2025-07-08 14:01:39,755 - INFO - IMAGE EVENT: Processing interactive message: {
  "type": "button_reply",
  "button_reply": {
    "id": "quiz",
    "title": "Start Quiz"
  }
}
2025-07-08 14:01:39,755 - INFO - IMAGE EVENT: Received button reply: id=quiz, text=Start Quiz
2025-07-08 14:01:39,755 - INFO - IMAGE EVENT: Handling other button response
2025-07-08 14:01:39,756 - INFO - IMAGE EVENT: Button/List response received: id=quiz, text=Start Quiz
2025-07-08 14:01:39,756 - INFO - IMAGE EVENT: Handling Start Quiz request for 2347033593736
2025-07-08 14:01:39,756 - INFO - IMAGE EVENT: Handling text message for 2347033593736: Start Quiz
2025-07-08 14:01:39,756 - INFO - IMAGE EVENT: Quiz selection initiated for 2347033593736 with message: Start Quiz
2025-07-08 14:01:40,255 - INFO - IMAGE EVENT: Preparing to send interactive message to 2347033593736
2025-07-08 14:01:40,256 - INFO - IMAGE EVENT: Preparing button message for 2347033593736
2025-07-08 14:01:40,256 - INFO - IMAGE EVENT: Sending request to WhatsApp API for 2347033593736
2025-07-08 14:01:40,256 - INFO - IMAGE EVENT: Request data: {
  "messaging_product": "whatsapp",
  "to": "2347033593736",
  "type": "interactive",
  "interactive": {
    "type": "button",
    "body": {
      "text": "What would you like to do?"
    },
    "action": {
      "buttons": [
        {
          "type": "reply",
          "reply": {
            "id": "quiz",
            "title": "Start Quiz"
          }
        }
      ]
    }
  }
}
2025-07-08 14:01:40,694 - INFO - IMAGE EVENT: Received response from WhatsApp API for 2347033593736 - Status: 200
2025-07-08 14:01:40,695 - INFO - IMAGE EVENT: Response content: {"messaging_product":"whatsapp","contacts":[{"input":"2347033593736","wa_id":"2347033593736"}],"messages":[{"id":"wamid.HBgNMjM0NzAzMzU5MzczNhUCABEYEkFBMjFBQkI1ODZDQzJBQjlEQwA="}]}
2025-07-08 14:01:40,695 - INFO - IMAGE EVENT: Successfully sent interactive message to 2347033593736
2025-07-08 14:01:41,863 - INFO - IMAGE EVENT: Full message content: {
  "context": {
    "from": "2349134774276",
    "id": "wamid.HBgNMjM0NzA0NzM5OTU2NBUCABEYEjIyMEM0REQ0RjY2RUUwRURBQwA="
  },
  "from": "2347047399564",
  "id": "wamid.HBgNMjM0NzA0NzM5OTU2NBUCABIYIEExQkE4NjY5Q0JEOUFGQUVFQUExNDBBQzcwNTFDQThGAA==",
  "timestamp": "1751983301",
  "type": "interactive",
  "interactive": {
    "type": "button_reply",
    "button_reply": {
      "id": "option_C",
      "title": "C"
    }
  }
}
2025-07-08 14:01:41,868 - INFO - IMAGE EVENT: Received message of type 'interactive' from 2347047399564
2025-07-08 14:01:41,869 - INFO - IMAGE EVENT: Processing message wamid.HBgNMjM0NzA0NzM5OTU2NBUCABIYIEExQkE4NjY5Q0JEOUFGQUVFQUExNDBBQzcwNTFDQThGAA== for user: <sqlite3.Row object at 0x7fab247c3f10>
2025-07-08 14:01:41,869 - INFO - IMAGE EVENT: User state: quiz_3
2025-07-08 14:01:41,869 - INFO - IMAGE EVENT: Processing interactive message: {
  "type": "button_reply",
  "button_reply": {
    "id": "option_C",
    "title": "C"
  }
}
2025-07-08 14:01:41,870 - INFO - IMAGE EVENT: Received button reply: id=option_C, text=C
2025-07-08 14:01:41,870 - INFO - IMAGE EVENT: Handling other button response
2025-07-08 14:01:41,870 - INFO - IMAGE EVENT: Button/List response received: id=option_C, text=C
2025-07-08 14:01:41,870 - INFO - IMAGE EVENT: Unknown button/list response: option_C from 2347047399564
2025-07-08 14:01:41,870 - INFO - IMAGE EVENT: Handling text message for 2347047399564: C
2025-07-08 14:01:41,870 - INFO - IMAGE EVENT: Handling quiz response for 2347047399564: C
2025-07-08 14:01:41,871 - INFO - IMAGE EVENT: User 119 answered question 4 correctly
2025-07-08 14:01:41,872 - INFO - IMAGE EVENT: Inserted response for user 119: question 4, correct=1, quiz=quiz6
2025-07-08 14:01:42,357 - INFO - IMAGE EVENT: Moving to next question. New index: 4
2025-07-08 14:01:42,363 - INFO - IMAGE EVENT: Preparing to send interactive message to 2347047399564
2025-07-08 14:01:42,363 - INFO - IMAGE EVENT: Preparing button message for 2347047399564
2025-07-08 14:01:42,363 - INFO - IMAGE EVENT: Sending request to WhatsApp API for 2347047399564
2025-07-08 14:01:42,363 - INFO - IMAGE EVENT: Request data: {
  "messaging_product": "whatsapp",
  "to": "2347047399564",
  "type": "interactive",
  "interactive": {
    "type": "button",
    "body": {
      "text": "Question 5 out of 5:\n\nWhat is the primary goal of quality control?\n\nA) Increasing prices\nB) Maintaining standards\nC) Reducing staff\n"
    },
    "action": {
      "buttons": [
        {
          "type": "reply",
          "reply": {
            "id": "option_A",
            "title": "A"
          }
        },
        {
          "type": "reply",
          "reply": {
            "id": "option_B",
            "title": "B"
          }
        },
        {
          "type": "reply",
          "reply": {
            "id": "option_C",
            "title": "C"
          }
        }
      ]
    }
  }
}
2025-07-08 14:01:42,857 - INFO - IMAGE EVENT: Received response from WhatsApp API for 2347047399564 - Status: 200
2025-07-08 14:01:42,858 - INFO - IMAGE EVENT: Response content: {"messaging_product":"whatsapp","contacts":[{"input":"2347047399564","wa_id":"2347047399564"}],"messages":[{"id":"wamid.HBgNMjM0NzA0NzM5OTU2NBUCABEYEjRCRUJGQ0I3MTJCRUUyRUVDQgA="}]}
2025-07-08 14:01:42,858 - INFO - IMAGE EVENT: Successfully sent interactive message to 2347047399564
2025-07-08 14:01:47,411 - INFO - IMAGE EVENT: Full message content: {
  "context": {
    "from": "2349134774276",
    "id": "wamid.HBgNMjM0NzAzMzU5MzczNhUCABEYEkFBMjFBQkI1ODZDQzJBQjlEQwA="
  },
  "from": "2347033593736",
  "id": "wamid.HBgNMjM0NzAzMzU5MzczNhUCABIYIEFCN0ZDNEE4ODczQUI4MEM0Q0U1QTE5QjRBNUVFRDE0AA==",
  "timestamp": "1751983306",
  "type": "interactive",
  "interactive": {
    "type": "button_reply",
    "button_reply": {
      "id": "quiz",
      "title": "Start Quiz"
    }
  }
}
2025-07-08 14:01:47,411 - INFO - IMAGE EVENT: Received message of type 'interactive' from 2347033593736
2025-07-08 14:01:47,412 - INFO - IMAGE EVENT: Processing message wamid.HBgNMjM0NzAzMzU5MzczNhUCABIYIEFCN0ZDNEE4ODczQUI4MEM0Q0U1QTE5QjRBNUVFRDE0AA== for user: <sqlite3.Row object at 0x7fab247c3fb0>
2025-07-08 14:01:47,412 - INFO - IMAGE EVENT: User state: selecting_quiz
2025-07-08 14:01:47,412 - INFO - IMAGE EVENT: Processing interactive message: {
  "type": "button_reply",
  "button_reply": {
    "id": "quiz",
    "title": "Start Quiz"
  }
}
2025-07-08 14:01:47,412 - INFO - IMAGE EVENT: Received button reply: id=quiz, text=Start Quiz
2025-07-08 14:01:47,412 - INFO - IMAGE EVENT: Handling other button response
2025-07-08 14:01:47,412 - INFO - IMAGE EVENT: Button/List response received: id=quiz, text=Start Quiz
2025-07-08 14:01:47,412 - INFO - IMAGE EVENT: Handling Start Quiz request for 2347033593736
2025-07-08 14:01:47,412 - INFO - IMAGE EVENT: Handling text message for 2347033593736: Start Quiz
2025-07-08 14:01:47,413 - INFO - IMAGE EVENT: Quiz selection initiated for 2347033593736 with message: Start Quiz
2025-07-08 14:01:47,865 - INFO - IMAGE EVENT: Preparing to send interactive message to 2347033593736
2025-07-08 14:01:47,865 - INFO - IMAGE EVENT: Preparing button message for 2347033593736
2025-07-08 14:01:47,866 - INFO - IMAGE EVENT: Sending request to WhatsApp API for 2347033593736
2025-07-08 14:01:47,866 - INFO - IMAGE EVENT: Request data: {
  "messaging_product": "whatsapp",
  "to": "2347033593736",
  "type": "interactive",
  "interactive": {
    "type": "button",
    "body": {
      "text": "What would you like to do?"
    },
    "action": {
      "buttons": [
        {
          "type": "reply",
          "reply": {
            "id": "quiz",
            "title": "Start Quiz"
          }
        }
      ]
    }
  }
}
2025-07-08 14:01:48,308 - INFO - IMAGE EVENT: Received response from WhatsApp API for 2347033593736 - Status: 200
2025-07-08 14:01:48,308 - INFO - IMAGE EVENT: Response content: {"messaging_product":"whatsapp","contacts":[{"input":"2347033593736","wa_id":"2347033593736"}],"messages":[{"id":"wamid.HBgNMjM0NzAzMzU5MzczNhUCABEYEjczQkI1Rjg3RDc3Q0NCNjk4NwA="}]}
2025-07-08 14:01:48,308 - INFO - IMAGE EVENT: Successfully sent interactive message to 2347033593736
2025-07-08 14:01:53,214 - INFO - IMAGE EVENT: Full message content: {
  "context": {
    "from": "2349134774276",
    "id": "wamid.HBgNMjM0NzAzMzU5MzczNhUCABEYEjczQkI1Rjg3RDc3Q0NCNjk4NwA="
  },
  "from": "2347033593736",
  "id": "wamid.HBgNMjM0NzAzMzU5MzczNhUCABIYIEVCQzQ5MjEwODY0MkYyNzE3MzdFMDJGMzQxMzgyRDk1AA==",
  "timestamp": "1751983312",
  "type": "interactive",
  "interactive": {
    "type": "button_reply",
    "button_reply": {
      "id": "quiz",
      "title": "Start Quiz"
    }
  }
}
2025-07-08 14:01:53,214 - INFO - IMAGE EVENT: Received message of type 'interactive' from 2347033593736
2025-07-08 14:01:53,215 - INFO - IMAGE EVENT: Processing message wamid.HBgNMjM0NzAzMzU5MzczNhUCABIYIEVCQzQ5MjEwODY0MkYyNzE3MzdFMDJGMzQxMzgyRDk1AA== for user: <sqlite3.Row object at 0x7fab247c3270>
2025-07-08 14:01:53,215 - INFO - IMAGE EVENT: User state: selecting_quiz
2025-07-08 14:01:53,215 - INFO - IMAGE EVENT: Processing interactive message: {
  "type": "button_reply",
  "button_reply": {
    "id": "quiz",
    "title": "Start Quiz"
  }
}
2025-07-08 14:01:53,215 - INFO - IMAGE EVENT: Received button reply: id=quiz, text=Start Quiz
2025-07-08 14:01:53,215 - INFO - IMAGE EVENT: Handling other button response
2025-07-08 14:01:53,215 - INFO - IMAGE EVENT: Button/List response received: id=quiz, text=Start Quiz
2025-07-08 14:01:53,215 - INFO - IMAGE EVENT: Handling Start Quiz request for 2347033593736
2025-07-08 14:01:53,215 - INFO - IMAGE EVENT: Handling text message for 2347033593736: Start Quiz
2025-07-08 14:01:53,216 - INFO - IMAGE EVENT: Quiz selection initiated for 2347033593736 with message: Start Quiz
2025-07-08 14:01:53,670 - INFO - IMAGE EVENT: Preparing to send interactive message to 2347033593736
2025-07-08 14:01:53,670 - INFO - IMAGE EVENT: Preparing button message for 2347033593736
2025-07-08 14:01:53,670 - INFO - IMAGE EVENT: Sending request to WhatsApp API for 2347033593736
2025-07-08 14:01:53,671 - INFO - IMAGE EVENT: Request data: {
  "messaging_product": "whatsapp",
  "to": "2347033593736",
  "type": "interactive",
  "interactive": {
    "type": "button",
    "body": {
      "text": "What would you like to do?"
    },
    "action": {
      "buttons": [
        {
          "type": "reply",
          "reply": {
            "id": "quiz",
            "title": "Start Quiz"
          }
        }
      ]
    }
  }
}
2025-07-08 14:01:54,117 - INFO - IMAGE EVENT: Received response from WhatsApp API for 2347033593736 - Status: 200
2025-07-08 14:01:54,117 - INFO - IMAGE EVENT: Response content: {"messaging_product":"whatsapp","contacts":[{"input":"2347033593736","wa_id":"2347033593736"}],"messages":[{"id":"wamid.HBgNMjM0NzAzMzU5MzczNhUCABEYEjk4QzhGMzM5MzRFNTcxRTAzRQA="}]}
2025-07-08 14:01:54,154 - INFO - IMAGE EVENT: Successfully sent interactive message to 2347033593736
2025-07-08 14:01:56,357 - INFO - IMAGE EVENT: Full message content: {
  "context": {
    "from": "2349134774276",
    "id": "wamid.HBgNMjM0NzA0NzM5OTU2NBUCABEYEjRCRUJGQ0I3MTJCRUUyRUVDQgA="
  },
  "from": "2347047399564",
  "id": "wamid.HBgNMjM0NzA0NzM5OTU2NBUCABIYIDk0NzMyN0ZGNzdDNEExRDMxNjEwOEUwRkQwMkEzQzY1AA==",
  "timestamp": "1751983315",
  "type": "interactive",
  "interactive": {
    "type": "button_reply",
    "button_reply": {
      "id": "option_B",
      "title": "B"
    }
  }
}
2025-07-08 14:01:56,357 - INFO - IMAGE EVENT: Received message of type 'interactive' from 2347047399564
2025-07-08 14:01:56,360 - INFO - IMAGE EVENT: Processing message wamid.HBgNMjM0NzA0NzM5OTU2NBUCABIYIDk0NzMyN0ZGNzdDNEExRDMxNjEwOEUwRkQwMkEzQzY1AA== for user: <sqlite3.Row object at 0x7fab247c33d0>
2025-07-08 14:01:56,361 - INFO - IMAGE EVENT: User state: quiz_4
2025-07-08 14:01:56,361 - INFO - IMAGE EVENT: Processing interactive message: {
  "type": "button_reply",
  "button_reply": {
    "id": "option_B",
    "title": "B"
  }
}
2025-07-08 14:01:56,364 - INFO - IMAGE EVENT: Received button reply: id=option_B, text=B
2025-07-08 14:01:56,364 - INFO - IMAGE EVENT: Handling other button response
2025-07-08 14:01:56,364 - INFO - IMAGE EVENT: Button/List response received: id=option_B, text=B
2025-07-08 14:01:56,364 - INFO - IMAGE EVENT: Unknown button/list response: option_B from 2347047399564
2025-07-08 14:01:56,364 - INFO - IMAGE EVENT: Handling text message for 2347047399564: B
2025-07-08 14:01:56,364 - INFO - IMAGE EVENT: Handling quiz response for 2347047399564: B
2025-07-08 14:01:56,365 - INFO - IMAGE EVENT: User 119 answered question 5 correctly
2025-07-08 14:01:56,365 - INFO - IMAGE EVENT: Inserted response for user 119: question 5, correct=1, quiz=quiz6
2025-07-08 14:01:56,780 - INFO - IMAGE EVENT: Moving to next question. New index: 5
2025-07-08 14:01:56,780 - INFO - IMAGE EVENT: Finishing quiz quiz6 for user 119
2025-07-08 14:01:57,262 - INFO - IMAGE EVENT: Database updated for user 119 after finishing quiz quiz6
2025-07-08 14:01:57,262 - INFO - IMAGE EVENT: Preparing to send interactive message to 2347047399564
2025-07-08 14:01:57,262 - INFO - IMAGE EVENT: Preparing button message for 2347047399564
2025-07-08 14:01:57,262 - INFO - IMAGE EVENT: Sending request to WhatsApp API for 2347047399564
2025-07-08 14:01:57,262 - INFO - IMAGE EVENT: Request data: {
  "messaging_product": "whatsapp",
  "to": "2347047399564",
  "type": "interactive",
  "interactive": {
    "type": "button",
    "body": {
      "text": "What would you like to do next?"
    },
    "action": {
      "buttons": [
        {
          "type": "reply",
          "reply": {
            "id": "quiz",
            "title": "Take Another Quiz"
          }
        },
        {
          "type": "reply",
          "reply": {
            "id": "records",
            "title": "Switch to Records"
          }
        },
        {
          "type": "reply",
          "reply": {
            "id": "ai_chat",
            "title": "Review Mistakes (AI)"
          }
        }
      ]
    }
  }
}
2025-07-08 14:01:57,624 - INFO - IMAGE EVENT: Received response from WhatsApp API for 2347047399564 - Status: 200
2025-07-08 14:01:57,625 - INFO - IMAGE EVENT: Response content: {"messaging_product":"whatsapp","contacts":[{"input":"2347047399564","wa_id":"2347047399564"}],"messages":[{"id":"wamid.HBgNMjM0NzA0NzM5OTU2NBUCABEYEkNCQzlGNTJBNDVGODA2ODg4MAA="}]}
2025-07-08 14:01:57,625 - INFO - IMAGE EVENT: Successfully sent interactive message to 2347047399564
2025-07-08 14:01:57,625 - INFO - IMAGE EVENT: Quiz quiz6 finished successfully for user 119
2025-07-08 14:02:00,491 - INFO - IMAGE EVENT: Full message content: {
  "context": {
    "from": "2349134774276",
    "id": "wamid.HBgNMjM0NzAzMzU5MzczNhUCABEYEjk4QzhGMzM5MzRFNTcxRTAzRQA="
  },
  "from": "2347033593736",
  "id": "wamid.HBgNMjM0NzAzMzU5MzczNhUCABIYIDAxODlDQTU1MjU5N0I0NzlGMEZENzgyMjcyOEMyN0I2AA==",
  "timestamp": "1751983319",
  "type": "interactive",
  "interactive": {
    "type": "button_reply",
    "button_reply": {
      "id": "quiz",
      "title": "Start Quiz"
    }
  }
}
2025-07-08 14:02:00,492 - INFO - IMAGE EVENT: Received message of type 'interactive' from 2347033593736
2025-07-08 14:02:00,492 - INFO - IMAGE EVENT: Processing message wamid.HBgNMjM0NzAzMzU5MzczNhUCABIYIDAxODlDQTU1MjU5N0I0NzlGMEZENzgyMjcyOEMyN0I2AA== for user: <sqlite3.Row object at 0x7fab247c3930>
2025-07-08 14:02:00,493 - INFO - IMAGE EVENT: User state: selecting_quiz
2025-07-08 14:02:00,493 - INFO - IMAGE EVENT: Processing interactive message: {
  "type": "button_reply",
  "button_reply": {
    "id": "quiz",
    "title": "Start Quiz"
  }
}
2025-07-08 14:02:00,493 - INFO - IMAGE EVENT: Received button reply: id=quiz, text=Start Quiz
2025-07-08 14:02:00,493 - INFO - IMAGE EVENT: Handling other button response
2025-07-08 14:02:00,493 - INFO - IMAGE EVENT: Button/List response received: id=quiz, text=Start Quiz
2025-07-08 14:02:00,494 - INFO - IMAGE EVENT: Handling Start Quiz request for 2347033593736
2025-07-08 14:02:00,554 - INFO - IMAGE EVENT: Handling text message for 2347033593736: Start Quiz
2025-07-08 14:02:00,554 - INFO - IMAGE EVENT: Quiz selection initiated for 2347033593736 with message: Start Quiz
2025-07-08 14:02:01,051 - INFO - IMAGE EVENT: Preparing to send interactive message to 2347033593736
2025-07-08 14:02:01,051 - INFO - IMAGE EVENT: Preparing button message for 2347033593736
2025-07-08 14:02:01,052 - INFO - IMAGE EVENT: Sending request to WhatsApp API for 2347033593736
2025-07-08 14:02:01,052 - INFO - IMAGE EVENT: Request data: {
  "messaging_product": "whatsapp",
  "to": "2347033593736",
  "type": "interactive",
  "interactive": {
    "type": "button",
    "body": {
      "text": "What would you like to do?"
    },
    "action": {
      "buttons": [
        {
          "type": "reply",
          "reply": {
            "id": "quiz",
            "title": "Start Quiz"
          }
        }
      ]
    }
  }
}
2025-07-08 14:02:01,490 - INFO - IMAGE EVENT: Received response from WhatsApp API for 2347033593736 - Status: 200
2025-07-08 14:02:01,491 - INFO - IMAGE EVENT: Response content: {"messaging_product":"whatsapp","contacts":[{"input":"2347033593736","wa_id":"2347033593736"}],"messages":[{"id":"wamid.HBgNMjM0NzAzMzU5MzczNhUCABEYEjlERDBBOUQyRDFCMTc5MEYxMQA="}]}
2025-07-08 14:02:01,491 - INFO - IMAGE EVENT: Successfully sent interactive message to 2347033593736
2025-07-08 14:02:51,577 - INFO - IMAGE EVENT: Full message content: {
  "context": {
    "from": "2349134774276",
    "id": "wamid.HBgNMjM0ODA2NTUzMTMyNhUCABEYEkY2MEI2OUEzNTQwOUZBNjE0QQA="
  },
  "from": "2348065531326",
  "id": "wamid.HBgNMjM0ODA2NTUzMTMyNhUCABIYIEFGQUM4OUEzMDM4Mjc3NDVBODk5N0Q4QTcwRUEwQjQxAA==",
  "timestamp": "1751983370",
  "type": "interactive",
  "interactive": {
    "type": "button_reply",
    "button_reply": {
      "id": "option_B",
      "title": "B"
    }
  }
}
2025-07-08 14:02:51,578 - INFO - IMAGE EVENT: Received message of type 'interactive' from 2348065531326
2025-07-08 14:02:51,579 - INFO - IMAGE EVENT: Processing message wamid.HBgNMjM0ODA2NTUzMTMyNhUCABIYIEFGQUM4OUEzMDM4Mjc3NDVBODk5N0Q4QTcwRUEwQjQxAA== for user: <sqlite3.Row object at 0x7fab247c3430>
2025-07-08 14:02:51,579 - INFO - IMAGE EVENT: User state: quiz_2
2025-07-08 14:02:51,580 - INFO - IMAGE EVENT: Processing interactive message: {
  "type": "button_reply",
  "button_reply": {
    "id": "option_B",
    "title": "B"
  }
}
2025-07-08 14:02:51,580 - INFO - IMAGE EVENT: Received button reply: id=option_B, text=B
2025-07-08 14:02:51,581 - INFO - IMAGE EVENT: Handling other button response
2025-07-08 14:02:51,581 - INFO - IMAGE EVENT: Button/List response received: id=option_B, text=B
2025-07-08 14:02:51,582 - INFO - IMAGE EVENT: Unknown button/list response: option_B from 2348065531326
2025-07-08 14:02:51,583 - INFO - IMAGE EVENT: Handling text message for 2348065531326: B
2025-07-08 14:02:51,583 - INFO - IMAGE EVENT: Handling quiz response for 2348065531326: B
2025-07-08 14:02:51,583 - INFO - IMAGE EVENT: User 133 answered question 3 correctly
2025-07-08 14:02:51,583 - INFO - IMAGE EVENT: Inserted response for user 133: question 3, correct=1, quiz=quiz6
2025-07-08 14:02:51,963 - INFO - IMAGE EVENT: Moving to next question. New index: 3
2025-07-08 14:02:52,059 - INFO - IMAGE EVENT: Preparing to send interactive message to 2348065531326
2025-07-08 14:02:52,059 - INFO - IMAGE EVENT: Preparing button message for 2348065531326
2025-07-08 14:02:52,060 - INFO - IMAGE EVENT: Sending request to WhatsApp API for 2348065531326
2025-07-08 14:02:52,060 - INFO - IMAGE EVENT: Request data: {
  "messaging_product": "whatsapp",
  "to": "2348065531326",
  "type": "interactive",
  "interactive": {
    "type": "button",
    "body": {
      "text": "Question 4 out of 5:\n\nHow should technology adoption be approached?\n\nA) Buy the most expensive option\nB) Ignore it completely\nC) Based on cost-benefit analysis\n"
    },
    "action": {
      "buttons": [
        {
          "type": "reply",
          "reply": {
            "id": "option_A",
            "title": "A"
          }
        },
        {
          "type": "reply",
          "reply": {
            "id": "option_B",
            "title": "B"
          }
        },
        {
          "type": "reply",
          "reply": {
            "id": "option_C",
            "title": "C"
          }
        }
      ]
    }
  }
}
2025-07-08 14:02:52,556 - INFO - IMAGE EVENT: Received response from WhatsApp API for 2348065531326 - Status: 200
2025-07-08 14:02:52,557 - INFO - IMAGE EVENT: Response content: {"messaging_product":"whatsapp","contacts":[{"input":"2348065531326","wa_id":"2348065531326"}],"messages":[{"id":"wamid.HBgNMjM0ODA2NTUzMTMyNhUCABEYEjMzQzEyNjQ4RTlBRjk5MDU4NwA="}]}
2025-07-08 14:02:52,557 - INFO - IMAGE EVENT: Successfully sent interactive message to 2348065531326
2025-07-08 14:06:36,762 - INFO - IMAGE EVENT: Full message content: {
  "context": {
    "from": "2349134774276",
    "id": "wamid.HBgNMjM0ODA2NTUzMTMyNhUCABEYEjMzQzEyNjQ4RTlBRjk5MDU4NwA="
  },
  "from": "2348065531326",
  "id": "wamid.HBgNMjM0ODA2NTUzMTMyNhUCABIYIDlCQjNGMzVDQzYwMTkwMjM0MTRCMkYxRUVCMTBBMTcyAA==",
  "timestamp": "1751983595",
  "type": "interactive",
  "interactive": {
    "type": "button_reply",
    "button_reply": {
      "id": "option_C",
      "title": "C"
    }
  }
}
2025-07-08 14:06:36,763 - INFO - IMAGE EVENT: Received message of type 'interactive' from 2348065531326
2025-07-08 14:06:36,765 - INFO - IMAGE EVENT: Processing message wamid.HBgNMjM0ODA2NTUzMTMyNhUCABIYIDlCQjNGMzVDQzYwMTkwMjM0MTRCMkYxRUVCMTBBMTcyAA== for user: <sqlite3.Row object at 0x7fab247c3870>
2025-07-08 14:06:36,765 - INFO - IMAGE EVENT: User state: quiz_3
2025-07-08 14:06:36,766 - INFO - IMAGE EVENT: Processing interactive message: {
  "type": "button_reply",
  "button_reply": {
    "id": "option_C",
    "title": "C"
  }
}
2025-07-08 14:06:36,766 - INFO - IMAGE EVENT: Received button reply: id=option_C, text=C
2025-07-08 14:06:36,767 - INFO - IMAGE EVENT: Handling other button response
2025-07-08 14:06:36,767 - INFO - IMAGE EVENT: Button/List response received: id=option_C, text=C
2025-07-08 14:06:36,767 - INFO - IMAGE EVENT: Unknown button/list response: option_C from 2348065531326
2025-07-08 14:06:36,768 - INFO - IMAGE EVENT: Handling text message for 2348065531326: C
2025-07-08 14:06:36,768 - INFO - IMAGE EVENT: Handling quiz response for 2348065531326: C
2025-07-08 14:06:36,769 - INFO - IMAGE EVENT: User 133 answered question 4 correctly
2025-07-08 14:06:36,770 - INFO - IMAGE EVENT: Inserted response for user 133: question 4, correct=1, quiz=quiz6
2025-07-08 14:06:37,185 - INFO - IMAGE EVENT: Moving to next question. New index: 4
2025-07-08 14:06:37,281 - INFO - IMAGE EVENT: Preparing to send interactive message to 2348065531326
2025-07-08 14:06:37,282 - INFO - IMAGE EVENT: Preparing button message for 2348065531326
2025-07-08 14:06:37,282 - INFO - IMAGE EVENT: Sending request to WhatsApp API for 2348065531326
2025-07-08 14:06:37,284 - INFO - IMAGE EVENT: Request data: {
  "messaging_product": "whatsapp",
  "to": "2348065531326",
  "type": "interactive",
  "interactive": {
    "type": "button",
    "body": {
      "text": "Question 5 out of 5:\n\nWhat is the primary goal of quality control?\n\nA) Increasing prices\nB) Maintaining standards\nC) Reducing staff\n"
    },
    "action": {
      "buttons": [
        {
          "type": "reply",
          "reply": {
            "id": "option_A",
            "title": "A"
          }
        },
        {
          "type": "reply",
          "reply": {
            "id": "option_B",
            "title": "B"
          }
        },
        {
          "type": "reply",
          "reply": {
            "id": "option_C",
            "title": "C"
          }
        }
      ]
    }
  }
}
2025-07-08 14:06:37,750 - INFO - IMAGE EVENT: Received response from WhatsApp API for 2348065531326 - Status: 200
2025-07-08 14:06:37,751 - INFO - IMAGE EVENT: Response content: {"messaging_product":"whatsapp","contacts":[{"input":"2348065531326","wa_id":"2348065531326"}],"messages":[{"id":"wamid.HBgNMjM0ODA2NTUzMTMyNhUCABEYEjYyMEM0NjlCMkI0QjQ2NDFFRAA="}]}
2025-07-08 14:06:37,751 - INFO - IMAGE EVENT: Successfully sent interactive message to 2348065531326
2025-07-08 14:09:48,262 - INFO - IMAGE EVENT: Full message content: {
  "context": {
    "from": "2349134774276",
    "id": "wamid.HBgNMjM0ODA2NTUzMTMyNhUCABEYEjYyMEM0NjlCMkI0QjQ2NDFFRAA="
  },
  "from": "2348065531326",
  "id": "wamid.HBgNMjM0ODA2NTUzMTMyNhUCABIYIDkxNkMyNTZEOTBFRDFEMkY1NDVGMENBNTRCNjRGOTk0AA==",
  "timestamp": "1751983787",
  "type": "interactive",
  "interactive": {
    "type": "button_reply",
    "button_reply": {
      "id": "option_B",
      "title": "B"
    }
  }
}
2025-07-08 14:09:48,263 - INFO - IMAGE EVENT: Received message of type 'interactive' from 2348065531326
2025-07-08 14:09:48,264 - INFO - IMAGE EVENT: Processing message wamid.HBgNMjM0ODA2NTUzMTMyNhUCABIYIDkxNkMyNTZEOTBFRDFEMkY1NDVGMENBNTRCNjRGOTk0AA== for user: <sqlite3.Row object at 0x7fab247c35d0>
2025-07-08 14:09:48,265 - INFO - IMAGE EVENT: User state: quiz_4
2025-07-08 14:09:48,265 - INFO - IMAGE EVENT: Processing interactive message: {
  "type": "button_reply",
  "button_reply": {
    "id": "option_B",
    "title": "B"
  }
}
2025-07-08 14:09:48,266 - INFO - IMAGE EVENT: Received button reply: id=option_B, text=B
2025-07-08 14:09:48,266 - INFO - IMAGE EVENT: Handling other button response
2025-07-08 14:09:48,267 - INFO - IMAGE EVENT: Button/List response received: id=option_B, text=B
2025-07-08 14:09:48,267 - INFO - IMAGE EVENT: Unknown button/list response: option_B from 2348065531326
2025-07-08 14:09:48,268 - INFO - IMAGE EVENT: Handling text message for 2348065531326: B
2025-07-08 14:09:48,270 - INFO - IMAGE EVENT: Handling quiz response for 2348065531326: B
2025-07-08 14:09:48,270 - INFO - IMAGE EVENT: User 133 answered question 5 correctly
2025-07-08 14:09:48,270 - INFO - IMAGE EVENT: Inserted response for user 133: question 5, correct=1, quiz=quiz6
2025-07-08 14:09:48,797 - INFO - IMAGE EVENT: Moving to next question. New index: 5
2025-07-08 14:09:48,797 - INFO - IMAGE EVENT: Finishing quiz quiz6 for user 133
2025-07-08 14:10:04,365 - INFO - IMAGE EVENT: Database updated for user 133 after finishing quiz quiz6
2025-07-08 14:10:04,366 - INFO - IMAGE EVENT: Preparing to send interactive message to 2348065531326
2025-07-08 14:10:04,366 - INFO - IMAGE EVENT: Preparing button message for 2348065531326
2025-07-08 14:10:04,366 - INFO - IMAGE EVENT: Sending request to WhatsApp API for 2348065531326
2025-07-08 14:10:04,367 - INFO - IMAGE EVENT: Request data: {
  "messaging_product": "whatsapp",
  "to": "2348065531326",
  "type": "interactive",
  "interactive": {
    "type": "button",
    "body": {
      "text": "What would you like to do next?"
    },
    "action": {
      "buttons": [
        {
          "type": "reply",
          "reply": {
            "id": "quiz",
            "title": "Take Another Quiz"
          }
        },
        {
          "type": "reply",
          "reply": {
            "id": "records",
            "title": "Switch to Records"
          }
        },
        {
          "type": "reply",
          "reply": {
            "id": "ai_chat",
            "title": "Review Mistakes (AI)"
          }
        }
      ]
    }
  }
}
2025-07-08 14:10:04,857 - INFO - IMAGE EVENT: Received response from WhatsApp API for 2348065531326 - Status: 200
2025-07-08 14:10:04,858 - INFO - IMAGE EVENT: Response content: {"messaging_product":"whatsapp","contacts":[{"input":"2348065531326","wa_id":"2348065531326"}],"messages":[{"id":"wamid.HBgNMjM0ODA2NTUzMTMyNhUCABEYEjc2QjM2Rjk2RjJCN0YyMTExMQA="}]}
2025-07-08 14:10:04,858 - INFO - IMAGE EVENT: Successfully sent interactive message to 2348065531326
2025-07-08 14:10:04,858 - INFO - IMAGE EVENT: Quiz quiz6 finished successfully for user 133
2025-07-08 14:11:45,482 - INFO - IMAGE EVENT: Full message content: {
  "from": "2347064382892",
  "id": "wamid.HBgNMjM0NzA2NDM4Mjg5MhUCABIYIEFGMTBCNzYyM0MwNzVGMDE1QTdDRUQ0MTYwQkMwNkVGAA==",
  "timestamp": "1751983904",
  "text": {
    "body": "Hi, this is empowerlocals, you can edit this intro message!"
  },
  "type": "text"
}
2025-07-08 14:11:45,482 - INFO - IMAGE EVENT: Received message of type 'text' from 2347064382892
2025-07-08 14:11:45,483 - INFO - IMAGE EVENT: Processing message wamid.HBgNMjM0NzA2NDM4Mjg5MhUCABIYIEFGMTBCNzYyM0MwNzVGMDE1QTdDRUQ0MTYwQkMwNkVGAA== for user: <sqlite3.Row object at 0x7fab247c3ef0>
2025-07-08 14:11:45,484 - INFO - IMAGE EVENT: User state: awaiting_choice
2025-07-08 14:11:45,484 - INFO - IMAGE EVENT: Received text message from 2347064382892: hi, this is empowerlocals, you can edit this intro message!
2025-07-08 14:11:45,485 - INFO - IMAGE EVENT: Handling text message for 2347064382892: hi, this is empowerlocals, you can edit this intro message!
2025-07-08 14:11:46,133 - INFO - IMAGE EVENT: Presenting main options to user 2347064382892
2025-07-08 14:11:46,134 - INFO - IMAGE EVENT: Preparing to send interactive message to 2347064382892
2025-07-08 14:11:46,134 - INFO - IMAGE EVENT: Preparing button message for 2347064382892
2025-07-08 14:11:46,134 - INFO - IMAGE EVENT: Sending request to WhatsApp API for 2347064382892
2025-07-08 14:11:46,135 - INFO - IMAGE EVENT: Request data: {
  "messaging_product": "whatsapp",
  "to": "2347064382892",
  "type": "interactive",
  "interactive": {
    "type": "button",
    "body": {
      "text": "What would you like to do next?"
    },
    "action": {
      "buttons": [
        {
          "type": "reply",
          "reply": {
            "id": "quiz",
            "title": "Start Quiz"
          }
        },
        {
          "type": "reply",
          "reply": {
            "id": "records",
            "title": "Record Keeping"
          }
        },
        {
          "type": "reply",
          "reply": {
            "id": "settings",
            "title": "Settings"
          }
        }
      ]
    }
  }
}
2025-07-08 14:11:46,591 - INFO - IMAGE EVENT: Received response from WhatsApp API for 2347064382892 - Status: 200
2025-07-08 14:11:46,592 - INFO - IMAGE EVENT: Response content: {"messaging_product":"whatsapp","contacts":[{"input":"2347064382892","wa_id":"2347064382892"}],"messages":[{"id":"wamid.HBgNMjM0NzA2NDM4Mjg5MhUCABEYEkE1RkZGMzc5MUVBQTlFRDc2MwA="}]}
2025-07-08 14:11:46,593 - INFO - IMAGE EVENT: Successfully sent interactive message to 2347064382892
2025-07-08 14:11:50,160 - INFO - IMAGE EVENT: Full message content: {
  "context": {
    "from": "2349134774276",
    "id": "wamid.HBgNMjM0NzA2NDM4Mjg5MhUCABEYEkE1RkZGMzc5MUVBQTlFRDc2MwA="
  },
  "from": "2347064382892",
  "id": "wamid.HBgNMjM0NzA2NDM4Mjg5MhUCABIYIDFFMEZCMDREQ0IyNTY0RjcxOTMxMTNENjBGRjQ5RDcwAA==",
  "timestamp": "1751983909",
  "type": "interactive",
  "interactive": {
    "type": "button_reply",
    "button_reply": {
      "id": "quiz",
      "title": "Start Quiz"
    }
  }
}
2025-07-08 14:11:50,161 - INFO - IMAGE EVENT: Received message of type 'interactive' from 2347064382892
2025-07-08 14:11:50,161 - INFO - IMAGE EVENT: Processing message wamid.HBgNMjM0NzA2NDM4Mjg5MhUCABIYIDFFMEZCMDREQ0IyNTY0RjcxOTMxMTNENjBGRjQ5RDcwAA== for user: <sqlite3.Row object at 0x7fab247c36d0>
2025-07-08 14:11:50,164 - INFO - IMAGE EVENT: User state: main_menu
2025-07-08 14:11:50,170 - INFO - IMAGE EVENT: Processing interactive message: {
  "type": "button_reply",
  "button_reply": {
    "id": "quiz",
    "title": "Start Quiz"
  }
}
2025-07-08 14:11:50,170 - INFO - IMAGE EVENT: Received button reply: id=quiz, text=Start Quiz
2025-07-08 14:11:50,171 - INFO - IMAGE EVENT: Handling other button response
2025-07-08 14:11:50,171 - INFO - IMAGE EVENT: Button/List response received: id=quiz, text=Start Quiz
2025-07-08 14:11:50,172 - INFO - IMAGE EVENT: Handling Start Quiz request for 2347064382892
2025-07-08 14:11:50,178 - INFO - IMAGE EVENT: Handling text message for 2347064382892: Start Quiz
2025-07-08 14:11:50,178 - INFO - IMAGE EVENT: Quiz selection initiated for 2347064382892 with message: Start Quiz
2025-07-08 14:11:50,642 - INFO - IMAGE EVENT: Preparing to send interactive message to 2347064382892
2025-07-08 14:11:50,667 - INFO - IMAGE EVENT: Preparing button message for 2347064382892
2025-07-08 14:11:50,667 - INFO - IMAGE EVENT: Sending request to WhatsApp API for 2347064382892
2025-07-08 14:11:50,668 - INFO - IMAGE EVENT: Request data: {
  "messaging_product": "whatsapp",
  "to": "2347064382892",
  "type": "interactive",
  "interactive": {
    "type": "button",
    "body": {
      "text": "What would you like to do?"
    },
    "action": {
      "buttons": [
        {
          "type": "reply",
          "reply": {
            "id": "quiz",
            "title": "Start Quiz"
          }
        },
        {
          "type": "reply",
          "reply": {
            "id": "quiz6",
            "title": "Start quiz6"
          }
        }
      ]
    }
  }
}
2025-07-08 14:11:51,253 - INFO - IMAGE EVENT: Received response from WhatsApp API for 2347064382892 - Status: 200
2025-07-08 14:11:51,269 - INFO - IMAGE EVENT: Response content: {"messaging_product":"whatsapp","contacts":[{"input":"2347064382892","wa_id":"2347064382892"}],"messages":[{"id":"wamid.HBgNMjM0NzA2NDM4Mjg5MhUCABEYEjEyQjc0NUFBMzdBNTlFM0VFRgA="}]}
2025-07-08 14:11:51,269 - INFO - IMAGE EVENT: Successfully sent interactive message to 2347064382892
2025-07-08 14:11:54,261 - INFO - IMAGE EVENT: Full message content: {
  "context": {
    "from": "2349134774276",
    "id": "wamid.HBgNMjM0NzA2NDM4Mjg5MhUCABEYEjEyQjc0NUFBMzdBNTlFM0VFRgA="
  },
  "from": "2347064382892",
  "id": "wamid.HBgNMjM0NzA2NDM4Mjg5MhUCABIYIDA1RDBDRkUwREYxRjA1N0EzREVFRkFDMkUxRTBFREVEAA==",
  "timestamp": "1751983913",
  "type": "interactive",
  "interactive": {
    "type": "button_reply",
    "button_reply": {
      "id": "quiz6",
      "title": "Start quiz6"
    }
  }
}
2025-07-08 14:11:54,261 - INFO - IMAGE EVENT: Received message of type 'interactive' from 2347064382892
2025-07-08 14:11:54,263 - INFO - IMAGE EVENT: Processing message wamid.HBgNMjM0NzA2NDM4Mjg5MhUCABIYIDA1RDBDRkUwREYxRjA1N0EzREVFRkFDMkUxRTBFREVEAA== for user: <sqlite3.Row object at 0x7fab247c34f0>
2025-07-08 14:11:54,264 - INFO - IMAGE EVENT: User state: selecting_quiz
2025-07-08 14:11:54,264 - INFO - IMAGE EVENT: Processing interactive message: {
  "type": "button_reply",
  "button_reply": {
    "id": "quiz6",
    "title": "Start quiz6"
  }
}
2025-07-08 14:11:54,265 - INFO - IMAGE EVENT: Received button reply: id=quiz6, text=Start quiz6
2025-07-08 14:11:54,265 - INFO - IMAGE EVENT: Handling other button response
2025-07-08 14:11:54,266 - INFO - IMAGE EVENT: Button/List response received: id=quiz6, text=Start quiz6
2025-07-08 14:11:54,266 - INFO - IMAGE EVENT: Unknown button/list response: quiz6 from 2347064382892
2025-07-08 14:11:54,266 - INFO - IMAGE EVENT: Handling text message for 2347064382892: Start quiz6
2025-07-08 14:11:54,268 - INFO - IMAGE EVENT: Quiz selection initiated for 2347064382892 with message: Start quiz6
2025-07-08 14:11:54,275 - INFO - IMAGE EVENT: Starting quiz6 for user 166 at question 0
2025-07-08 14:11:54,276 - INFO - IMAGE EVENT: Preparing to send interactive message to 2347064382892
2025-07-08 14:11:54,276 - INFO - IMAGE EVENT: Preparing button message for 2347064382892
2025-07-08 14:11:54,276 - INFO - IMAGE EVENT: Sending request to WhatsApp API for 2347064382892
2025-07-08 14:11:54,277 - INFO - IMAGE EVENT: Request data: {
  "messaging_product": "whatsapp",
  "to": "2347064382892",
  "type": "interactive",
  "interactive": {
    "type": "button",
    "body": {
      "text": "Question 1 out of 5:\n\nWhat is operational management primarily concerned with?\n\nA) Marketing only\nB) Day-to-day business activities\nC) Yearly planning only\n"
    },
    "action": {
      "buttons": [
        {
          "type": "reply",
          "reply": {
            "id": "option_A",
            "title": "A"
          }
        },
        {
          "type": "reply",
          "reply": {
            "id": "option_B",
            "title": "B"
          }
        },
        {
          "type": "reply",
          "reply": {
            "id": "option_C",
            "title": "C"
          }
        }
      ]
    }
  }
}
2025-07-08 14:11:54,798 - INFO - IMAGE EVENT: Received response from WhatsApp API for 2347064382892 - Status: 200
2025-07-08 14:11:54,799 - INFO - IMAGE EVENT: Response content: {"messaging_product":"whatsapp","contacts":[{"input":"2347064382892","wa_id":"2347064382892"}],"messages":[{"id":"wamid.HBgNMjM0NzA2NDM4Mjg5MhUCABEYEjNBMjVGNzQ4MUE2N0I2MkU4MAA="}]}
2025-07-08 14:11:54,799 - INFO - IMAGE EVENT: Successfully sent interactive message to 2347064382892
2025-07-08 14:12:09,179 - INFO - IMAGE EVENT: Full message content: {
  "context": {
    "from": "2349134774276",
    "id": "wamid.HBgNMjM0NzA2NDM4Mjg5MhUCABEYEjNBMjVGNzQ4MUE2N0I2MkU4MAA="
  },
  "from": "2347064382892",
  "id": "wamid.HBgNMjM0NzA2NDM4Mjg5MhUCABIYIEYzMkNDQzBDN0I3MDkxRENGNjc3RDE0ODlGOTBCMUI2AA==",
  "timestamp": "1751983928",
  "type": "interactive",
  "interactive": {
    "type": "button_reply",
    "button_reply": {
      "id": "option_B",
      "title": "B"
    }
  }
}
2025-07-08 14:12:09,179 - INFO - IMAGE EVENT: Received message of type 'interactive' from 2347064382892
2025-07-08 14:12:09,180 - INFO - IMAGE EVENT: Processing message wamid.HBgNMjM0NzA2NDM4Mjg5MhUCABIYIEYzMkNDQzBDN0I3MDkxRENGNjc3RDE0ODlGOTBCMUI2AA== for user: <sqlite3.Row object at 0x7fab247c3d70>
2025-07-08 14:12:09,180 - INFO - IMAGE EVENT: User state: quiz_0
2025-07-08 14:12:09,180 - INFO - IMAGE EVENT: Processing interactive message: {
  "type": "button_reply",
  "button_reply": {
    "id": "option_B",
    "title": "B"
  }
}
2025-07-08 14:12:09,180 - INFO - IMAGE EVENT: Received button reply: id=option_B, text=B
2025-07-08 14:12:09,180 - INFO - IMAGE EVENT: Handling other button response
2025-07-08 14:12:09,180 - INFO - IMAGE EVENT: Button/List response received: id=option_B, text=B
2025-07-08 14:12:09,180 - INFO - IMAGE EVENT: Unknown button/list response: option_B from 2347064382892
2025-07-08 14:12:09,180 - INFO - IMAGE EVENT: Handling text message for 2347064382892: B
2025-07-08 14:12:09,181 - INFO - IMAGE EVENT: Handling quiz response for 2347064382892: B
2025-07-08 14:12:09,181 - INFO - IMAGE EVENT: User 166 answered question 1 correctly
2025-07-08 14:12:09,181 - INFO - IMAGE EVENT: Inserted response for user 166: question 1, correct=1, quiz=quiz6
2025-07-08 14:12:09,600 - INFO - IMAGE EVENT: Moving to next question. New index: 1
2025-07-08 14:12:09,664 - INFO - IMAGE EVENT: Preparing to send interactive message to 2347064382892
2025-07-08 14:12:09,664 - INFO - IMAGE EVENT: Preparing button message for 2347064382892
2025-07-08 14:12:09,664 - INFO - IMAGE EVENT: Sending request to WhatsApp API for 2347064382892
2025-07-08 14:12:09,664 - INFO - IMAGE EVENT: Request data: {
  "messaging_product": "whatsapp",
  "to": "2347064382892",
  "type": "interactive",
  "interactive": {
    "type": "button",
    "body": {
      "text": "Question 2 out of 5:\n\nWhich is a key component of supply chain management?\n\nA) Social media marketing\nB) Supplier relationships\nC) Employee salaries\n"
    },
    "action": {
      "buttons": [
        {
          "type": "reply",
          "reply": {
            "id": "option_A",
            "title": "A"
          }
        },
        {
          "type": "reply",
          "reply": {
            "id": "option_B",
            "title": "B"
          }
        },
        {
          "type": "reply",
          "reply": {
            "id": "option_C",
            "title": "C"
          }
        }
      ]
    }
  }
}
2025-07-08 14:12:10,156 - INFO - IMAGE EVENT: Received response from WhatsApp API for 2347064382892 - Status: 200
2025-07-08 14:12:10,157 - INFO - IMAGE EVENT: Response content: {"messaging_product":"whatsapp","contacts":[{"input":"2347064382892","wa_id":"2347064382892"}],"messages":[{"id":"wamid.HBgNMjM0NzA2NDM4Mjg5MhUCABEYEkU1OTY2RUREQkRCRjk1MERBQgA="}]}
2025-07-08 14:12:10,157 - INFO - IMAGE EVENT: Successfully sent interactive message to 2347064382892
2025-07-08 14:12:33,074 - INFO - IMAGE EVENT: Full message content: {
  "context": {
    "from": "2349134774276",
    "id": "wamid.HBgNMjM0NzA2NDM4Mjg5MhUCABEYEkU1OTY2RUREQkRCRjk1MERBQgA="
  },
  "from": "2347064382892",
  "id": "wamid.HBgNMjM0NzA2NDM4Mjg5MhUCABIYIEVCNzRCQzI0NTNENThEODBGQjk2RjQxNTAzMUYwRjU0AA==",
  "timestamp": "1751983952",
  "type": "interactive",
  "interactive": {
    "type": "button_reply",
    "button_reply": {
      "id": "option_C",
      "title": "C"
    }
  }
}
2025-07-08 14:12:33,074 - INFO - IMAGE EVENT: Received message of type 'interactive' from 2347064382892
2025-07-08 14:12:33,075 - INFO - IMAGE EVENT: Processing message wamid.HBgNMjM0NzA2NDM4Mjg5MhUCABIYIEVCNzRCQzI0NTNENThEODBGQjk2RjQxNTAzMUYwRjU0AA== for user: <sqlite3.Row object at 0x7fab247c3c10>
2025-07-08 14:12:33,075 - INFO - IMAGE EVENT: User state: quiz_1
2025-07-08 14:12:33,075 - INFO - IMAGE EVENT: Processing interactive message: {
  "type": "button_reply",
  "button_reply": {
    "id": "option_C",
    "title": "C"
  }
}
2025-07-08 14:12:33,075 - INFO - IMAGE EVENT: Received button reply: id=option_C, text=C
2025-07-08 14:12:33,075 - INFO - IMAGE EVENT: Handling other button response
2025-07-08 14:12:33,075 - INFO - IMAGE EVENT: Button/List response received: id=option_C, text=C
2025-07-08 14:12:33,075 - INFO - IMAGE EVENT: Unknown button/list response: option_C from 2347064382892
2025-07-08 14:12:33,075 - INFO - IMAGE EVENT: Handling text message for 2347064382892: C
2025-07-08 14:12:33,076 - INFO - IMAGE EVENT: Handling quiz response for 2347064382892: C
2025-07-08 14:12:33,076 - INFO - IMAGE EVENT: User 166 answered question 2 incorrectly
2025-07-08 14:12:33,076 - INFO - IMAGE EVENT: Inserted response for user 166: question 2, correct=0, quiz=quiz6
2025-07-08 14:12:33,469 - INFO - IMAGE EVENT: Moving to next question. New index: 2
2025-07-08 14:12:33,561 - INFO - IMAGE EVENT: Preparing to send interactive message to 2347064382892
2025-07-08 14:12:33,561 - INFO - IMAGE EVENT: Preparing button message for 2347064382892
2025-07-08 14:12:33,561 - INFO - IMAGE EVENT: Sending request to WhatsApp API for 2347064382892
2025-07-08 14:12:33,562 - INFO - IMAGE EVENT: Request data: {
  "messaging_product": "whatsapp",
  "to": "2347064382892",
  "type": "interactive",
  "interactive": {
    "type": "button",
    "body": {
      "text": "Question 3 out of 5:\n\nWhat is the first step in process mapping?\n\nA) Hiring staff\nB) Identifying core processes\nC) Buying equipment\n"
    },
    "action": {
      "buttons": [
        {
          "type": "reply",
          "reply": {
            "id": "option_A",
            "title": "A"
          }
        },
        {
          "type": "reply",
          "reply": {
            "id": "option_B",
            "title": "B"
          }
        },
        {
          "type": "reply",
          "reply": {
            "id": "option_C",
            "title": "C"
          }
        }
      ]
    }
  }
}
2025-07-08 14:12:34,000 - INFO - IMAGE EVENT: Received response from WhatsApp API for 2347064382892 - Status: 200
2025-07-08 14:12:34,000 - INFO - IMAGE EVENT: Response content: {"messaging_product":"whatsapp","contacts":[{"input":"2347064382892","wa_id":"2347064382892"}],"messages":[{"id":"wamid.HBgNMjM0NzA2NDM4Mjg5MhUCABEYEjZGMjI1REI5QTcwOTI3NEZCNgA="}]}
2025-07-08 14:12:34,000 - INFO - IMAGE EVENT: Successfully sent interactive message to 2347064382892
2025-07-08 14:13:12,411 - INFO - IMAGE EVENT: Full message content: {
  "context": {
    "from": "2349134774276",
    "id": "wamid.HBgNMjM0NzA2NDM4Mjg5MhUCABEYEjZGMjI1REI5QTcwOTI3NEZCNgA="
  },
  "from": "2347064382892",
  "id": "wamid.HBgNMjM0NzA2NDM4Mjg5MhUCABIYIEI4QzQwN0Y2RkMwODgxQUMwOTNGRDAwOTY0RDlDQ0YzAA==",
  "timestamp": "1751983991",
  "type": "interactive",
  "interactive": {
    "type": "button_reply",
    "button_reply": {
      "id": "option_B",
      "title": "B"
    }
  }
}
2025-07-08 14:13:12,412 - INFO - IMAGE EVENT: Received message of type 'interactive' from 2347064382892
2025-07-08 14:13:12,413 - INFO - IMAGE EVENT: Processing message wamid.HBgNMjM0NzA2NDM4Mjg5MhUCABIYIEI4QzQwN0Y2RkMwODgxQUMwOTNGRDAwOTY0RDlDQ0YzAA== for user: <sqlite3.Row object at 0x7fab247c3b90>
2025-07-08 14:13:12,413 - INFO - IMAGE EVENT: User state: quiz_2
2025-07-08 14:13:12,413 - INFO - IMAGE EVENT: Processing interactive message: {
  "type": "button_reply",
  "button_reply": {
    "id": "option_B",
    "title": "B"
  }
}
2025-07-08 14:13:12,414 - INFO - IMAGE EVENT: Received button reply: id=option_B, text=B
2025-07-08 14:13:12,414 - INFO - IMAGE EVENT: Handling other button response
2025-07-08 14:13:12,415 - INFO - IMAGE EVENT: Button/List response received: id=option_B, text=B
2025-07-08 14:13:12,415 - INFO - IMAGE EVENT: Unknown button/list response: option_B from 2347064382892
2025-07-08 14:13:12,415 - INFO - IMAGE EVENT: Handling text message for 2347064382892: B
2025-07-08 14:13:12,416 - INFO - IMAGE EVENT: Handling quiz response for 2347064382892: B
2025-07-08 14:13:12,416 - INFO - IMAGE EVENT: User 166 answered question 3 correctly
2025-07-08 14:13:12,417 - INFO - IMAGE EVENT: Inserted response for user 166: question 3, correct=1, quiz=quiz6
2025-07-08 14:13:12,828 - INFO - IMAGE EVENT: Moving to next question. New index: 3
2025-07-08 14:13:12,860 - INFO - IMAGE EVENT: Preparing to send interactive message to 2347064382892
2025-07-08 14:13:12,860 - INFO - IMAGE EVENT: Preparing button message for 2347064382892
2025-07-08 14:13:12,861 - INFO - IMAGE EVENT: Sending request to WhatsApp API for 2347064382892
2025-07-08 14:13:12,865 - INFO - IMAGE EVENT: Request data: {
  "messaging_product": "whatsapp",
  "to": "2347064382892",
  "type": "interactive",
  "interactive": {
    "type": "button",
    "body": {
      "text": "Question 4 out of 5:\n\nHow should technology adoption be approached?\n\nA) Buy the most expensive option\nB) Ignore it completely\nC) Based on cost-benefit analysis\n"
    },
    "action": {
      "buttons": [
        {
          "type": "reply",
          "reply": {
            "id": "option_A",
            "title": "A"
          }
        },
        {
          "type": "reply",
          "reply": {
            "id": "option_B",
            "title": "B"
          }
        },
        {
          "type": "reply",
          "reply": {
            "id": "option_C",
            "title": "C"
          }
        }
      ]
    }
  }
}
2025-07-08 14:13:13,267 - INFO - IMAGE EVENT: Received response from WhatsApp API for 2347064382892 - Status: 200
2025-07-08 14:13:13,275 - INFO - IMAGE EVENT: Response content: {"messaging_product":"whatsapp","contacts":[{"input":"2347064382892","wa_id":"2347064382892"}],"messages":[{"id":"wamid.HBgNMjM0NzA2NDM4Mjg5MhUCABEYEkRERkQzMjk4OTUzQzMxQzIxMQA="}]}
2025-07-08 14:13:13,275 - INFO - IMAGE EVENT: Successfully sent interactive message to 2347064382892
2025-07-08 14:13:25,257 - INFO - IMAGE EVENT: Full message content: {
  "context": {
    "from": "2349134774276",
    "id": "wamid.HBgNMjM0NzAzMzU5MzczNhUCABEYEjlERDBBOUQyRDFCMTc5MEYxMQA="
  },
  "from": "2347033593736",
  "id": "wamid.HBgNMjM0NzAzMzU5MzczNhUCABIYIEJCNTU1RjlCNUJCNTQ0OTk5RkIzNTIyNjcwOUIzODNFAA==",
  "timestamp": "1751984004",
  "type": "interactive",
  "interactive": {
    "type": "button_reply",
    "button_reply": {
      "id": "quiz",
      "title": "Start Quiz"
    }
  }
}
2025-07-08 14:13:25,257 - INFO - IMAGE EVENT: Received message of type 'interactive' from 2347033593736
2025-07-08 14:13:25,258 - INFO - IMAGE EVENT: Processing message wamid.HBgNMjM0NzAzMzU5MzczNhUCABIYIEJCNTU1RjlCNUJCNTQ0OTk5RkIzNTIyNjcwOUIzODNFAA== for user: <sqlite3.Row object at 0x7fab247c3a10>
2025-07-08 14:13:25,258 - INFO - IMAGE EVENT: User state: selecting_quiz
2025-07-08 14:13:25,258 - INFO - IMAGE EVENT: Processing interactive message: {
  "type": "button_reply",
  "button_reply": {
    "id": "quiz",
    "title": "Start Quiz"
  }
}
2025-07-08 14:13:25,259 - INFO - IMAGE EVENT: Received button reply: id=quiz, text=Start Quiz
2025-07-08 14:13:25,259 - INFO - IMAGE EVENT: Handling other button response
2025-07-08 14:13:25,259 - INFO - IMAGE EVENT: Button/List response received: id=quiz, text=Start Quiz
2025-07-08 14:13:25,259 - INFO - IMAGE EVENT: Handling Start Quiz request for 2347033593736
2025-07-08 14:13:25,259 - INFO - IMAGE EVENT: Handling text message for 2347033593736: Start Quiz
2025-07-08 14:13:25,259 - INFO - IMAGE EVENT: Quiz selection initiated for 2347033593736 with message: Start Quiz
2025-07-08 14:13:25,761 - INFO - IMAGE EVENT: Preparing to send interactive message to 2347033593736
2025-07-08 14:13:25,762 - INFO - IMAGE EVENT: Preparing button message for 2347033593736
2025-07-08 14:13:25,764 - INFO - IMAGE EVENT: Sending request to WhatsApp API for 2347033593736
2025-07-08 14:13:25,765 - INFO - IMAGE EVENT: Request data: {
  "messaging_product": "whatsapp",
  "to": "2347033593736",
  "type": "interactive",
  "interactive": {
    "type": "button",
    "body": {
      "text": "What would you like to do?"
    },
    "action": {
      "buttons": [
        {
          "type": "reply",
          "reply": {
            "id": "quiz",
            "title": "Start Quiz"
          }
        }
      ]
    }
  }
}
2025-07-08 14:13:26,253 - INFO - IMAGE EVENT: Received response from WhatsApp API for 2347033593736 - Status: 200
2025-07-08 14:13:26,254 - INFO - IMAGE EVENT: Response content: {"messaging_product":"whatsapp","contacts":[{"input":"2347033593736","wa_id":"2347033593736"}],"messages":[{"id":"wamid.HBgNMjM0NzAzMzU5MzczNhUCABEYEkE0NEYzMEZGNDc2MUJBNjcyNQA="}]}
2025-07-08 14:13:26,254 - INFO - IMAGE EVENT: Successfully sent interactive message to 2347033593736
2025-07-08 14:13:37,421 - INFO - IMAGE EVENT: Full message content: {
  "context": {
    "from": "2349134774276",
    "id": "wamid.HBgNMjM0NzAzMzU5MzczNhUCABEYEkE0NEYzMEZGNDc2MUJBNjcyNQA="
  },
  "from": "2347033593736",
  "id": "wamid.HBgNMjM0NzAzMzU5MzczNhUCABIYIDZCQjZDQjJBRDNGN0FGMzYxMDEwRUQxMjMwM0ZCMUU5AA==",
  "timestamp": "1751984016",
  "type": "interactive",
  "interactive": {
    "type": "button_reply",
    "button_reply": {
      "id": "quiz",
      "title": "Start Quiz"
    }
  }
}
2025-07-08 14:13:37,421 - INFO - IMAGE EVENT: Received message of type 'interactive' from 2347033593736
2025-07-08 14:13:37,421 - INFO - IMAGE EVENT: Processing message wamid.HBgNMjM0NzAzMzU5MzczNhUCABIYIDZCQjZDQjJBRDNGN0FGMzYxMDEwRUQxMjMwM0ZCMUU5AA== for user: <sqlite3.Row object at 0x7fab247c3990>
2025-07-08 14:13:37,421 - INFO - IMAGE EVENT: User state: selecting_quiz
2025-07-08 14:13:37,422 - INFO - IMAGE EVENT: Processing interactive message: {
  "type": "button_reply",
  "button_reply": {
    "id": "quiz",
    "title": "Start Quiz"
  }
}
2025-07-08 14:13:37,422 - INFO - IMAGE EVENT: Received button reply: id=quiz, text=Start Quiz
2025-07-08 14:13:37,456 - INFO - IMAGE EVENT: Handling other button response
2025-07-08 14:13:37,457 - INFO - IMAGE EVENT: Button/List response received: id=quiz, text=Start Quiz
2025-07-08 14:13:37,457 - INFO - IMAGE EVENT: Handling Start Quiz request for 2347033593736
2025-07-08 14:13:37,458 - INFO - IMAGE EVENT: Handling text message for 2347033593736: Start Quiz
2025-07-08 14:13:37,458 - INFO - IMAGE EVENT: Quiz selection initiated for 2347033593736 with message: Start Quiz
2025-07-08 14:13:37,798 - INFO - IMAGE EVENT: Preparing to send interactive message to 2347033593736
2025-07-08 14:13:37,799 - INFO - IMAGE EVENT: Preparing button message for 2347033593736
2025-07-08 14:13:37,799 - INFO - IMAGE EVENT: Sending request to WhatsApp API for 2347033593736
2025-07-08 14:13:37,799 - INFO - IMAGE EVENT: Request data: {
  "messaging_product": "whatsapp",
  "to": "2347033593736",
  "type": "interactive",
  "interactive": {
    "type": "button",
    "body": {
      "text": "What would you like to do?"
    },
    "action": {
      "buttons": [
        {
          "type": "reply",
          "reply": {
            "id": "quiz",
            "title": "Start Quiz"
          }
        }
      ]
    }
  }
}
2025-07-08 14:13:38,165 - INFO - IMAGE EVENT: Received response from WhatsApp API for 2347033593736 - Status: 200
2025-07-08 14:13:38,165 - INFO - IMAGE EVENT: Response content: {"messaging_product":"whatsapp","contacts":[{"input":"2347033593736","wa_id":"2347033593736"}],"messages":[{"id":"wamid.HBgNMjM0NzAzMzU5MzczNhUCABEYEjg4NjhFODE1OTk5OENGQzZGQgA="}]}
2025-07-08 14:13:38,165 - INFO - IMAGE EVENT: Successfully sent interactive message to 2347033593736
2025-07-08 14:13:59,701 - INFO - IMAGE EVENT: Full message content: {
  "context": {
    "from": "2349134774276",
    "id": "wamid.HBgNMjM0NzA2NDM4Mjg5MhUCABEYEkRERkQzMjk4OTUzQzMxQzIxMQA="
  },
  "from": "2347064382892",
  "id": "wamid.HBgNMjM0NzA2NDM4Mjg5MhUCABIYIDkwNEIwQTc0MkM1ODQ5RDRCMDcxNjIyOUZFQkM1NTk3AA==",
  "timestamp": "1751984038",
  "type": "interactive",
  "interactive": {
    "type": "button_reply",
    "button_reply": {
      "id": "option_C",
      "title": "C"
    }
  }
}
2025-07-08 14:13:59,701 - INFO - IMAGE EVENT: Received message of type 'interactive' from 2347064382892
2025-07-08 14:13:59,701 - INFO - IMAGE EVENT: Processing message wamid.HBgNMjM0NzA2NDM4Mjg5MhUCABIYIDkwNEIwQTc0MkM1ODQ5RDRCMDcxNjIyOUZFQkM1NTk3AA== for user: <sqlite3.Row object at 0x7fab247c3d90>
2025-07-08 14:13:59,702 - INFO - IMAGE EVENT: User state: quiz_3
2025-07-08 14:13:59,702 - INFO - IMAGE EVENT: Processing interactive message: {
  "type": "button_reply",
  "button_reply": {
    "id": "option_C",
    "title": "C"
  }
}
2025-07-08 14:13:59,702 - INFO - IMAGE EVENT: Received button reply: id=option_C, text=C
2025-07-08 14:13:59,702 - INFO - IMAGE EVENT: Handling other button response
2025-07-08 14:13:59,702 - INFO - IMAGE EVENT: Button/List response received: id=option_C, text=C
2025-07-08 14:13:59,702 - INFO - IMAGE EVENT: Unknown button/list response: option_C from 2347064382892
2025-07-08 14:13:59,702 - INFO - IMAGE EVENT: Handling text message for 2347064382892: C
2025-07-08 14:13:59,702 - INFO - IMAGE EVENT: Handling quiz response for 2347064382892: C
2025-07-08 14:13:59,703 - INFO - IMAGE EVENT: User 166 answered question 4 correctly
2025-07-08 14:13:59,703 - INFO - IMAGE EVENT: Inserted response for user 166: question 4, correct=1, quiz=quiz6
2025-07-08 14:14:00,097 - INFO - IMAGE EVENT: Moving to next question. New index: 4
2025-07-08 14:14:00,166 - INFO - IMAGE EVENT: Preparing to send interactive message to 2347064382892
2025-07-08 14:14:00,167 - INFO - IMAGE EVENT: Preparing button message for 2347064382892
2025-07-08 14:14:00,168 - INFO - IMAGE EVENT: Sending request to WhatsApp API for 2347064382892
2025-07-08 14:14:00,168 - INFO - IMAGE EVENT: Request data: {
  "messaging_product": "whatsapp",
  "to": "2347064382892",
  "type": "interactive",
  "interactive": {
    "type": "button",
    "body": {
      "text": "Question 5 out of 5:\n\nWhat is the primary goal of quality control?\n\nA) Increasing prices\nB) Maintaining standards\nC) Reducing staff\n"
    },
    "action": {
      "buttons": [
        {
          "type": "reply",
          "reply": {
            "id": "option_A",
            "title": "A"
          }
        },
        {
          "type": "reply",
          "reply": {
            "id": "option_B",
            "title": "B"
          }
        },
        {
          "type": "reply",
          "reply": {
            "id": "option_C",
            "title": "C"
          }
        }
      ]
    }
  }
}
2025-07-08 14:14:00,696 - INFO - IMAGE EVENT: Received response from WhatsApp API for 2347064382892 - Status: 200
2025-07-08 14:14:00,702 - INFO - IMAGE EVENT: Response content: {"messaging_product":"whatsapp","contacts":[{"input":"2347064382892","wa_id":"2347064382892"}],"messages":[{"id":"wamid.HBgNMjM0NzA2NDM4Mjg5MhUCABEYEkVGQTk4RjNCNDdBM0U2RTRGQQA="}]}
2025-07-08 14:14:00,702 - INFO - IMAGE EVENT: Successfully sent interactive message to 2347064382892
2025-07-08 14:14:10,872 - INFO - IMAGE EVENT: Full message content: {
  "from": "2347033593736",
  "id": "wamid.HBgNMjM0NzAzMzU5MzczNhUCABIYIDQ4MDIwMzg4RUQ3MUQ5NTM5QTJCRTI0Rjk0MEY5RUQwAA==",
  "timestamp": "1751984050",
  "text": {
    "body": "Hi, this is empowerlocals, you can edit this intro message!"
  },
  "type": "text"
}
2025-07-08 14:14:10,872 - INFO - IMAGE EVENT: Received message of type 'text' from 2347033593736
2025-07-08 14:14:10,873 - INFO - IMAGE EVENT: Processing message wamid.HBgNMjM0NzAzMzU5MzczNhUCABIYIDQ4MDIwMzg4RUQ3MUQ5NTM5QTJCRTI0Rjk0MEY5RUQwAA== for user: <sqlite3.Row object at 0x7fab247c3610>
2025-07-08 14:14:10,873 - INFO - IMAGE EVENT: User state: selecting_quiz
2025-07-08 14:14:10,873 - INFO - IMAGE EVENT: Received text message from 2347033593736: hi, this is empowerlocals, you can edit this intro message!
2025-07-08 14:14:10,873 - INFO - IMAGE EVENT: Handling text message for 2347033593736: hi, this is empowerlocals, you can edit this intro message!
2025-07-08 14:14:10,873 - INFO - IMAGE EVENT: Quiz selection initiated for 2347033593736 with message: hi, this is empowerlocals, you can edit this intro message!
2025-07-08 14:14:11,720 - INFO - IMAGE EVENT: Preparing to send interactive message to 2347033593736
2025-07-08 14:14:11,720 - INFO - IMAGE EVENT: Preparing button message for 2347033593736
2025-07-08 14:14:11,720 - INFO - IMAGE EVENT: Sending request to WhatsApp API for 2347033593736
2025-07-08 14:14:11,720 - INFO - IMAGE EVENT: Request data: {
  "messaging_product": "whatsapp",
  "to": "2347033593736",
  "type": "interactive",
  "interactive": {
    "type": "button",
    "body": {
      "text": "What would you like to do?"
    },
    "action": {
      "buttons": [
        {
          "type": "reply",
          "reply": {
            "id": "quiz",
            "title": "Start Quiz"
          }
        }
      ]
    }
  }
}
2025-07-08 14:14:12,128 - INFO - IMAGE EVENT: Received response from WhatsApp API for 2347033593736 - Status: 200
2025-07-08 14:14:12,129 - INFO - IMAGE EVENT: Response content: {"messaging_product":"whatsapp","contacts":[{"input":"2347033593736","wa_id":"2347033593736"}],"messages":[{"id":"wamid.HBgNMjM0NzAzMzU5MzczNhUCABEYEjdFNDhEQ0E5Q0VFMjhGQUJENgA="}]}
2025-07-08 14:14:12,129 - INFO - IMAGE EVENT: Successfully sent interactive message to 2347033593736
2025-07-08 14:15:23,763 - INFO - IMAGE EVENT: Full message content: {
  "context": {
    "from": "2349134774276",
    "id": "wamid.HBgNMjM0NzA2NDM4Mjg5MhUCABEYEkVGQTk4RjNCNDdBM0U2RTRGQQA="
  },
  "from": "2347064382892",
  "id": "wamid.HBgNMjM0NzA2NDM4Mjg5MhUCABIYIEU5RDYxNjc1ODBGQzU4RTQzMjhERDJDMDMxNkY0OTM5AA==",
  "timestamp": "1751984123",
  "type": "interactive",
  "interactive": {
    "type": "button_reply",
    "button_reply": {
      "id": "option_A",
      "title": "A"
    }
  }
}
2025-07-08 14:15:23,763 - INFO - IMAGE EVENT: Received message of type 'interactive' from 2347064382892
2025-07-08 14:15:23,763 - INFO - IMAGE EVENT: Processing message wamid.HBgNMjM0NzA2NDM4Mjg5MhUCABIYIEU5RDYxNjc1ODBGQzU4RTQzMjhERDJDMDMxNkY0OTM5AA== for user: <sqlite3.Row object at 0x7fab247c3b70>
2025-07-08 14:15:23,857 - INFO - IMAGE EVENT: User state: quiz_4
2025-07-08 14:15:23,858 - INFO - IMAGE EVENT: Processing interactive message: {
  "type": "button_reply",
  "button_reply": {
    "id": "option_A",
    "title": "A"
  }
}
2025-07-08 14:15:23,858 - INFO - IMAGE EVENT: Received button reply: id=option_A, text=A
2025-07-08 14:15:23,859 - INFO - IMAGE EVENT: Handling other button response
2025-07-08 14:15:23,859 - INFO - IMAGE EVENT: Button/List response received: id=option_A, text=A
2025-07-08 14:15:23,859 - INFO - IMAGE EVENT: Unknown button/list response: option_A from 2347064382892
2025-07-08 14:15:23,860 - INFO - IMAGE EVENT: Handling text message for 2347064382892: A
2025-07-08 14:15:23,860 - INFO - IMAGE EVENT: Handling quiz response for 2347064382892: A
2025-07-08 14:15:23,861 - INFO - IMAGE EVENT: User 166 answered question 5 incorrectly
2025-07-08 14:15:23,861 - INFO - IMAGE EVENT: Inserted response for user 166: question 5, correct=0, quiz=quiz6
2025-07-08 14:15:24,314 - INFO - IMAGE EVENT: Moving to next question. New index: 5
2025-07-08 14:15:24,314 - INFO - IMAGE EVENT: Finishing quiz quiz6 for user 166
2025-07-08 14:15:24,802 - INFO - IMAGE EVENT: Database updated for user 166 after finishing quiz quiz6
2025-07-08 14:15:24,802 - INFO - IMAGE EVENT: Preparing to send interactive message to 2347064382892
2025-07-08 14:15:24,803 - INFO - IMAGE EVENT: Preparing button message for 2347064382892
2025-07-08 14:15:24,803 - INFO - IMAGE EVENT: Sending request to WhatsApp API for 2347064382892
2025-07-08 14:15:24,803 - INFO - IMAGE EVENT: Request data: {
  "messaging_product": "whatsapp",
  "to": "2347064382892",
  "type": "interactive",
  "interactive": {
    "type": "button",
    "body": {
      "text": "What would you like to do next?"
    },
    "action": {
      "buttons": [
        {
          "type": "reply",
          "reply": {
            "id": "quiz",
            "title": "Take Another Quiz"
          }
        },
        {
          "type": "reply",
          "reply": {
            "id": "records",
            "title": "Switch to Records"
          }
        },
        {
          "type": "reply",
          "reply": {
            "id": "ai_chat",
            "title": "Review Mistakes (AI)"
          }
        }
      ]
    }
  }
}
2025-07-08 14:15:25,239 - INFO - IMAGE EVENT: Received response from WhatsApp API for 2347064382892 - Status: 200
2025-07-08 14:15:25,240 - INFO - IMAGE EVENT: Response content: {"messaging_product":"whatsapp","contacts":[{"input":"2347064382892","wa_id":"2347064382892"}],"messages":[{"id":"wamid.HBgNMjM0NzA2NDM4Mjg5MhUCABEYEjYzMEJBMjlFOERCNkE3RjA0NQA="}]}
2025-07-08 14:15:25,240 - INFO - IMAGE EVENT: Successfully sent interactive message to 2347064382892
2025-07-08 14:15:25,240 - INFO - IMAGE EVENT: Quiz quiz6 finished successfully for user 166
2025-07-08 14:15:33,155 - INFO - IMAGE EVENT: Full message content: {
  "context": {
    "from": "2349134774276",
    "id": "wamid.HBgNMjM0NzA2NDM4Mjg5MhUCABEYEjYzMEJBMjlFOERCNkE3RjA0NQA="
  },
  "from": "2347064382892",
  "id": "wamid.HBgNMjM0NzA2NDM4Mjg5MhUCABIYIDlENDE0MEQ5NUMyNkUxOTgzQThCQkY3NzZDRjQzMjg0AA==",
  "timestamp": "1751984132",
  "type": "interactive",
  "interactive": {
    "type": "button_reply",
    "button_reply": {
      "id": "ai_chat",
      "title": "Review Mistakes (AI)"
    }
  }
}
2025-07-08 14:15:33,155 - INFO - IMAGE EVENT: Received message of type 'interactive' from 2347064382892
2025-07-08 14:15:33,157 - INFO - IMAGE EVENT: Processing message wamid.HBgNMjM0NzA2NDM4Mjg5MhUCABIYIDlENDE0MEQ5NUMyNkUxOTgzQThCQkY3NzZDRjQzMjg0AA== for user: <sqlite3.Row object at 0x7fab247c3610>
2025-07-08 14:15:33,157 - INFO - IMAGE EVENT: User state: awaiting_choice
2025-07-08 14:15:33,157 - INFO - IMAGE EVENT: Processing interactive message: {
  "type": "button_reply",
  "button_reply": {
    "id": "ai_chat",
    "title": "Review Mistakes (AI)"
  }
}
2025-07-08 14:15:33,157 - INFO - IMAGE EVENT: Received button reply: id=ai_chat, text=Review Mistakes (AI)
2025-07-08 14:15:33,157 - INFO - IMAGE EVENT: Handling other button response
2025-07-08 14:15:33,158 - INFO - IMAGE EVENT: Button/List response received: id=ai_chat, text=Review Mistakes (AI)
2025-07-08 14:15:33,158 - INFO - IMAGE EVENT: Starting AI chat for user 166
2025-07-08 14:15:41,416 - INFO - IMAGE EVENT: Preparing to send interactive message to 2347064382892
2025-07-08 14:15:41,417 - INFO - IMAGE EVENT: Preparing button message for 2347064382892
2025-07-08 14:15:41,417 - INFO - IMAGE EVENT: Sending request to WhatsApp API for 2347064382892
2025-07-08 14:15:41,417 - INFO - IMAGE EVENT: Request data: {
  "messaging_product": "whatsapp",
  "to": "2347064382892",
  "type": "interactive",
  "interactive": {
    "type": "button",
    "body": {
      "text": "Select a quiz to review:"
    },
    "action": {
      "buttons": [
        {
          "type": "reply",
          "reply": {
            "id": "quiz1 (2 incorrect)",
            "title": "quiz1 (2 incorrect)"
          }
        },
        {
          "type": "reply",
          "reply": {
            "id": "quiz6 (2 incorrect)",
            "title": "quiz6 (2 incorrect)"
          }
        }
      ]
    }
  }
}
2025-07-08 14:15:41,916 - INFO - IMAGE EVENT: Received response from WhatsApp API for 2347064382892 - Status: 200
2025-07-08 14:15:41,916 - INFO - IMAGE EVENT: Response content: {"messaging_product":"whatsapp","contacts":[{"input":"2347064382892","wa_id":"2347064382892"}],"messages":[{"id":"wamid.HBgNMjM0NzA2NDM4Mjg5MhUCABEYEjkyN0NDNENCQ0JBQkY5NTZFQgA="}]}
2025-07-08 14:15:41,916 - INFO - IMAGE EVENT: Successfully sent interactive message to 2347064382892
2025-07-08 14:15:48,001 - INFO - IMAGE EVENT: Full message content: {
  "context": {
    "from": "2349134774276",
    "id": "wamid.HBgNMjM0NzA2NDM4Mjg5MhUCABEYEjkyN0NDNENCQ0JBQkY5NTZFQgA="
  },
  "from": "2347064382892",
  "id": "wamid.HBgNMjM0NzA2NDM4Mjg5MhUCABIYIDc5RjI0RjM4QzI1NkEzMEQ5MkE3QjQ0QkY5ODQwQjAxAA==",
  "timestamp": "1751984147",
  "type": "interactive",
  "interactive": {
    "type": "button_reply",
    "button_reply": {
      "id": "quiz6 (2 incorrect)",
      "title": "quiz6 (2 incorrect)"
    }
  }
}
2025-07-08 14:15:48,001 - INFO - IMAGE EVENT: Received message of type 'interactive' from 2347064382892
2025-07-08 14:15:48,002 - INFO - IMAGE EVENT: Processing message wamid.HBgNMjM0NzA2NDM4Mjg5MhUCABIYIDc5RjI0RjM4QzI1NkEzMEQ5MkE3QjQ0QkY5ODQwQjAxAA== for user: <sqlite3.Row object at 0x7fab247c3db0>
2025-07-08 14:15:48,002 - INFO - IMAGE EVENT: User state: reviewing_quiz
2025-07-08 14:15:48,003 - INFO - IMAGE EVENT: Processing interactive message: {
  "type": "button_reply",
  "button_reply": {
    "id": "quiz6 (2 incorrect)",
    "title": "quiz6 (2 incorrect)"
  }
}
2025-07-08 14:15:48,003 - INFO - IMAGE EVENT: Received button reply: id=quiz6 (2 incorrect), text=quiz6 (2 incorrect)
2025-07-08 14:15:48,003 - INFO - IMAGE EVENT: Handling other button response
2025-07-08 14:15:48,003 - INFO - IMAGE EVENT: Button/List response received: id=quiz6 (2 incorrect), text=quiz6 (2 incorrect)
2025-07-08 14:15:48,458 - INFO - IMAGE EVENT: Preparing to send interactive message to 2347064382892
2025-07-08 14:15:48,459 - INFO - IMAGE EVENT: Preparing button message for 2347064382892
2025-07-08 14:15:48,459 - INFO - IMAGE EVENT: Sending request to WhatsApp API for 2347064382892
2025-07-08 14:15:48,459 - INFO - IMAGE EVENT: Request data: {
  "messaging_product": "whatsapp",
  "to": "2347064382892",
  "type": "interactive",
  "interactive": {
    "type": "button",
    "body": {
      "text": "Would you like an explanation for this question?"
    },
    "action": {
      "buttons": [
        {
          "type": "reply",
          "reply": {
            "id": "explain_yes",
            "title": "Yes"
          }
        },
        {
          "type": "reply",
          "reply": {
            "id": "explain_no",
            "title": "No"
          }
        }
      ]
    }
  }
}
2025-07-08 14:15:48,996 - INFO - IMAGE EVENT: Received response from WhatsApp API for 2347064382892 - Status: 200
2025-07-08 14:15:48,997 - INFO - IMAGE EVENT: Response content: {"messaging_product":"whatsapp","contacts":[{"input":"2347064382892","wa_id":"2347064382892"}],"messages":[{"id":"wamid.HBgNMjM0NzA2NDM4Mjg5MhUCABEYEkEwMzJGMzlDOEE5M0E0NUNERQA="}]}
2025-07-08 14:15:48,997 - INFO - IMAGE EVENT: Successfully sent interactive message to 2347064382892
2025-07-08 14:16:25,762 - INFO - IMAGE EVENT: Full message content: {
  "context": {
    "from": "2349134774276",
    "id": "wamid.HBgNMjM0NzA2NDM4Mjg5MhUCABEYEkEwMzJGMzlDOEE5M0E0NUNERQA="
  },
  "from": "2347064382892",
  "id": "wamid.HBgNMjM0NzA2NDM4Mjg5MhUCABIYIDVDRDUwOEVGQkVBQjA4OTg3MkYxRTZBN0M3NUREQkQxAA==",
  "timestamp": "1751984185",
  "type": "interactive",
  "interactive": {
    "type": "button_reply",
    "button_reply": {
      "id": "explain_yes",
      "title": "Yes"
    }
  }
}
2025-07-08 14:16:25,762 - INFO - IMAGE EVENT: Received message of type 'interactive' from 2347064382892
2025-07-08 14:16:25,766 - INFO - IMAGE EVENT: Processing message wamid.HBgNMjM0NzA2NDM4Mjg5MhUCABIYIDVDRDUwOEVGQkVBQjA4OTg3MkYxRTZBN0M3NUREQkQxAA== for user: <sqlite3.Row object at 0x7fab247c3570>
2025-07-08 14:16:25,766 - INFO - IMAGE EVENT: User state: awaiting_explanation
2025-07-08 14:16:25,767 - INFO - IMAGE EVENT: Processing interactive message: {
  "type": "button_reply",
  "button_reply": {
    "id": "explain_yes",
    "title": "Yes"
  }
}
2025-07-08 14:16:25,767 - INFO - IMAGE EVENT: Received button reply: id=explain_yes, text=Yes
2025-07-08 14:16:25,767 - INFO - IMAGE EVENT: Triggering AI chat for explanation
2025-07-08 14:16:39,377 - INFO - IMAGE EVENT: Prompting next action for 2347064382892
2025-07-08 14:16:39,377 - INFO - IMAGE EVENT: Preparing to send interactive message to 2347064382892
2025-07-08 14:16:39,377 - INFO - IMAGE EVENT: Preparing button message for 2347064382892
2025-07-08 14:16:39,377 - INFO - IMAGE EVENT: Sending request to WhatsApp API for 2347064382892
2025-07-08 14:16:39,378 - INFO - IMAGE EVENT: Request data: {
  "messaging_product": "whatsapp",
  "to": "2347064382892",
  "type": "interactive",
  "interactive": {
    "type": "button",
    "body": {
      "text": "What would you like to do next?\n\nTip: You can also type your follow-up question directly in the chat without using the button!"
    },
    "action": {
      "buttons": [
        {
          "type": "reply",
          "reply": {
            "id": "ask_followup",
            "title": "Ask follow-up"
          }
        },
        {
          "type": "reply",
          "reply": {
            "id": "next_question",
            "title": "Next Question"
          }
        },
        {
          "type": "reply",
          "reply": {
            "id": "end_chat",
            "title": "End Chat"
          }
        }
      ]
    }
  }
}
2025-07-08 14:16:39,796 - INFO - IMAGE EVENT: Received response from WhatsApp API for 2347064382892 - Status: 200
2025-07-08 14:16:39,797 - INFO - IMAGE EVENT: Response content: {"messaging_product":"whatsapp","contacts":[{"input":"2347064382892","wa_id":"2347064382892"}],"messages":[{"id":"wamid.HBgNMjM0NzA2NDM4Mjg5MhUCABEYEkM5RkMwQTIxOEZERUU2QjY2OQA="}]}
2025-07-08 14:16:39,797 - INFO - IMAGE EVENT: Successfully sent interactive message to 2347064382892
2025-07-08 14:16:39,806 - INFO - IMAGE EVENT: Updated user 2347064382892 state to awaiting_action
2025-07-08 14:19:20,386 - INFO - IMAGE EVENT: Full message content: {
  "context": {
    "from": "2349134774276",
    "id": "wamid.HBgNMjM0NzA2NDM4Mjg5MhUCABEYEkM5RkMwQTIxOEZERUU2QjY2OQA="
  },
  "from": "2347064382892",
  "id": "wamid.HBgNMjM0NzA2NDM4Mjg5MhUCABIYIDdFQjY5NjczOUQyMDYyRjdGNzZCQkZFNUUzMDM3RjNFAA==",
  "timestamp": "1751984359",
  "type": "interactive",
  "interactive": {
    "type": "button_reply",
    "button_reply": {
      "id": "end_chat",
      "title": "End Chat"
    }
  }
}
2025-07-08 14:19:20,386 - INFO - IMAGE EVENT: Received message of type 'interactive' from 2347064382892
2025-07-08 14:19:20,396 - INFO - IMAGE EVENT: Processing message wamid.HBgNMjM0NzA2NDM4Mjg5MhUCABIYIDdFQjY5NjczOUQyMDYyRjdGNzZCQkZFNUUzMDM3RjNFAA== for user: <sqlite3.Row object at 0x7fab247c35f0>
2025-07-08 14:19:20,396 - INFO - IMAGE EVENT: User state: post_explanation
2025-07-08 14:19:20,396 - INFO - IMAGE EVENT: Processing interactive message: {
  "type": "button_reply",
  "button_reply": {
    "id": "end_chat",
    "title": "End Chat"
  }
}
2025-07-08 14:19:20,397 - INFO - IMAGE EVENT: Received button reply: id=end_chat, text=End Chat
2025-07-08 14:19:20,995 - INFO - IMAGE EVENT: Presenting main options to user 2347064382892
2025-07-08 14:19:20,995 - INFO - IMAGE EVENT: Preparing to send interactive message to 2347064382892
2025-07-08 14:19:20,996 - INFO - IMAGE EVENT: Preparing button message for 2347064382892
2025-07-08 14:19:20,996 - INFO - IMAGE EVENT: Sending request to WhatsApp API for 2347064382892
2025-07-08 14:19:20,996 - INFO - IMAGE EVENT: Request data: {
  "messaging_product": "whatsapp",
  "to": "2347064382892",
  "type": "interactive",
  "interactive": {
    "type": "button",
    "body": {
      "text": "What would you like to do next?"
    },
    "action": {
      "buttons": [
        {
          "type": "reply",
          "reply": {
            "id": "quiz",
            "title": "Start Quiz"
          }
        },
        {
          "type": "reply",
          "reply": {
            "id": "records",
            "title": "Record Keeping"
          }
        },
        {
          "type": "reply",
          "reply": {
            "id": "settings",
            "title": "Settings"
          }
        }
      ]
    }
  }
}
2025-07-08 14:19:21,572 - INFO - IMAGE EVENT: Received response from WhatsApp API for 2347064382892 - Status: 200
2025-07-08 14:19:21,572 - INFO - IMAGE EVENT: Response content: {"messaging_product":"whatsapp","contacts":[{"input":"2347064382892","wa_id":"2347064382892"}],"messages":[{"id":"wamid.HBgNMjM0NzA2NDM4Mjg5MhUCABEYEjM4MjZGOEFDN0QxQjk0NjNBRAA="}]}
2025-07-08 14:19:21,572 - INFO - IMAGE EVENT: Successfully sent interactive message to 2347064382892
2025-07-08 14:26:09,536 - INFO - IMAGE EVENT: Full message content: {
  "from": "2348022107316",
  "id": "wamid.HBgNMjM0ODAyMjEwNzMxNhUCABIYIDY2RkJEOUE0MTNDMEM1RjJEQjQyOTU2QjdGMUQ1MUQxAA==",
  "timestamp": "1751984768",
  "text": {
    "body": "Hi, this is empowerlocals, you can edit this intro message!"
  },
  "type": "text"
}
2025-07-08 14:26:09,536 - INFO - IMAGE EVENT: Received message of type 'text' from 2348022107316
2025-07-08 14:26:09,537 - INFO - IMAGE EVENT: Processing message wamid.HBgNMjM0ODAyMjEwNzMxNhUCABIYIDY2RkJEOUE0MTNDMEM1RjJEQjQyOTU2QjdGMUQ1MUQxAA== for user: <sqlite3.Row object at 0x7fab247c3810>
2025-07-08 14:26:09,537 - INFO - IMAGE EVENT: User state: main_menu
2025-07-08 14:26:09,538 - INFO - IMAGE EVENT: Received text message from 2348022107316: hi, this is empowerlocals, you can edit this intro message!
2025-07-08 14:26:09,538 - INFO - IMAGE EVENT: Handling text message for 2348022107316: hi, this is empowerlocals, you can edit this intro message!
2025-07-08 14:26:27,360 - INFO - IMAGE EVENT: Full message content: {
  "context": {
    "from": "2349134774276",
    "id": "wamid.HBgNMjM0ODAyMjEwNzMxNhUCABEYEjlDMDUyOTgxMkI0N0MxM0QwNQA="
  },
  "from": "2348022107316",
  "id": "wamid.HBgNMjM0ODAyMjEwNzMxNhUCABIYIDJEMkFBRDI4NTNBNjlCM0M5QThGMDIwOTg1MzE4OTAxAA==",
  "timestamp": "1751984786",
  "type": "interactive",
  "interactive": {
    "type": "button_reply",
    "button_reply": {
      "id": "quiz",
      "title": "Start Quiz"
    }
  }
}
2025-07-08 14:26:27,360 - INFO - IMAGE EVENT: Received message of type 'interactive' from 2348022107316
2025-07-08 14:26:27,361 - INFO - IMAGE EVENT: Processing message wamid.HBgNMjM0ODAyMjEwNzMxNhUCABIYIDJEMkFBRDI4NTNBNjlCM0M5QThGMDIwOTg1MzE4OTAxAA== for user: <sqlite3.Row object at 0x7fab247c3f30>
2025-07-08 14:26:27,361 - INFO - IMAGE EVENT: User state: main_menu
2025-07-08 14:26:27,362 - INFO - IMAGE EVENT: Processing interactive message: {
  "type": "button_reply",
  "button_reply": {
    "id": "quiz",
    "title": "Start Quiz"
  }
}
2025-07-08 14:26:27,362 - INFO - IMAGE EVENT: Received button reply: id=quiz, text=Start Quiz
2025-07-08 14:26:27,362 - INFO - IMAGE EVENT: Handling other button response
2025-07-08 14:26:27,362 - INFO - IMAGE EVENT: Button/List response received: id=quiz, text=Start Quiz
2025-07-08 14:26:27,363 - INFO - IMAGE EVENT: Handling Start Quiz request for 2348022107316
2025-07-08 14:26:27,363 - INFO - IMAGE EVENT: Handling text message for 2348022107316: Start Quiz
2025-07-08 14:26:27,363 - INFO - IMAGE EVENT: Quiz selection initiated for 2348022107316 with message: Start Quiz
2025-07-08 14:26:27,872 - INFO - IMAGE EVENT: Preparing to send interactive message to 2348022107316
2025-07-08 14:26:27,873 - INFO - IMAGE EVENT: Preparing button message for 2348022107316
2025-07-08 14:26:27,873 - INFO - IMAGE EVENT: Sending request to WhatsApp API for 2348022107316
2025-07-08 14:26:27,873 - INFO - IMAGE EVENT: Request data: {
  "messaging_product": "whatsapp",
  "to": "2348022107316",
  "type": "interactive",
  "interactive": {
    "type": "button",
    "body": {
      "text": "What would you like to do?"
    },
    "action": {
      "buttons": [
        {
          "type": "reply",
          "reply": {
            "id": "quiz",
            "title": "Start Quiz"
          }
        },
        {
          "type": "reply",
          "reply": {
            "id": "quiz6",
            "title": "Start quiz6"
          }
        }
      ]
    }
  }
}
2025-07-08 14:26:28,479 - INFO - IMAGE EVENT: Received response from WhatsApp API for 2348022107316 - Status: 200
2025-07-08 14:26:28,480 - INFO - IMAGE EVENT: Response content: {"messaging_product":"whatsapp","contacts":[{"input":"2348022107316","wa_id":"2348022107316"}],"messages":[{"id":"wamid.HBgNMjM0ODAyMjEwNzMxNhUCABEYEjNFMDUxOEIyQzI4MUU5QUQxRAA="}]}
2025-07-08 14:26:28,480 - INFO - IMAGE EVENT: Successfully sent interactive message to 2348022107316
2025-07-08 14:26:37,462 - INFO - IMAGE EVENT: Full message content: {
  "context": {
    "from": "2349134774276",
    "id": "wamid.HBgNMjM0ODAyMjEwNzMxNhUCABEYEjNFMDUxOEIyQzI4MUU5QUQxRAA="
  },
  "from": "2348022107316",
  "id": "wamid.HBgNMjM0ODAyMjEwNzMxNhUCABIYIDJBQTYxNEQxN0VDNzJGQTY5Q0QxMDc2QzhGQjk5MThDAA==",
  "timestamp": "1751984796",
  "type": "interactive",
  "interactive": {
    "type": "button_reply",
    "button_reply": {
      "id": "quiz6",
      "title": "Start quiz6"
    }
  }
}
2025-07-08 14:26:37,462 - INFO - IMAGE EVENT: Received message of type 'interactive' from 2348022107316
2025-07-08 14:26:37,466 - INFO - IMAGE EVENT: Processing message wamid.HBgNMjM0ODAyMjEwNzMxNhUCABIYIDJBQTYxNEQxN0VDNzJGQTY5Q0QxMDc2QzhGQjk5MThDAA== for user: <sqlite3.Row object at 0x7fab247c36f0>
2025-07-08 14:26:37,466 - INFO - IMAGE EVENT: User state: selecting_quiz
2025-07-08 14:26:37,466 - INFO - IMAGE EVENT: Processing interactive message: {
  "type": "button_reply",
  "button_reply": {
    "id": "quiz6",
    "title": "Start quiz6"
  }
}
2025-07-08 14:26:37,467 - INFO - IMAGE EVENT: Received button reply: id=quiz6, text=Start quiz6
2025-07-08 14:26:37,467 - INFO - IMAGE EVENT: Handling other button response
2025-07-08 14:26:37,467 - INFO - IMAGE EVENT: Button/List response received: id=quiz6, text=Start quiz6
2025-07-08 14:26:37,467 - INFO - IMAGE EVENT: Unknown button/list response: quiz6 from 2348022107316
2025-07-08 14:26:37,467 - INFO - IMAGE EVENT: Handling text message for 2348022107316: Start quiz6
2025-07-08 14:26:37,467 - INFO - IMAGE EVENT: Quiz selection initiated for 2348022107316 with message: Start quiz6
2025-07-08 14:26:37,476 - INFO - IMAGE EVENT: Starting quiz6 for user 117 at question 0
2025-07-08 14:26:37,477 - INFO - IMAGE EVENT: Preparing to send interactive message to 2348022107316
2025-07-08 14:26:37,477 - INFO - IMAGE EVENT: Preparing button message for 2348022107316
2025-07-08 14:26:37,477 - INFO - IMAGE EVENT: Sending request to WhatsApp API for 2348022107316
2025-07-08 14:26:37,478 - INFO - IMAGE EVENT: Request data: {
  "messaging_product": "whatsapp",
  "to": "2348022107316",
  "type": "interactive",
  "interactive": {
    "type": "button",
    "body": {
      "text": "Question 1 out of 5:\n\nWhat is operational management primarily concerned with?\n\nA) Marketing only\nB) Day-to-day business activities\nC) Yearly planning only\n"
    },
    "action": {
      "buttons": [
        {
          "type": "reply",
          "reply": {
            "id": "option_A",
            "title": "A"
          }
        },
        {
          "type": "reply",
          "reply": {
            "id": "option_B",
            "title": "B"
          }
        },
        {
          "type": "reply",
          "reply": {
            "id": "option_C",
            "title": "C"
          }
        }
      ]
    }
  }
}
2025-07-08 14:26:37,956 - INFO - IMAGE EVENT: Received response from WhatsApp API for 2348022107316 - Status: 200
2025-07-08 14:26:37,957 - INFO - IMAGE EVENT: Response content: {"messaging_product":"whatsapp","contacts":[{"input":"2348022107316","wa_id":"2348022107316"}],"messages":[{"id":"wamid.HBgNMjM0ODAyMjEwNzMxNhUCABEYEjQyMTE3NTM3QzY5OUQ5Q0JGMgA="}]}
2025-07-08 14:26:37,957 - INFO - IMAGE EVENT: Successfully sent interactive message to 2348022107316
2025-07-08 14:27:25,865 - INFO - IMAGE EVENT: Full message content: {
  "context": {
    "from": "2349134774276",
    "id": "wamid.HBgNMjM0ODAyMjEwNzMxNhUCABEYEjQyMTE3NTM3QzY5OUQ5Q0JGMgA="
  },
  "from": "2348022107316",
  "id": "wamid.HBgNMjM0ODAyMjEwNzMxNhUCABIYIDkyOTNDNDcwQzA3MTUyRkUwNDRBMEQxQTdGOTc5MjIzAA==",
  "timestamp": "1751984845",
  "type": "interactive",
  "interactive": {
    "type": "button_reply",
    "button_reply": {
      "id": "option_B",
      "title": "B"
    }
  }
}
2025-07-08 14:27:25,865 - INFO - IMAGE EVENT: Received message of type 'interactive' from 2348022107316
2025-07-08 14:27:25,866 - INFO - IMAGE EVENT: Processing message wamid.HBgNMjM0ODAyMjEwNzMxNhUCABIYIDkyOTNDNDcwQzA3MTUyRkUwNDRBMEQxQTdGOTc5MjIzAA== for user: <sqlite3.Row object at 0x7fab247c3610>
2025-07-08 14:27:25,866 - INFO - IMAGE EVENT: User state: quiz_0
2025-07-08 14:27:25,867 - INFO - IMAGE EVENT: Processing interactive message: {
  "type": "button_reply",
  "button_reply": {
    "id": "option_B",
    "title": "B"
  }
}
2025-07-08 14:27:25,867 - INFO - IMAGE EVENT: Received button reply: id=option_B, text=B
2025-07-08 14:27:25,867 - INFO - IMAGE EVENT: Handling other button response
2025-07-08 14:27:25,867 - INFO - IMAGE EVENT: Button/List response received: id=option_B, text=B
2025-07-08 14:27:25,867 - INFO - IMAGE EVENT: Unknown button/list response: option_B from 2348022107316
2025-07-08 14:27:25,867 - INFO - IMAGE EVENT: Handling text message for 2348022107316: B
2025-07-08 14:27:25,868 - INFO - IMAGE EVENT: Handling quiz response for 2348022107316: B
2025-07-08 14:27:25,868 - INFO - IMAGE EVENT: User 117 answered question 1 correctly
2025-07-08 14:27:25,868 - INFO - IMAGE EVENT: Inserted response for user 117: question 1, correct=1, quiz=quiz6
2025-07-08 14:27:26,521 - INFO - IMAGE EVENT: Moving to next question. New index: 1
2025-07-08 14:27:26,527 - INFO - IMAGE EVENT: Preparing to send interactive message to 2348022107316
2025-07-08 14:27:26,528 - INFO - IMAGE EVENT: Preparing button message for 2348022107316
2025-07-08 14:27:26,528 - INFO - IMAGE EVENT: Sending request to WhatsApp API for 2348022107316
2025-07-08 14:27:26,528 - INFO - IMAGE EVENT: Request data: {
  "messaging_product": "whatsapp",
  "to": "2348022107316",
  "type": "interactive",
  "interactive": {
    "type": "button",
    "body": {
      "text": "Question 2 out of 5:\n\nWhich is a key component of supply chain management?\n\nA) Social media marketing\nB) Supplier relationships\nC) Employee salaries\n"
    },
    "action": {
      "buttons": [
        {
          "type": "reply",
          "reply": {
            "id": "option_A",
            "title": "A"
          }
        },
        {
          "type": "reply",
          "reply": {
            "id": "option_B",
            "title": "B"
          }
        },
        {
          "type": "reply",
          "reply": {
            "id": "option_C",
            "title": "C"
          }
        }
      ]
    }
  }
}
2025-07-08 14:27:26,991 - INFO - IMAGE EVENT: Received response from WhatsApp API for 2348022107316 - Status: 200
2025-07-08 14:27:26,992 - INFO - IMAGE EVENT: Response content: {"messaging_product":"whatsapp","contacts":[{"input":"2348022107316","wa_id":"2348022107316"}],"messages":[{"id":"wamid.HBgNMjM0ODAyMjEwNzMxNhUCABEYEkZEQjI2OTEwRkUyODg5NjNDNQA="}]}
2025-07-08 14:27:27,054 - INFO - IMAGE EVENT: Successfully sent interactive message to 2348022107316
2025-07-08 14:27:58,579 - INFO - IMAGE EVENT: Full message content: {
  "context": {
    "from": "2349134774276",
    "id": "wamid.HBgNMjM0ODAyMjEwNzMxNhUCABEYEkZEQjI2OTEwRkUyODg5NjNDNQA="
  },
  "from": "2348022107316",
  "id": "wamid.HBgNMjM0ODAyMjEwNzMxNhUCABIYIDM2QTBGQzVBNTc3NzE1MDA2MzYzMTJEMTRENjI3RkNGAA==",
  "timestamp": "1751984877",
  "type": "interactive",
  "interactive": {
    "type": "button_reply",
    "button_reply": {
      "id": "option_B",
      "title": "B"
    }
  }
}
2025-07-08 14:27:58,580 - INFO - IMAGE EVENT: Received message of type 'interactive' from 2348022107316
2025-07-08 14:27:58,580 - INFO - IMAGE EVENT: Processing message wamid.HBgNMjM0ODAyMjEwNzMxNhUCABIYIDM2QTBGQzVBNTc3NzE1MDA2MzYzMTJEMTRENjI3RkNGAA== for user: <sqlite3.Row object at 0x7fab247c3810>
2025-07-08 14:27:58,581 - INFO - IMAGE EVENT: User state: quiz_1
2025-07-08 14:27:58,581 - INFO - IMAGE EVENT: Processing interactive message: {
  "type": "button_reply",
  "button_reply": {
    "id": "option_B",
    "title": "B"
  }
}
2025-07-08 14:27:58,582 - INFO - IMAGE EVENT: Received button reply: id=option_B, text=B
2025-07-08 14:27:58,582 - INFO - IMAGE EVENT: Handling other button response
2025-07-08 14:27:58,582 - INFO - IMAGE EVENT: Button/List response received: id=option_B, text=B
2025-07-08 14:27:58,584 - INFO - IMAGE EVENT: Unknown button/list response: option_B from 2348022107316
2025-07-08 14:27:58,584 - INFO - IMAGE EVENT: Handling text message for 2348022107316: B
2025-07-08 14:27:58,584 - INFO - IMAGE EVENT: Handling quiz response for 2348022107316: B
2025-07-08 14:27:58,585 - INFO - IMAGE EVENT: User 117 answered question 2 correctly
2025-07-08 14:27:58,585 - INFO - IMAGE EVENT: Inserted response for user 117: question 2, correct=1, quiz=quiz6
2025-07-08 14:27:59,200 - INFO - IMAGE EVENT: Moving to next question. New index: 2
2025-07-08 14:27:59,260 - INFO - IMAGE EVENT: Preparing to send interactive message to 2348022107316
2025-07-08 14:27:59,260 - INFO - IMAGE EVENT: Preparing button message for 2348022107316
2025-07-08 14:27:59,260 - INFO - IMAGE EVENT: Sending request to WhatsApp API for 2348022107316
2025-07-08 14:27:59,261 - INFO - IMAGE EVENT: Request data: {
  "messaging_product": "whatsapp",
  "to": "2348022107316",
  "type": "interactive",
  "interactive": {
    "type": "button",
    "body": {
      "text": "Question 3 out of 5:\n\nWhat is the first step in process mapping?\n\nA) Hiring staff\nB) Identifying core processes\nC) Buying equipment\n"
    },
    "action": {
      "buttons": [
        {
          "type": "reply",
          "reply": {
            "id": "option_A",
            "title": "A"
          }
        },
        {
          "type": "reply",
          "reply": {
            "id": "option_B",
            "title": "B"
          }
        },
        {
          "type": "reply",
          "reply": {
            "id": "option_C",
            "title": "C"
          }
        }
      ]
    }
  }
}
2025-07-08 14:27:59,699 - INFO - IMAGE EVENT: Received response from WhatsApp API for 2348022107316 - Status: 200
2025-07-08 14:27:59,700 - INFO - IMAGE EVENT: Response content: {"messaging_product":"whatsapp","contacts":[{"input":"2348022107316","wa_id":"2348022107316"}],"messages":[{"id":"wamid.HBgNMjM0ODAyMjEwNzMxNhUCABEYEjkyODQ0NjVDNERDREI3RDMxMwA="}]}
2025-07-08 14:27:59,700 - INFO - IMAGE EVENT: Successfully sent interactive message to 2348022107316
2025-07-08 14:30:11,063 - INFO - IMAGE EVENT: Full message content: {
  "context": {
    "from": "2349134774276",
    "id": "wamid.HBgNMjM0ODAyMjEwNzMxNhUCABEYEjkyODQ0NjVDNERDREI3RDMxMwA="
  },
  "from": "2348022107316",
  "id": "wamid.HBgNMjM0ODAyMjEwNzMxNhUCABIYIDEwRUU5QjQ2RkI0MTlDMEQ3OUUzMEI1N0VEQjc1OEQ0AA==",
  "timestamp": "1751985010",
  "type": "interactive",
  "interactive": {
    "type": "button_reply",
    "button_reply": {
      "id": "option_B",
      "title": "B"
    }
  }
}
2025-07-08 14:30:11,064 - INFO - IMAGE EVENT: Received message of type 'interactive' from 2348022107316
2025-07-08 14:30:11,065 - INFO - IMAGE EVENT: Processing message wamid.HBgNMjM0ODAyMjEwNzMxNhUCABIYIDEwRUU5QjQ2RkI0MTlDMEQ3OUUzMEI1N0VEQjc1OEQ0AA== for user: <sqlite3.Row object at 0x7fab247c3270>
2025-07-08 14:30:11,066 - INFO - IMAGE EVENT: User state: quiz_2
2025-07-08 14:30:11,066 - INFO - IMAGE EVENT: Processing interactive message: {
  "type": "button_reply",
  "button_reply": {
    "id": "option_B",
    "title": "B"
  }
}
2025-07-08 14:30:11,066 - INFO - IMAGE EVENT: Received button reply: id=option_B, text=B
2025-07-08 14:30:11,067 - INFO - IMAGE EVENT: Handling other button response
2025-07-08 14:30:11,082 - INFO - IMAGE EVENT: Button/List response received: id=option_B, text=B
2025-07-08 14:30:11,083 - INFO - IMAGE EVENT: Unknown button/list response: option_B from 2348022107316
2025-07-08 14:30:11,083 - INFO - IMAGE EVENT: Handling text message for 2348022107316: B
2025-07-08 14:30:11,083 - INFO - IMAGE EVENT: Handling quiz response for 2348022107316: B
2025-07-08 14:30:11,084 - INFO - IMAGE EVENT: User 117 answered question 3 correctly
2025-07-08 14:30:11,085 - INFO - IMAGE EVENT: Inserted response for user 117: question 3, correct=1, quiz=quiz6
2025-07-08 14:30:11,671 - INFO - IMAGE EVENT: Moving to next question. New index: 3
2025-07-08 14:30:13,682 - INFO - IMAGE EVENT: Preparing to send interactive message to 2348022107316
2025-07-08 14:30:13,682 - INFO - IMAGE EVENT: Preparing button message for 2348022107316
2025-07-08 14:30:13,683 - INFO - IMAGE EVENT: Sending request to WhatsApp API for 2348022107316
2025-07-08 14:30:13,683 - INFO - IMAGE EVENT: Request data: {
  "messaging_product": "whatsapp",
  "to": "2348022107316",
  "type": "interactive",
  "interactive": {
    "type": "button",
    "body": {
      "text": "Question 4 out of 5:\n\nHow should technology adoption be approached?\n\nA) Buy the most expensive option\nB) Ignore it completely\nC) Based on cost-benefit analysis\n"
    },
    "action": {
      "buttons": [
        {
          "type": "reply",
          "reply": {
            "id": "option_A",
            "title": "A"
          }
        },
        {
          "type": "reply",
          "reply": {
            "id": "option_B",
            "title": "B"
          }
        },
        {
          "type": "reply",
          "reply": {
            "id": "option_C",
            "title": "C"
          }
        }
      ]
    }
  }
}
2025-07-08 14:30:14,271 - INFO - IMAGE EVENT: Received response from WhatsApp API for 2348022107316 - Status: 200
2025-07-08 14:30:14,272 - INFO - IMAGE EVENT: Response content: {"messaging_product":"whatsapp","contacts":[{"input":"2348022107316","wa_id":"2348022107316"}],"messages":[{"id":"wamid.HBgNMjM0ODAyMjEwNzMxNhUCABEYEjU3OEQyMThDQTRBOTJFRTE1NQA="}]}
2025-07-08 14:30:14,272 - INFO - IMAGE EVENT: Successfully sent interactive message to 2348022107316
2025-07-08 14:30:37,359 - INFO - IMAGE EVENT: Full message content: {
  "context": {
    "from": "2349134774276",
    "id": "wamid.HBgNMjM0ODAyMjEwNzMxNhUCABEYEjU3OEQyMThDQTRBOTJFRTE1NQA="
  },
  "from": "2348022107316",
  "id": "wamid.HBgNMjM0ODAyMjEwNzMxNhUCABIYIDhFQTUwOUE4RjQyQUE0QjZCQzAxOUU0NjEzN0RGRjBEAA==",
  "timestamp": "1751985036",
  "type": "interactive",
  "interactive": {
    "type": "button_reply",
    "button_reply": {
      "id": "option_C",
      "title": "C"
    }
  }
}
2025-07-08 14:30:37,364 - INFO - IMAGE EVENT: Received message of type 'interactive' from 2348022107316
2025-07-08 14:30:37,367 - INFO - IMAGE EVENT: Processing message wamid.HBgNMjM0ODAyMjEwNzMxNhUCABIYIDhFQTUwOUE4RjQyQUE0QjZCQzAxOUU0NjEzN0RGRjBEAA== for user: <sqlite3.Row object at 0x7fab247c3ed0>
2025-07-08 14:30:37,367 - INFO - IMAGE EVENT: User state: quiz_3
2025-07-08 14:30:37,370 - INFO - IMAGE EVENT: Processing interactive message: {
  "type": "button_reply",
  "button_reply": {
    "id": "option_C",
    "title": "C"
  }
}
2025-07-08 14:30:37,371 - INFO - IMAGE EVENT: Received button reply: id=option_C, text=C
2025-07-08 14:30:37,371 - INFO - IMAGE EVENT: Handling other button response
2025-07-08 14:30:37,371 - INFO - IMAGE EVENT: Button/List response received: id=option_C, text=C
2025-07-08 14:30:37,372 - INFO - IMAGE EVENT: Unknown button/list response: option_C from 2348022107316
2025-07-08 14:30:37,372 - INFO - IMAGE EVENT: Handling text message for 2348022107316: C
2025-07-08 14:30:37,372 - INFO - IMAGE EVENT: Handling quiz response for 2348022107316: C
2025-07-08 14:30:37,373 - INFO - IMAGE EVENT: User 117 answered question 4 correctly
2025-07-08 14:30:37,373 - INFO - IMAGE EVENT: Inserted response for user 117: question 4, correct=1, quiz=quiz6
2025-07-08 14:30:38,060 - INFO - IMAGE EVENT: Moving to next question. New index: 4
2025-07-08 14:30:38,068 - INFO - IMAGE EVENT: Preparing to send interactive message to 2348022107316
2025-07-08 14:30:38,068 - INFO - IMAGE EVENT: Preparing button message for 2348022107316
2025-07-08 14:30:38,068 - INFO - IMAGE EVENT: Sending request to WhatsApp API for 2348022107316
2025-07-08 14:30:38,068 - INFO - IMAGE EVENT: Request data: {
  "messaging_product": "whatsapp",
  "to": "2348022107316",
  "type": "interactive",
  "interactive": {
    "type": "button",
    "body": {
      "text": "Question 5 out of 5:\n\nWhat is the primary goal of quality control?\n\nA) Increasing prices\nB) Maintaining standards\nC) Reducing staff\n"
    },
    "action": {
      "buttons": [
        {
          "type": "reply",
          "reply": {
            "id": "option_A",
            "title": "A"
          }
        },
        {
          "type": "reply",
          "reply": {
            "id": "option_B",
            "title": "B"
          }
        },
        {
          "type": "reply",
          "reply": {
            "id": "option_C",
            "title": "C"
          }
        }
      ]
    }
  }
}
2025-07-08 14:30:38,756 - INFO - IMAGE EVENT: Received response from WhatsApp API for 2348022107316 - Status: 200
2025-07-08 14:30:38,757 - INFO - IMAGE EVENT: Response content: {"messaging_product":"whatsapp","contacts":[{"input":"2348022107316","wa_id":"2348022107316"}],"messages":[{"id":"wamid.HBgNMjM0ODAyMjEwNzMxNhUCABEYEkUyQTgxMTVGOTc4MzhDMUEwOQA="}]}
2025-07-08 14:30:38,757 - INFO - IMAGE EVENT: Successfully sent interactive message to 2348022107316
2025-07-08 14:31:12,470 - INFO - IMAGE EVENT: Full message content: {
  "from": "2348054912544",
  "id": "wamid.HBgNMjM0ODA1NDkxMjU0NBUCABIYIEJDQTlGNzRBMkZEREI5NTU5RTg1NjFDRDFCRDI4M0EyAA==",
  "timestamp": "1751985071",
  "text": {
    "body": "Hi, this is empowerlocals, you can edit this intro message!"
  },
  "type": "text"
}
2025-07-08 14:31:12,481 - INFO - IMAGE EVENT: Received message of type 'text' from 2348054912544
2025-07-08 14:31:12,484 - INFO - IMAGE EVENT: Processing message wamid.HBgNMjM0ODA1NDkxMjU0NBUCABIYIEJDQTlGNzRBMkZEREI5NTU5RTg1NjFDRDFCRDI4M0EyAA== for user: <sqlite3.Row object at 0x7fab247c3530>
2025-07-08 14:31:12,484 - INFO - IMAGE EVENT: User state: selecting_quiz
2025-07-08 14:31:12,484 - INFO - IMAGE EVENT: Received text message from 2348054912544: hi, this is empowerlocals, you can edit this intro message!
2025-07-08 14:31:12,485 - INFO - IMAGE EVENT: Handling text message for 2348054912544: hi, this is empowerlocals, you can edit this intro message!
2025-07-08 14:31:12,485 - INFO - IMAGE EVENT: Quiz selection initiated for 2348054912544 with message: hi, this is empowerlocals, you can edit this intro message!
2025-07-08 14:31:13,418 - INFO - IMAGE EVENT: Preparing to send interactive message to 2348054912544
2025-07-08 14:31:13,419 - INFO - IMAGE EVENT: Preparing button message for 2348054912544
2025-07-08 14:31:13,419 - INFO - IMAGE EVENT: Sending request to WhatsApp API for 2348054912544
2025-07-08 14:31:13,419 - INFO - IMAGE EVENT: Request data: {
  "messaging_product": "whatsapp",
  "to": "2348054912544",
  "type": "interactive",
  "interactive": {
    "type": "button",
    "body": {
      "text": "What would you like to do?"
    },
    "action": {
      "buttons": [
        {
          "type": "reply",
          "reply": {
            "id": "quiz",
            "title": "Start Quiz"
          }
        },
        {
          "type": "reply",
          "reply": {
            "id": "quiz6",
            "title": "Start quiz6"
          }
        }
      ]
    }
  }
}
2025-07-08 14:31:13,746 - INFO - IMAGE EVENT: Received response from WhatsApp API for 2348054912544 - Status: 200
2025-07-08 14:31:13,747 - INFO - IMAGE EVENT: Response content: {"messaging_product":"whatsapp","contacts":[{"input":"2348054912544","wa_id":"2348054912544"}],"messages":[{"id":"wamid.HBgNMjM0ODA1NDkxMjU0NBUCABEYEjRFM0I3Q0RGQzIxMEI3MDI1MAA="}]}
2025-07-08 14:31:13,748 - INFO - IMAGE EVENT: Successfully sent interactive message to 2348054912544
2025-07-08 14:31:18,833 - INFO - IMAGE EVENT: Full message content: {
  "context": {
    "from": "2349134774276",
    "id": "wamid.HBgNMjM0ODA1NDkxMjU0NBUCABEYEjRFM0I3Q0RGQzIxMEI3MDI1MAA="
  },
  "from": "2348054912544",
  "id": "wamid.HBgNMjM0ODA1NDkxMjU0NBUCABIYIDFDQUFBRTFFNDUxQzJBMjQyNzczOTA3NTA5QUVBOUU4AA==",
  "timestamp": "1751985078",
  "type": "interactive",
  "interactive": {
    "type": "button_reply",
    "button_reply": {
      "id": "quiz6",
      "title": "Start quiz6"
    }
  }
}
2025-07-08 14:31:18,834 - INFO - IMAGE EVENT: Received message of type 'interactive' from 2348054912544
2025-07-08 14:31:18,835 - INFO - IMAGE EVENT: Processing message wamid.HBgNMjM0ODA1NDkxMjU0NBUCABIYIDFDQUFBRTFFNDUxQzJBMjQyNzczOTA3NTA5QUVBOUU4AA== for user: <sqlite3.Row object at 0x7fab247c34f0>
2025-07-08 14:31:18,835 - INFO - IMAGE EVENT: User state: selecting_quiz
2025-07-08 14:31:18,835 - INFO - IMAGE EVENT: Processing interactive message: {
  "type": "button_reply",
  "button_reply": {
    "id": "quiz6",
    "title": "Start quiz6"
  }
}
2025-07-08 14:31:18,835 - INFO - IMAGE EVENT: Received button reply: id=quiz6, text=Start quiz6
2025-07-08 14:31:18,835 - INFO - IMAGE EVENT: Handling other button response
2025-07-08 14:31:18,836 - INFO - IMAGE EVENT: Button/List response received: id=quiz6, text=Start quiz6
2025-07-08 14:31:18,836 - INFO - IMAGE EVENT: Unknown button/list response: quiz6 from 2348054912544
2025-07-08 14:31:18,836 - INFO - IMAGE EVENT: Handling text message for 2348054912544: Start quiz6
2025-07-08 14:31:18,836 - INFO - IMAGE EVENT: Quiz selection initiated for 2348054912544 with message: Start quiz6
2025-07-08 14:31:18,842 - INFO - IMAGE EVENT: Starting quiz6 for user 201 at question 0
2025-07-08 14:31:18,842 - INFO - IMAGE EVENT: Preparing to send interactive message to 2348054912544
2025-07-08 14:31:18,842 - INFO - IMAGE EVENT: Preparing button message for 2348054912544
2025-07-08 14:31:18,843 - INFO - IMAGE EVENT: Sending request to WhatsApp API for 2348054912544
2025-07-08 14:31:18,843 - INFO - IMAGE EVENT: Request data: {
  "messaging_product": "whatsapp",
  "to": "2348054912544",
  "type": "interactive",
  "interactive": {
    "type": "button",
    "body": {
      "text": "Question 1 out of 5:\n\nWhat is operational management primarily concerned with?\n\nA) Marketing only\nB) Day-to-day business activities\nC) Yearly planning only\n"
    },
    "action": {
      "buttons": [
        {
          "type": "reply",
          "reply": {
            "id": "option_A",
            "title": "A"
          }
        },
        {
          "type": "reply",
          "reply": {
            "id": "option_B",
            "title": "B"
          }
        },
        {
          "type": "reply",
          "reply": {
            "id": "option_C",
            "title": "C"
          }
        }
      ]
    }
  }
}
2025-07-08 14:31:19,191 - INFO - IMAGE EVENT: Received response from WhatsApp API for 2348054912544 - Status: 200
2025-07-08 14:31:19,191 - INFO - IMAGE EVENT: Response content: {"messaging_product":"whatsapp","contacts":[{"input":"2348054912544","wa_id":"2348054912544"}],"messages":[{"id":"wamid.HBgNMjM0ODA1NDkxMjU0NBUCABEYEjQxQTJBNDA2Rjk5MTdEN0VFNwA="}]}
2025-07-08 14:31:19,191 - INFO - IMAGE EVENT: Successfully sent interactive message to 2348054912544
2025-07-08 14:31:40,181 - INFO - IMAGE EVENT: Full message content: {
  "context": {
    "from": "2349134774276",
    "id": "wamid.HBgNMjM0ODA1NDkxMjU0NBUCABEYEjQxQTJBNDA2Rjk5MTdEN0VFNwA="
  },
  "from": "2348054912544",
  "id": "wamid.HBgNMjM0ODA1NDkxMjU0NBUCABIYIEJBOTVBOTA0QUQyRjgzMUVDQTEyREEzNjM2MDU1MkE1AA==",
  "timestamp": "1751985099",
  "type": "interactive",
  "interactive": {
    "type": "button_reply",
    "button_reply": {
      "id": "option_B",
      "title": "B"
    }
  }
}
2025-07-08 14:31:40,181 - INFO - IMAGE EVENT: Received message of type 'interactive' from 2348054912544
2025-07-08 14:31:40,182 - INFO - IMAGE EVENT: Processing message wamid.HBgNMjM0ODA1NDkxMjU0NBUCABIYIEJBOTVBOTA0QUQyRjgzMUVDQTEyREEzNjM2MDU1MkE1AA== for user: <sqlite3.Row object at 0x7fab247c3df0>
2025-07-08 14:31:40,182 - INFO - IMAGE EVENT: User state: quiz_0
2025-07-08 14:31:40,186 - INFO - IMAGE EVENT: Processing interactive message: {
  "type": "button_reply",
  "button_reply": {
    "id": "option_B",
    "title": "B"
  }
}
2025-07-08 14:31:40,186 - INFO - IMAGE EVENT: Received button reply: id=option_B, text=B
2025-07-08 14:31:40,187 - INFO - IMAGE EVENT: Handling other button response
2025-07-08 14:31:40,187 - INFO - IMAGE EVENT: Button/List response received: id=option_B, text=B
2025-07-08 14:31:40,187 - INFO - IMAGE EVENT: Unknown button/list response: option_B from 2348054912544
2025-07-08 14:31:40,187 - INFO - IMAGE EVENT: Handling text message for 2348054912544: B
2025-07-08 14:31:40,187 - INFO - IMAGE EVENT: Handling quiz response for 2348054912544: B
2025-07-08 14:31:40,188 - INFO - IMAGE EVENT: User 201 answered question 1 correctly
2025-07-08 14:31:40,188 - INFO - IMAGE EVENT: Inserted response for user 201: question 1, correct=1, quiz=quiz6
2025-07-08 14:31:40,571 - INFO - IMAGE EVENT: Moving to next question. New index: 1
2025-07-08 14:31:40,673 - INFO - IMAGE EVENT: Preparing to send interactive message to 2348054912544
2025-07-08 14:31:40,673 - INFO - IMAGE EVENT: Preparing button message for 2348054912544
2025-07-08 14:31:40,674 - INFO - IMAGE EVENT: Sending request to WhatsApp API for 2348054912544
2025-07-08 14:31:40,676 - INFO - IMAGE EVENT: Request data: {
  "messaging_product": "whatsapp",
  "to": "2348054912544",
  "type": "interactive",
  "interactive": {
    "type": "button",
    "body": {
      "text": "Question 2 out of 5:\n\nWhich is a key component of supply chain management?\n\nA) Social media marketing\nB) Supplier relationships\nC) Employee salaries\n"
    },
    "action": {
      "buttons": [
        {
          "type": "reply",
          "reply": {
            "id": "option_A",
            "title": "A"
          }
        },
        {
          "type": "reply",
          "reply": {
            "id": "option_B",
            "title": "B"
          }
        },
        {
          "type": "reply",
          "reply": {
            "id": "option_C",
            "title": "C"
          }
        }
      ]
    }
  }
}
2025-07-08 14:31:41,066 - INFO - IMAGE EVENT: Received response from WhatsApp API for 2348054912544 - Status: 200
2025-07-08 14:31:41,161 - INFO - IMAGE EVENT: Response content: {"messaging_product":"whatsapp","contacts":[{"input":"2348054912544","wa_id":"2348054912544"}],"messages":[{"id":"wamid.HBgNMjM0ODA1NDkxMjU0NBUCABEYEjhCNkZFMTQyRDk4NzNEM0RFMQA="}]}
2025-07-08 14:31:41,162 - INFO - IMAGE EVENT: Successfully sent interactive message to 2348054912544
2025-07-08 14:31:51,881 - INFO - IMAGE EVENT: Full message content: {
  "context": {
    "from": "2349134774276",
    "id": "wamid.HBgNMjM0ODA1NDkxMjU0NBUCABEYEjhCNkZFMTQyRDk4NzNEM0RFMQA="
  },
  "from": "2348054912544",
  "id": "wamid.HBgNMjM0ODA1NDkxMjU0NBUCABIYIDYwMzhENkMwREVGRUIwQjFFRkY2RjI1QzE4RTVBOEEyAA==",
  "timestamp": "1751985111",
  "type": "interactive",
  "interactive": {
    "type": "button_reply",
    "button_reply": {
      "id": "option_B",
      "title": "B"
    }
  }
}
2025-07-08 14:31:51,882 - INFO - IMAGE EVENT: Received message of type 'interactive' from 2348054912544
2025-07-08 14:31:51,883 - INFO - IMAGE EVENT: Processing message wamid.HBgNMjM0ODA1NDkxMjU0NBUCABIYIDYwMzhENkMwREVGRUIwQjFFRkY2RjI1QzE4RTVBOEEyAA== for user: <sqlite3.Row object at 0x7fab247c35f0>
2025-07-08 14:31:51,883 - INFO - IMAGE EVENT: User state: quiz_1
2025-07-08 14:31:51,884 - INFO - IMAGE EVENT: Processing interactive message: {
  "type": "button_reply",
  "button_reply": {
    "id": "option_B",
    "title": "B"
  }
}
2025-07-08 14:31:51,884 - INFO - IMAGE EVENT: Received button reply: id=option_B, text=B
2025-07-08 14:31:51,885 - INFO - IMAGE EVENT: Handling other button response
2025-07-08 14:31:51,885 - INFO - IMAGE EVENT: Button/List response received: id=option_B, text=B
2025-07-08 14:31:51,885 - INFO - IMAGE EVENT: Unknown button/list response: option_B from 2348054912544
2025-07-08 14:31:51,886 - INFO - IMAGE EVENT: Handling text message for 2348054912544: B
2025-07-08 14:31:51,890 - INFO - IMAGE EVENT: Handling quiz response for 2348054912544: B
2025-07-08 14:31:51,891 - INFO - IMAGE EVENT: User 201 answered question 2 correctly
2025-07-08 14:31:51,892 - INFO - IMAGE EVENT: Inserted response for user 201: question 2, correct=1, quiz=quiz6
2025-07-08 14:31:52,404 - INFO - IMAGE EVENT: Moving to next question. New index: 2
2025-07-08 14:31:52,412 - INFO - IMAGE EVENT: Preparing to send interactive message to 2348054912544
2025-07-08 14:31:52,454 - INFO - IMAGE EVENT: Preparing button message for 2348054912544
2025-07-08 14:31:52,455 - INFO - IMAGE EVENT: Sending request to WhatsApp API for 2348054912544
2025-07-08 14:31:52,455 - INFO - IMAGE EVENT: Request data: {
  "messaging_product": "whatsapp",
  "to": "2348054912544",
  "type": "interactive",
  "interactive": {
    "type": "button",
    "body": {
      "text": "Question 3 out of 5:\n\nWhat is the first step in process mapping?\n\nA) Hiring staff\nB) Identifying core processes\nC) Buying equipment\n"
    },
    "action": {
      "buttons": [
        {
          "type": "reply",
          "reply": {
            "id": "option_A",
            "title": "A"
          }
        },
        {
          "type": "reply",
          "reply": {
            "id": "option_B",
            "title": "B"
          }
        },
        {
          "type": "reply",
          "reply": {
            "id": "option_C",
            "title": "C"
          }
        }
      ]
    }
  }
}
2025-07-08 14:31:52,919 - INFO - IMAGE EVENT: Received response from WhatsApp API for 2348054912544 - Status: 200
2025-07-08 14:31:52,920 - INFO - IMAGE EVENT: Response content: {"messaging_product":"whatsapp","contacts":[{"input":"2348054912544","wa_id":"2348054912544"}],"messages":[{"id":"wamid.HBgNMjM0ODA1NDkxMjU0NBUCABEYEjBDQkNEMDNCMzk5NTUyM0YwMwA="}]}
2025-07-08 14:31:52,920 - INFO - IMAGE EVENT: Successfully sent interactive message to 2348054912544
2025-07-08 14:32:06,864 - INFO - IMAGE EVENT: Full message content: {
  "context": {
    "from": "2349134774276",
    "id": "wamid.HBgNMjM0ODA1NDkxMjU0NBUCABEYEjBDQkNEMDNCMzk5NTUyM0YwMwA="
  },
  "from": "2348054912544",
  "id": "wamid.HBgNMjM0ODA1NDkxMjU0NBUCABIYIEFCRDE0RDUzNUYzQjk5MTRGMjc3NjczM0E3OENEMTQ1AA==",
  "timestamp": "1751985126",
  "type": "interactive",
  "interactive": {
    "type": "button_reply",
    "button_reply": {
      "id": "option_B",
      "title": "B"
    }
  }
}
2025-07-08 14:32:06,865 - INFO - IMAGE EVENT: Received message of type 'interactive' from 2348054912544
2025-07-08 14:32:06,866 - INFO - IMAGE EVENT: Processing message wamid.HBgNMjM0ODA1NDkxMjU0NBUCABIYIEFCRDE0RDUzNUYzQjk5MTRGMjc3NjczM0E3OENEMTQ1AA== for user: <sqlite3.Row object at 0x7fab247c3530>
2025-07-08 14:32:06,866 - INFO - IMAGE EVENT: User state: quiz_2
2025-07-08 14:32:06,866 - INFO - IMAGE EVENT: Processing interactive message: {
  "type": "button_reply",
  "button_reply": {
    "id": "option_B",
    "title": "B"
  }
}
2025-07-08 14:32:06,866 - INFO - IMAGE EVENT: Received button reply: id=option_B, text=B
2025-07-08 14:32:06,867 - INFO - IMAGE EVENT: Handling other button response
2025-07-08 14:32:06,867 - INFO - IMAGE EVENT: Button/List response received: id=option_B, text=B
2025-07-08 14:32:06,867 - INFO - IMAGE EVENT: Unknown button/list response: option_B from 2348054912544
2025-07-08 14:32:06,867 - INFO - IMAGE EVENT: Handling text message for 2348054912544: B
2025-07-08 14:32:06,867 - INFO - IMAGE EVENT: Handling quiz response for 2348054912544: B
2025-07-08 14:32:06,868 - INFO - IMAGE EVENT: User 201 answered question 3 correctly
2025-07-08 14:32:06,868 - INFO - IMAGE EVENT: Inserted response for user 201: question 3, correct=1, quiz=quiz6
2025-07-08 14:32:07,273 - INFO - IMAGE EVENT: Moving to next question. New index: 3
2025-07-08 14:32:07,283 - INFO - IMAGE EVENT: Preparing to send interactive message to 2348054912544
2025-07-08 14:32:07,283 - INFO - IMAGE EVENT: Preparing button message for 2348054912544
2025-07-08 14:32:07,283 - INFO - IMAGE EVENT: Sending request to WhatsApp API for 2348054912544
2025-07-08 14:32:07,284 - INFO - IMAGE EVENT: Request data: {
  "messaging_product": "whatsapp",
  "to": "2348054912544",
  "type": "interactive",
  "interactive": {
    "type": "button",
    "body": {
      "text": "Question 4 out of 5:\n\nHow should technology adoption be approached?\n\nA) Buy the most expensive option\nB) Ignore it completely\nC) Based on cost-benefit analysis\n"
    },
    "action": {
      "buttons": [
        {
          "type": "reply",
          "reply": {
            "id": "option_A",
            "title": "A"
          }
        },
        {
          "type": "reply",
          "reply": {
            "id": "option_B",
            "title": "B"
          }
        },
        {
          "type": "reply",
          "reply": {
            "id": "option_C",
            "title": "C"
          }
        }
      ]
    }
  }
}
2025-07-08 14:32:07,807 - INFO - IMAGE EVENT: Received response from WhatsApp API for 2348054912544 - Status: 200
2025-07-08 14:32:07,808 - INFO - IMAGE EVENT: Response content: {"messaging_product":"whatsapp","contacts":[{"input":"2348054912544","wa_id":"2348054912544"}],"messages":[{"id":"wamid.HBgNMjM0ODA1NDkxMjU0NBUCABEYEkE5RjY3ODNBOEU2QjczNEI1QwA="}]}
2025-07-08 14:32:07,864 - INFO - IMAGE EVENT: Successfully sent interactive message to 2348054912544
2025-07-08 14:32:25,081 - INFO - IMAGE EVENT: Full message content: {
  "context": {
    "from": "2349134774276",
    "id": "wamid.HBgNMjM0ODA1NDkxMjU0NBUCABEYEkE5RjY3ODNBOEU2QjczNEI1QwA="
  },
  "from": "2348054912544",
  "id": "wamid.HBgNMjM0ODA1NDkxMjU0NBUCABIYIDI0NzkyQjI5OEMyMzE5Qzk0OTQ2RjdCQkNFQTNCM0RFAA==",
  "timestamp": "1751985144",
  "type": "interactive",
  "interactive": {
    "type": "button_reply",
    "button_reply": {
      "id": "option_C",
      "title": "C"
    }
  }
}
2025-07-08 14:32:25,081 - INFO - IMAGE EVENT: Received message of type 'interactive' from 2348054912544
2025-07-08 14:32:25,158 - INFO - IMAGE EVENT: Processing message wamid.HBgNMjM0ODA1NDkxMjU0NBUCABIYIDI0NzkyQjI5OEMyMzE5Qzk0OTQ2RjdCQkNFQTNCM0RFAA== for user: <sqlite3.Row object at 0x7fab247c3330>
2025-07-08 14:32:25,159 - INFO - IMAGE EVENT: User state: quiz_3
2025-07-08 14:32:25,159 - INFO - IMAGE EVENT: Processing interactive message: {
  "type": "button_reply",
  "button_reply": {
    "id": "option_C",
    "title": "C"
  }
}
2025-07-08 14:32:25,159 - INFO - IMAGE EVENT: Received button reply: id=option_C, text=C
2025-07-08 14:32:25,159 - INFO - IMAGE EVENT: Handling other button response
2025-07-08 14:32:25,159 - INFO - IMAGE EVENT: Button/List response received: id=option_C, text=C
2025-07-08 14:32:25,159 - INFO - IMAGE EVENT: Unknown button/list response: option_C from 2348054912544
2025-07-08 14:32:25,160 - INFO - IMAGE EVENT: Handling text message for 2348054912544: C
2025-07-08 14:32:25,160 - INFO - IMAGE EVENT: Handling quiz response for 2348054912544: C
2025-07-08 14:32:25,160 - INFO - IMAGE EVENT: User 201 answered question 4 correctly
2025-07-08 14:32:25,160 - INFO - IMAGE EVENT: Inserted response for user 201: question 4, correct=1, quiz=quiz6
2025-07-08 14:32:25,631 - INFO - IMAGE EVENT: Moving to next question. New index: 4
2025-07-08 14:32:25,660 - INFO - IMAGE EVENT: Preparing to send interactive message to 2348054912544
2025-07-08 14:32:25,660 - INFO - IMAGE EVENT: Preparing button message for 2348054912544
2025-07-08 14:32:25,660 - INFO - IMAGE EVENT: Sending request to WhatsApp API for 2348054912544
2025-07-08 14:32:25,660 - INFO - IMAGE EVENT: Request data: {
  "messaging_product": "whatsapp",
  "to": "2348054912544",
  "type": "interactive",
  "interactive": {
    "type": "button",
    "body": {
      "text": "Question 5 out of 5:\n\nWhat is the primary goal of quality control?\n\nA) Increasing prices\nB) Maintaining standards\nC) Reducing staff\n"
    },
    "action": {
      "buttons": [
        {
          "type": "reply",
          "reply": {
            "id": "option_A",
            "title": "A"
          }
        },
        {
          "type": "reply",
          "reply": {
            "id": "option_B",
            "title": "B"
          }
        },
        {
          "type": "reply",
          "reply": {
            "id": "option_C",
            "title": "C"
          }
        }
      ]
    }
  }
}
2025-07-08 14:32:26,084 - INFO - IMAGE EVENT: Received response from WhatsApp API for 2348054912544 - Status: 200
2025-07-08 14:32:26,161 - INFO - IMAGE EVENT: Response content: {"messaging_product":"whatsapp","contacts":[{"input":"2348054912544","wa_id":"2348054912544"}],"messages":[{"id":"wamid.HBgNMjM0ODA1NDkxMjU0NBUCABEYEjc1RDE1QUM1OTExOTQ1RDQ1NwA="}]}
2025-07-08 14:32:26,162 - INFO - IMAGE EVENT: Successfully sent interactive message to 2348054912544
2025-07-08 14:32:39,173 - INFO - IMAGE EVENT: Full message content: {
  "context": {
    "from": "2349134774276",
    "id": "wamid.HBgNMjM0ODA1NDkxMjU0NBUCABEYEjc1RDE1QUM1OTExOTQ1RDQ1NwA="
  },
  "from": "2348054912544",
  "id": "wamid.HBgNMjM0ODA1NDkxMjU0NBUCABIYIDgwOUQ3MjA0MzNDN0YxMzE5RkEwMTdCOTgxODkwNTFEAA==",
  "timestamp": "1751985158",
  "type": "interactive",
  "interactive": {
    "type": "button_reply",
    "button_reply": {
      "id": "option_B",
      "title": "B"
    }
  }
}
2025-07-08 14:32:39,173 - INFO - IMAGE EVENT: Received message of type 'interactive' from 2348054912544
2025-07-08 14:32:39,174 - INFO - IMAGE EVENT: Processing message wamid.HBgNMjM0ODA1NDkxMjU0NBUCABIYIDgwOUQ3MjA0MzNDN0YxMzE5RkEwMTdCOTgxODkwNTFEAA== for user: <sqlite3.Row object at 0x7fab247c31b0>
2025-07-08 14:32:39,174 - INFO - IMAGE EVENT: User state: quiz_4
2025-07-08 14:32:39,254 - INFO - IMAGE EVENT: Processing interactive message: {
  "type": "button_reply",
  "button_reply": {
    "id": "option_B",
    "title": "B"
  }
}
2025-07-08 14:32:39,254 - INFO - IMAGE EVENT: Received button reply: id=option_B, text=B
2025-07-08 14:32:39,255 - INFO - IMAGE EVENT: Handling other button response
2025-07-08 14:32:39,255 - INFO - IMAGE EVENT: Button/List response received: id=option_B, text=B
2025-07-08 14:32:39,255 - INFO - IMAGE EVENT: Unknown button/list response: option_B from 2348054912544
2025-07-08 14:32:39,255 - INFO - IMAGE EVENT: Handling text message for 2348054912544: B
2025-07-08 14:32:39,255 - INFO - IMAGE EVENT: Handling quiz response for 2348054912544: B
2025-07-08 14:32:39,256 - INFO - IMAGE EVENT: User 201 answered question 5 correctly
2025-07-08 14:32:39,256 - INFO - IMAGE EVENT: Inserted response for user 201: question 5, correct=1, quiz=quiz6
2025-07-08 14:32:39,643 - INFO - IMAGE EVENT: Moving to next question. New index: 5
2025-07-08 14:32:39,643 - INFO - IMAGE EVENT: Finishing quiz quiz6 for user 201
2025-07-08 14:32:40,039 - INFO - IMAGE EVENT: Database updated for user 201 after finishing quiz quiz6
2025-07-08 14:32:40,039 - INFO - IMAGE EVENT: Preparing to send interactive message to 2348054912544
2025-07-08 14:32:40,039 - INFO - IMAGE EVENT: Preparing button message for 2348054912544
2025-07-08 14:32:40,040 - INFO - IMAGE EVENT: Sending request to WhatsApp API for 2348054912544
2025-07-08 14:32:40,040 - INFO - IMAGE EVENT: Request data: {
  "messaging_product": "whatsapp",
  "to": "2348054912544",
  "type": "interactive",
  "interactive": {
    "type": "button",
    "body": {
      "text": "What would you like to do next?"
    },
    "action": {
      "buttons": [
        {
          "type": "reply",
          "reply": {
            "id": "quiz",
            "title": "Take Another Quiz"
          }
        },
        {
          "type": "reply",
          "reply": {
            "id": "records",
            "title": "Switch to Records"
          }
        },
        {
          "type": "reply",
          "reply": {
            "id": "ai_chat",
            "title": "Review Mistakes (AI)"
          }
        }
      ]
    }
  }
}
2025-07-08 14:32:40,649 - INFO - IMAGE EVENT: Received response from WhatsApp API for 2348054912544 - Status: 200
2025-07-08 14:32:40,650 - INFO - IMAGE EVENT: Response content: {"messaging_product":"whatsapp","contacts":[{"input":"2348054912544","wa_id":"2348054912544"}],"messages":[{"id":"wamid.HBgNMjM0ODA1NDkxMjU0NBUCABEYEjg5RDIwNkQ4NTUyRjFFRUE4OQA="}]}
2025-07-08 14:32:40,651 - INFO - IMAGE EVENT: Successfully sent interactive message to 2348054912544
2025-07-08 14:32:40,651 - INFO - IMAGE EVENT: Quiz quiz6 finished successfully for user 201
2025-07-08 14:32:52,874 - INFO - IMAGE EVENT: Full message content: {
  "context": {
    "from": "2349134774276",
    "id": "wamid.HBgNMjM0ODA1NDkxMjU0NBUCABEYEjg5RDIwNkQ4NTUyRjFFRUE4OQA="
  },
  "from": "2348054912544",
  "id": "wamid.HBgNMjM0ODA1NDkxMjU0NBUCABIYIDdFOTkzNkU2OTY5REJEOTFFMTJCQzRDNDgyRjVBNkI3AA==",
  "timestamp": "1751985172",
  "type": "interactive",
  "interactive": {
    "type": "button_reply",
    "button_reply": {
      "id": "ai_chat",
      "title": "Review Mistakes (AI)"
    }
  }
}
2025-07-08 14:32:52,876 - INFO - IMAGE EVENT: Received message of type 'interactive' from 2348054912544
2025-07-08 14:32:52,877 - INFO - IMAGE EVENT: Processing message wamid.HBgNMjM0ODA1NDkxMjU0NBUCABIYIDdFOTkzNkU2OTY5REJEOTFFMTJCQzRDNDgyRjVBNkI3AA== for user: <sqlite3.Row object at 0x7fab247c33d0>
2025-07-08 14:32:52,877 - INFO - IMAGE EVENT: User state: awaiting_choice
2025-07-08 14:32:52,877 - INFO - IMAGE EVENT: Processing interactive message: {
  "type": "button_reply",
  "button_reply": {
    "id": "ai_chat",
    "title": "Review Mistakes (AI)"
  }
}
2025-07-08 14:32:52,877 - INFO - IMAGE EVENT: Received button reply: id=ai_chat, text=Review Mistakes (AI)
2025-07-08 14:32:52,877 - INFO - IMAGE EVENT: Handling other button response
2025-07-08 14:32:52,878 - INFO - IMAGE EVENT: Button/List response received: id=ai_chat, text=Review Mistakes (AI)
2025-07-08 14:32:52,890 - INFO - IMAGE EVENT: Starting AI chat for user 201
2025-07-08 14:33:01,460 - INFO - IMAGE EVENT: Presenting main options to user 2348054912544
2025-07-08 14:33:01,460 - INFO - IMAGE EVENT: Preparing to send interactive message to 2348054912544
2025-07-08 14:33:01,460 - INFO - IMAGE EVENT: Preparing button message for 2348054912544
2025-07-08 14:33:01,460 - INFO - IMAGE EVENT: Sending request to WhatsApp API for 2348054912544
2025-07-08 14:33:01,464 - INFO - IMAGE EVENT: Request data: {
  "messaging_product": "whatsapp",
  "to": "2348054912544",
  "type": "interactive",
  "interactive": {
    "type": "button",
    "body": {
      "text": "What would you like to do next?"
    },
    "action": {
      "buttons": [
        {
          "type": "reply",
          "reply": {
            "id": "quiz",
            "title": "Start Quiz"
          }
        },
        {
          "type": "reply",
          "reply": {
            "id": "records",
            "title": "Record Keeping"
          }
        },
        {
          "type": "reply",
          "reply": {
            "id": "settings",
            "title": "Settings"
          }
        }
      ]
    }
  }
}
2025-07-08 14:33:01,808 - INFO - IMAGE EVENT: Received response from WhatsApp API for 2348054912544 - Status: 200
2025-07-08 14:33:01,809 - INFO - IMAGE EVENT: Response content: {"messaging_product":"whatsapp","contacts":[{"input":"2348054912544","wa_id":"2348054912544"}],"messages":[{"id":"wamid.HBgNMjM0ODA1NDkxMjU0NBUCABEYEjMxQUVBOUMxMjg5NzgyMDdDMgA="}]}
2025-07-08 14:33:01,855 - INFO - IMAGE EVENT: Successfully sent interactive message to 2348054912544
2025-07-08 14:33:02,110 - INFO - IMAGE EVENT: Full message content: {
  "context": {
    "from": "2349134774276",
    "id": "wamid.HBgNMjM0ODAyMjEwNzMxNhUCABEYEkUyQTgxMTVGOTc4MzhDMUEwOQA="
  },
  "from": "2348022107316",
  "id": "wamid.HBgNMjM0ODAyMjEwNzMxNhUCABIYIDlCQzFEQjkxRTA4MjFCMDRCOERCNzVDM0NEOUQwODMyAA==",
  "timestamp": "1751985181",
  "type": "interactive",
  "interactive": {
    "type": "button_reply",
    "button_reply": {
      "id": "option_A",
      "title": "A"
    }
  }
}
2025-07-08 14:33:02,110 - INFO - IMAGE EVENT: Received message of type 'interactive' from 2348022107316
2025-07-08 14:33:02,111 - INFO - IMAGE EVENT: Processing message wamid.HBgNMjM0ODAyMjEwNzMxNhUCABIYIDlCQzFEQjkxRTA4MjFCMDRCOERCNzVDM0NEOUQwODMyAA== for user: <sqlite3.Row object at 0x7fab247c35f0>
2025-07-08 14:33:02,111 - INFO - IMAGE EVENT: User state: quiz_4
2025-07-08 14:33:02,111 - INFO - IMAGE EVENT: Processing interactive message: {
  "type": "button_reply",
  "button_reply": {
    "id": "option_A",
    "title": "A"
  }
}
2025-07-08 14:33:02,112 - INFO - IMAGE EVENT: Received button reply: id=option_A, text=A
2025-07-08 14:33:02,112 - INFO - IMAGE EVENT: Handling other button response
2025-07-08 14:33:02,112 - INFO - IMAGE EVENT: Button/List response received: id=option_A, text=A
2025-07-08 14:33:02,112 - INFO - IMAGE EVENT: Unknown button/list response: option_A from 2348022107316
2025-07-08 14:33:02,112 - INFO - IMAGE EVENT: Handling text message for 2348022107316: A
2025-07-08 14:33:02,112 - INFO - IMAGE EVENT: Handling quiz response for 2348022107316: A
2025-07-08 14:33:02,113 - INFO - IMAGE EVENT: User 117 answered question 5 incorrectly
2025-07-08 14:33:02,113 - INFO - IMAGE EVENT: Inserted response for user 117: question 5, correct=0, quiz=quiz6
2025-07-08 14:33:02,673 - INFO - IMAGE EVENT: Moving to next question. New index: 5
2025-07-08 14:33:02,674 - INFO - IMAGE EVENT: Finishing quiz quiz6 for user 117
2025-07-08 14:33:03,273 - INFO - IMAGE EVENT: Database updated for user 117 after finishing quiz quiz6
2025-07-08 14:33:03,273 - INFO - IMAGE EVENT: Preparing to send interactive message to 2348022107316
2025-07-08 14:33:03,273 - INFO - IMAGE EVENT: Preparing button message for 2348022107316
2025-07-08 14:33:03,273 - INFO - IMAGE EVENT: Sending request to WhatsApp API for 2348022107316
2025-07-08 14:33:03,274 - INFO - IMAGE EVENT: Request data: {
  "messaging_product": "whatsapp",
  "to": "2348022107316",
  "type": "interactive",
  "interactive": {
    "type": "button",
    "body": {
      "text": "What would you like to do next?"
    },
    "action": {
      "buttons": [
        {
          "type": "reply",
          "reply": {
            "id": "quiz",
            "title": "Take Another Quiz"
          }
        },
        {
          "type": "reply",
          "reply": {
            "id": "records",
            "title": "Switch to Records"
          }
        },
        {
          "type": "reply",
          "reply": {
            "id": "ai_chat",
            "title": "Review Mistakes (AI)"
          }
        }
      ]
    }
  }
}
2025-07-08 14:33:03,844 - INFO - IMAGE EVENT: Received response from WhatsApp API for 2348022107316 - Status: 200
2025-07-08 14:33:03,847 - INFO - IMAGE EVENT: Response content: {"messaging_product":"whatsapp","contacts":[{"input":"2348022107316","wa_id":"2348022107316"}],"messages":[{"id":"wamid.HBgNMjM0ODAyMjEwNzMxNhUCABEYEjYyMUU1RjNDMTVBNDhBQkYzQwA="}]}
2025-07-08 14:33:03,847 - INFO - IMAGE EVENT: Successfully sent interactive message to 2348022107316
2025-07-08 14:33:03,847 - INFO - IMAGE EVENT: Quiz quiz6 finished successfully for user 117
2025-07-08 14:33:15,304 - INFO - IMAGE EVENT: Full message content: {
  "context": {
    "from": "2349134774276",
    "id": "wamid.HBgNMjM0ODA1NDkxMjU0NBUCABEYEjMxQUVBOUMxMjg5NzgyMDdDMgA="
  },
  "from": "2348054912544",
  "id": "wamid.HBgNMjM0ODA1NDkxMjU0NBUCABIYIEJDRUY4M0NEOEVFQjUyOUI0RjQwMjQyNjA3QjU0REQ0AA==",
  "timestamp": "1751985194",
  "type": "interactive",
  "interactive": {
    "type": "button_reply",
    "button_reply": {
      "id": "records",
      "title": "Record Keeping"
    }
  }
}
2025-07-08 14:33:15,305 - INFO - IMAGE EVENT: Received message of type 'interactive' from 2348054912544
2025-07-08 14:33:15,305 - INFO - IMAGE EVENT: Processing message wamid.HBgNMjM0ODA1NDkxMjU0NBUCABIYIEJDRUY4M0NEOEVFQjUyOUI0RjQwMjQyNjA3QjU0REQ0AA== for user: <sqlite3.Row object at 0x7fab247c3b50>
2025-07-08 14:33:15,306 - INFO - IMAGE EVENT: User state: main_menu
2025-07-08 14:33:15,354 - INFO - IMAGE EVENT: Processing interactive message: {
  "type": "button_reply",
  "button_reply": {
    "id": "records",
    "title": "Record Keeping"
  }
}
2025-07-08 14:33:15,354 - INFO - IMAGE EVENT: Received button reply: id=records, text=Record Keeping
2025-07-08 14:33:15,354 - INFO - IMAGE EVENT: Handling other button response
2025-07-08 14:33:15,355 - INFO - IMAGE EVENT: Button/List response received: id=records, text=Record Keeping
2025-07-08 14:33:15,355 - INFO - IMAGE EVENT: Handling Record Keeping request for 2348054912544
2025-07-08 14:33:15,355 - INFO - IMAGE EVENT: Handling text message for 2348054912544: Record Keeping
2025-07-08 14:33:37,163 - INFO - IMAGE EVENT: Full message content: {
  "context": {
    "from": "2349134774276",
    "id": "wamid.HBgNMjM0ODAyMjEwNzMxNhUCABEYEjYyMUU1RjNDMTVBNDhBQkYzQwA="
  },
  "from": "2348022107316",
  "id": "wamid.HBgNMjM0ODAyMjEwNzMxNhUCABIYIDlGNEMzMzE0MTA0NDNEQTgxQTc4MTFGMDlCODU3NzFBAA==",
  "timestamp": "1751985216",
  "type": "interactive",
  "interactive": {
    "type": "button_reply",
    "button_reply": {
      "id": "quiz",
      "title": "Take Another Quiz"
    }
  }
}
2025-07-08 14:33:37,164 - INFO - IMAGE EVENT: Received message of type 'interactive' from 2348022107316
2025-07-08 14:33:37,165 - INFO - IMAGE EVENT: Processing message wamid.HBgNMjM0ODAyMjEwNzMxNhUCABIYIDlGNEMzMzE0MTA0NDNEQTgxQTc4MTFGMDlCODU3NzFBAA== for user: <sqlite3.Row object at 0x7fab247c3230>
2025-07-08 14:33:37,165 - INFO - IMAGE EVENT: User state: awaiting_choice
2025-07-08 14:33:37,165 - INFO - IMAGE EVENT: Processing interactive message: {
  "type": "button_reply",
  "button_reply": {
    "id": "quiz",
    "title": "Take Another Quiz"
  }
}
2025-07-08 14:33:37,165 - INFO - IMAGE EVENT: Received button reply: id=quiz, text=Take Another Quiz
2025-07-08 14:33:37,166 - INFO - IMAGE EVENT: Handling other button response
2025-07-08 14:33:37,166 - INFO - IMAGE EVENT: Button/List response received: id=quiz, text=Take Another Quiz
2025-07-08 14:33:37,166 - INFO - IMAGE EVENT: Handling Take Another Quiz request for 2348022107316
2025-07-08 14:33:37,166 - INFO - IMAGE EVENT: Handling text message for 2348022107316: Take Another Quiz
2025-07-08 14:33:37,718 - INFO - IMAGE EVENT: Presenting main options to user 2348022107316
2025-07-08 14:33:37,718 - INFO - IMAGE EVENT: Preparing to send interactive message to 2348022107316
2025-07-08 14:33:37,718 - INFO - IMAGE EVENT: Preparing button message for 2348022107316
2025-07-08 14:33:37,718 - INFO - IMAGE EVENT: Sending request to WhatsApp API for 2348022107316
2025-07-08 14:33:37,719 - INFO - IMAGE EVENT: Request data: {
  "messaging_product": "whatsapp",
  "to": "2348022107316",
  "type": "interactive",
  "interactive": {
    "type": "button",
    "body": {
      "text": "What would you like to do next?"
    },
    "action": {
      "buttons": [
        {
          "type": "reply",
          "reply": {
            "id": "quiz",
            "title": "Start Quiz"
          }
        },
        {
          "type": "reply",
          "reply": {
            "id": "records",
            "title": "Record Keeping"
          }
        },
        {
          "type": "reply",
          "reply": {
            "id": "settings",
            "title": "Settings"
          }
        }
      ]
    }
  }
}
2025-07-08 14:33:38,266 - INFO - IMAGE EVENT: Received response from WhatsApp API for 2348022107316 - Status: 200
2025-07-08 14:33:38,267 - INFO - IMAGE EVENT: Response content: {"messaging_product":"whatsapp","contacts":[{"input":"2348022107316","wa_id":"2348022107316"}],"messages":[{"id":"wamid.HBgNMjM0ODAyMjEwNzMxNhUCABEYEjZDRUEwQjVBOTMzOTFDMTFBQgA="}]}
2025-07-08 14:33:38,269 - INFO - IMAGE EVENT: Successfully sent interactive message to 2348022107316
2025-07-08 14:33:49,869 - INFO - IMAGE EVENT: Full message content: {
  "context": {
    "from": "2349134774276",
    "id": "wamid.HBgNMjM0ODAyMjEwNzMxNhUCABEYEjZDRUEwQjVBOTMzOTFDMTFBQgA="
  },
  "from": "2348022107316",
  "id": "wamid.HBgNMjM0ODAyMjEwNzMxNhUCABIYIEQ0RkIyMzIwOUFEMEJDNUY4N0FFMTFDN0M4RDhCRkJEAA==",
  "timestamp": "1751985229",
  "type": "interactive",
  "interactive": {
    "type": "button_reply",
    "button_reply": {
      "id": "settings",
      "title": "Settings"
    }
  }
}
2025-07-08 14:33:49,869 - INFO - IMAGE EVENT: Received message of type 'interactive' from 2348022107316
2025-07-08 14:33:49,870 - INFO - IMAGE EVENT: Processing message wamid.HBgNMjM0ODAyMjEwNzMxNhUCABIYIEQ0RkIyMzIwOUFEMEJDNUY4N0FFMTFDN0M4RDhCRkJEAA== for user: <sqlite3.Row object at 0x7fab247c3c10>
2025-07-08 14:33:49,870 - INFO - IMAGE EVENT: User state: main_menu
2025-07-08 14:33:49,871 - INFO - IMAGE EVENT: Processing interactive message: {
  "type": "button_reply",
  "button_reply": {
    "id": "settings",
    "title": "Settings"
  }
}
2025-07-08 14:33:49,871 - INFO - IMAGE EVENT: Received button reply: id=settings, text=Settings
2025-07-08 14:33:49,871 - INFO - IMAGE EVENT: Handling other button response
2025-07-08 14:33:49,871 - INFO - IMAGE EVENT: Button/List response received: id=settings, text=Settings
2025-07-08 14:33:49,872 - INFO - IMAGE EVENT: Accessing settings for 2348022107316
2025-07-08 14:33:49,872 - INFO - IMAGE EVENT: Starting settings command for 2348022107316
2025-07-08 14:33:49,872 - INFO - IMAGE EVENT: Attempting to send settings menu to 2348022107316
2025-07-08 14:33:49,872 - INFO - IMAGE EVENT: Preparing to send interactive message to 2348022107316
2025-07-08 14:33:49,872 - INFO - IMAGE EVENT: Preparing list message for 2348022107316
2025-07-08 14:33:49,873 - INFO - IMAGE EVENT: Sending request to WhatsApp API for 2348022107316
2025-07-08 14:33:49,873 - INFO - IMAGE EVENT: Request data: {
  "messaging_product": "whatsapp",
  "to": "2348022107316",
  "type": "interactive",
  "interactive": {
    "type": "list",
    "header": {
      "type": "text",
      "text": "Settings"
    },
    "body": {
      "text": "Choose an option:"
    },
    "action": {
      "button": "Select",
      "sections": [
        {
          "title": "Settings Options",
          "rows": [
            {
              "id": "change_name",
              "title": "Change Name"
            },
            {
              "id": "view_quiz_names",
              "title": "View Quiz Names"
            },
            {
              "id": "view_scores",
              "title": "View Scores"
            },
            {
              "id": "view_name",
              "title": "View Name"
            },
            {
              "id": "remove_account",
              "title": "Remove Account"
            },
            {
              "id": "back",
              "title": "Back"
            }
          ]
        }
      ]
    }
  }
}
2025-07-08 14:33:50,402 - INFO - IMAGE EVENT: Received response from WhatsApp API for 2348022107316 - Status: 200
2025-07-08 14:33:50,403 - INFO - IMAGE EVENT: Response content: {"messaging_product":"whatsapp","contacts":[{"input":"2348022107316","wa_id":"2348022107316"}],"messages":[{"id":"wamid.HBgNMjM0ODAyMjEwNzMxNhUCABEYEkIzODMwRjVGODM2MjkyMDI4RAA="}]}
2025-07-08 14:33:50,403 - INFO - IMAGE EVENT: Successfully sent interactive message to 2348022107316
2025-07-08 14:33:50,403 - INFO - IMAGE EVENT: Successfully sent settings menu to 2348022107316
2025-07-08 14:33:50,403 - INFO - IMAGE EVENT: Updating user state for 2348022107316
2025-07-08 14:33:50,462 - INFO - IMAGE EVENT: Successfully updated user state for 2348022107316
2025-07-08 14:33:50,464 - INFO - IMAGE EVENT: Completed handle_settings_command for 2348022107316
2025-07-08 14:34:49,159 - INFO - IMAGE EVENT: Full message content: {
  "from": "2349068959261",
  "id": "wamid.HBgNMjM0OTA2ODk1OTI2MRUCABIYFDNBNzAzMUJEOTNGQTdGM0JCNUY2AA==",
  "timestamp": "1751985288",
  "text": {
    "body": "Hi, this is empowerlocals, you can edit this intro message!"
  },
  "type": "text"
}
2025-07-08 14:34:49,160 - INFO - IMAGE EVENT: Received message of type 'text' from 2349068959261
2025-07-08 14:34:49,161 - INFO - IMAGE EVENT: Processing message wamid.HBgNMjM0OTA2ODk1OTI2MRUCABIYFDNBNzAzMUJEOTNGQTdGM0JCNUY2AA== for user: <sqlite3.Row object at 0x7fab247c36b0>
2025-07-08 14:34:49,161 - INFO - IMAGE EVENT: User state: main_menu
2025-07-08 14:34:49,162 - INFO - IMAGE EVENT: Received text message from 2349068959261: hi, this is empowerlocals, you can edit this intro message!
2025-07-08 14:34:49,162 - INFO - IMAGE EVENT: Handling text message for 2349068959261: hi, this is empowerlocals, you can edit this intro message!
2025-07-08 14:35:14,205 - INFO - IMAGE EVENT: Full message content: {
  "from": "2349068959261",
  "id": "wamid.HBgNMjM0OTA2ODk1OTI2MRUCABIYFDNBMUQyNjYyMzY3MDRGRjFEQTU0AA==",
  "timestamp": "1751985313",
  "text": {
    "body": "Hi, this is empowerlocals, you can edit this intro message!"
  },
  "type": "text"
}
2025-07-08 14:35:14,206 - INFO - IMAGE EVENT: Received message of type 'text' from 2349068959261
2025-07-08 14:35:14,207 - INFO - IMAGE EVENT: Processing message wamid.HBgNMjM0OTA2ODk1OTI2MRUCABIYFDNBMUQyNjYyMzY3MDRGRjFEQTU0AA== for user: <sqlite3.Row object at 0x7fab247c3470>
2025-07-08 14:35:14,207 - INFO - IMAGE EVENT: User state: main_menu
2025-07-08 14:35:14,207 - INFO - IMAGE EVENT: Received text message from 2349068959261: hi, this is empowerlocals, you can edit this intro message!
2025-07-08 14:35:14,208 - INFO - IMAGE EVENT: Handling text message for 2349068959261: hi, this is empowerlocals, you can edit this intro message!
2025-07-08 14:35:24,356 - INFO - IMAGE EVENT: Full message content: {
  "context": {
    "from": "2349134774276",
    "id": "wamid.HBgNMjM0OTA2ODk1OTI2MRUCABEYEjA2QUJGQUI1NDYxMkUyRjYzNAA="
  },
  "from": "2349068959261",
  "id": "wamid.HBgNMjM0OTA2ODk1OTI2MRUCABIYFDNBMEI4MTVBQzhDOTEwNjlCNERBAA==",
  "timestamp": "1751985323",
  "type": "interactive",
  "interactive": {
    "type": "button_reply",
    "button_reply": {
      "id": "quiz",
      "title": "Start Quiz"
    }
  }
}
2025-07-08 14:35:24,356 - INFO - IMAGE EVENT: Received message of type 'interactive' from 2349068959261
2025-07-08 14:35:24,358 - INFO - IMAGE EVENT: Processing message wamid.HBgNMjM0OTA2ODk1OTI2MRUCABIYFDNBMEI4MTVBQzhDOTEwNjlCNERBAA== for user: <sqlite3.Row object at 0x7fab247c3f30>
2025-07-08 14:35:24,359 - INFO - IMAGE EVENT: User state: main_menu
2025-07-08 14:35:24,359 - INFO - IMAGE EVENT: Processing interactive message: {
  "type": "button_reply",
  "button_reply": {
    "id": "quiz",
    "title": "Start Quiz"
  }
}
2025-07-08 14:35:24,384 - INFO - IMAGE EVENT: Received button reply: id=quiz, text=Start Quiz
2025-07-08 14:35:24,385 - INFO - IMAGE EVENT: Handling other button response
2025-07-08 14:35:24,385 - INFO - IMAGE EVENT: Button/List response received: id=quiz, text=Start Quiz
2025-07-08 14:35:24,385 - INFO - IMAGE EVENT: Handling Start Quiz request for 2349068959261
2025-07-08 14:35:24,385 - INFO - IMAGE EVENT: Handling text message for 2349068959261: Start Quiz
2025-07-08 14:35:24,385 - INFO - IMAGE EVENT: Quiz selection initiated for 2349068959261 with message: Start Quiz
2025-07-08 14:35:24,951 - INFO - IMAGE EVENT: Preparing to send interactive message to 2349068959261
2025-07-08 14:35:24,951 - INFO - IMAGE EVENT: Preparing button message for 2349068959261
2025-07-08 14:35:24,951 - INFO - IMAGE EVENT: Sending request to WhatsApp API for 2349068959261
2025-07-08 14:35:24,952 - INFO - IMAGE EVENT: Request data: {
  "messaging_product": "whatsapp",
  "to": "2349068959261",
  "type": "interactive",
  "interactive": {
    "type": "button",
    "body": {
      "text": "What would you like to do?"
    },
    "action": {
      "buttons": [
        {
          "type": "reply",
          "reply": {
            "id": "quiz",
            "title": "Start Quiz"
          }
        },
        {
          "type": "reply",
          "reply": {
            "id": "quiz6",
            "title": "Start quiz6"
          }
        }
      ]
    }
  }
}
2025-07-08 14:35:25,441 - INFO - IMAGE EVENT: Received response from WhatsApp API for 2349068959261 - Status: 200
2025-07-08 14:35:25,441 - INFO - IMAGE EVENT: Response content: {"messaging_product":"whatsapp","contacts":[{"input":"2349068959261","wa_id":"2349068959261"}],"messages":[{"id":"wamid.HBgNMjM0OTA2ODk1OTI2MRUCABEYEjJFNzUwMkJCNkJDRTYwMUZGQwA="}]}
2025-07-08 14:35:25,442 - INFO - IMAGE EVENT: Successfully sent interactive message to 2349068959261
2025-07-08 14:35:32,074 - INFO - IMAGE EVENT: Full message content: {
  "context": {
    "from": "2349134774276",
    "id": "wamid.HBgNMjM0OTA2ODk1OTI2MRUCABEYEjJFNzUwMkJCNkJDRTYwMUZGQwA="
  },
  "from": "2349068959261",
  "id": "wamid.HBgNMjM0OTA2ODk1OTI2MRUCABIYFDNBQTY0RjVFQ0NEQTMzNTI5NTkyAA==",
  "timestamp": "1751985331",
  "type": "interactive",
  "interactive": {
    "type": "button_reply",
    "button_reply": {
      "id": "quiz6",
      "title": "Start quiz6"
    }
  }
}
2025-07-08 14:35:32,085 - INFO - IMAGE EVENT: Received message of type 'interactive' from 2349068959261
2025-07-08 14:35:32,088 - INFO - IMAGE EVENT: Processing message wamid.HBgNMjM0OTA2ODk1OTI2MRUCABIYFDNBQTY0RjVFQ0NEQTMzNTI5NTkyAA== for user: <sqlite3.Row object at 0x7fab247c3bf0>
2025-07-08 14:35:32,089 - INFO - IMAGE EVENT: User state: selecting_quiz
2025-07-08 14:35:32,090 - INFO - IMAGE EVENT: Processing interactive message: {
  "type": "button_reply",
  "button_reply": {
    "id": "quiz6",
    "title": "Start quiz6"
  }
}
2025-07-08 14:35:32,090 - INFO - IMAGE EVENT: Received button reply: id=quiz6, text=Start quiz6
2025-07-08 14:35:32,091 - INFO - IMAGE EVENT: Handling other button response
2025-07-08 14:35:32,091 - INFO - IMAGE EVENT: Button/List response received: id=quiz6, text=Start quiz6
2025-07-08 14:35:32,092 - INFO - IMAGE EVENT: Unknown button/list response: quiz6 from 2349068959261
2025-07-08 14:35:32,093 - INFO - IMAGE EVENT: Handling text message for 2349068959261: Start quiz6
2025-07-08 14:35:32,093 - INFO - IMAGE EVENT: Quiz selection initiated for 2349068959261 with message: Start quiz6
2025-07-08 14:35:32,102 - INFO - IMAGE EVENT: Starting quiz6 for user 153 at question 0
2025-07-08 14:35:32,102 - INFO - IMAGE EVENT: Preparing to send interactive message to 2349068959261
2025-07-08 14:35:32,103 - INFO - IMAGE EVENT: Preparing button message for 2349068959261
2025-07-08 14:35:32,103 - INFO - IMAGE EVENT: Sending request to WhatsApp API for 2349068959261
2025-07-08 14:35:32,103 - INFO - IMAGE EVENT: Request data: {
  "messaging_product": "whatsapp",
  "to": "2349068959261",
  "type": "interactive",
  "interactive": {
    "type": "button",
    "body": {
      "text": "Question 1 out of 5:\n\nWhat is operational management primarily concerned with?\n\nA) Marketing only\nB) Day-to-day business activities\nC) Yearly planning only\n"
    },
    "action": {
      "buttons": [
        {
          "type": "reply",
          "reply": {
            "id": "option_A",
            "title": "A"
          }
        },
        {
          "type": "reply",
          "reply": {
            "id": "option_B",
            "title": "B"
          }
        },
        {
          "type": "reply",
          "reply": {
            "id": "option_C",
            "title": "C"
          }
        }
      ]
    }
  }
}
2025-07-08 14:35:32,564 - INFO - IMAGE EVENT: Received response from WhatsApp API for 2349068959261 - Status: 200
2025-07-08 14:35:32,565 - INFO - IMAGE EVENT: Response content: {"messaging_product":"whatsapp","contacts":[{"input":"2349068959261","wa_id":"2349068959261"}],"messages":[{"id":"wamid.HBgNMjM0OTA2ODk1OTI2MRUCABEYEkY0OEYyNzFCMjcyNjEyNTMyMwA="}]}
2025-07-08 14:35:32,565 - INFO - IMAGE EVENT: Successfully sent interactive message to 2349068959261
2025-07-08 14:35:57,067 - INFO - IMAGE EVENT: Full message content: {
  "context": {
    "from": "2349134774276",
    "id": "wamid.HBgNMjM0OTA2ODk1OTI2MRUCABEYEkY0OEYyNzFCMjcyNjEyNTMyMwA="
  },
  "from": "2349068959261",
  "id": "wamid.HBgNMjM0OTA2ODk1OTI2MRUCABIYFDNBRjFGMDMzODY5MUJDQTJCMzkxAA==",
  "timestamp": "1751985354",
  "type": "interactive",
  "interactive": {
    "type": "button_reply",
    "button_reply": {
      "id": "option_B",
      "title": "B"
    }
  }
}
2025-07-08 14:35:57,067 - INFO - IMAGE EVENT: Received message of type 'interactive' from 2349068959261
2025-07-08 14:35:57,069 - INFO - IMAGE EVENT: Processing message wamid.HBgNMjM0OTA2ODk1OTI2MRUCABIYFDNBRjFGMDMzODY5MUJDQTJCMzkxAA== for user: <sqlite3.Row object at 0x7fab247c3230>
2025-07-08 14:35:57,069 - INFO - IMAGE EVENT: User state: quiz_0
2025-07-08 14:35:57,070 - INFO - IMAGE EVENT: Processing interactive message: {
  "type": "button_reply",
  "button_reply": {
    "id": "option_B",
    "title": "B"
  }
}
2025-07-08 14:35:57,070 - INFO - IMAGE EVENT: Received button reply: id=option_B, text=B
2025-07-08 14:35:57,071 - INFO - IMAGE EVENT: Handling other button response
2025-07-08 14:35:57,074 - INFO - IMAGE EVENT: Button/List response received: id=option_B, text=B
2025-07-08 14:35:57,074 - INFO - IMAGE EVENT: Unknown button/list response: option_B from 2349068959261
2025-07-08 14:35:57,075 - INFO - IMAGE EVENT: Handling text message for 2349068959261: B
2025-07-08 14:35:57,075 - INFO - IMAGE EVENT: Handling quiz response for 2349068959261: B
2025-07-08 14:35:57,076 - INFO - IMAGE EVENT: User 153 answered question 1 correctly
2025-07-08 14:35:57,076 - INFO - IMAGE EVENT: Inserted response for user 153: question 1, correct=1, quiz=quiz6
2025-07-08 14:35:57,600 - INFO - IMAGE EVENT: Moving to next question. New index: 1
2025-07-08 14:35:57,607 - INFO - IMAGE EVENT: Preparing to send interactive message to 2349068959261
2025-07-08 14:35:57,607 - INFO - IMAGE EVENT: Preparing button message for 2349068959261
2025-07-08 14:35:57,607 - INFO - IMAGE EVENT: Sending request to WhatsApp API for 2349068959261
2025-07-08 14:35:57,608 - INFO - IMAGE EVENT: Request data: {
  "messaging_product": "whatsapp",
  "to": "2349068959261",
  "type": "interactive",
  "interactive": {
    "type": "button",
    "body": {
      "text": "Question 2 out of 5:\n\nWhich is a key component of supply chain management?\n\nA) Social media marketing\nB) Supplier relationships\nC) Employee salaries\n"
    },
    "action": {
      "buttons": [
        {
          "type": "reply",
          "reply": {
            "id": "option_A",
            "title": "A"
          }
        },
        {
          "type": "reply",
          "reply": {
            "id": "option_B",
            "title": "B"
          }
        },
        {
          "type": "reply",
          "reply": {
            "id": "option_C",
            "title": "C"
          }
        }
      ]
    }
  }
}
2025-07-08 14:35:58,107 - INFO - IMAGE EVENT: Received response from WhatsApp API for 2349068959261 - Status: 200
2025-07-08 14:35:58,107 - INFO - IMAGE EVENT: Response content: {"messaging_product":"whatsapp","contacts":[{"input":"2349068959261","wa_id":"2349068959261"}],"messages":[{"id":"wamid.HBgNMjM0OTA2ODk1OTI2MRUCABEYEjY3OTU5QTJFODExRjQ5MUFBOQA="}]}
2025-07-08 14:35:58,107 - INFO - IMAGE EVENT: Successfully sent interactive message to 2349068959261
2025-07-08 14:36:48,026 - INFO - IMAGE EVENT: Full message content: {
  "context": {
    "from": "2349134774276",
    "id": "wamid.HBgNMjM0OTA2ODk1OTI2MRUCABEYEjY3OTU5QTJFODExRjQ5MUFBOQA="
  },
  "from": "2349068959261",
  "id": "wamid.HBgNMjM0OTA2ODk1OTI2MRUCABIYFDNBNTZEMTg2QkZDMkY2MUYyNzhEAA==",
  "timestamp": "1751985407",
  "type": "interactive",
  "interactive": {
    "type": "button_reply",
    "button_reply": {
      "id": "option_B",
      "title": "B"
    }
  }
}
2025-07-08 14:36:48,027 - INFO - IMAGE EVENT: Received message of type 'interactive' from 2349068959261
2025-07-08 14:36:48,028 - INFO - IMAGE EVENT: Processing message wamid.HBgNMjM0OTA2ODk1OTI2MRUCABIYFDNBNTZEMTg2QkZDMkY2MUYyNzhEAA== for user: <sqlite3.Row object at 0x7fab247c3230>
2025-07-08 14:36:48,028 - INFO - IMAGE EVENT: User state: quiz_1
2025-07-08 14:36:48,029 - INFO - IMAGE EVENT: Processing interactive message: {
  "type": "button_reply",
  "button_reply": {
    "id": "option_B",
    "title": "B"
  }
}
2025-07-08 14:36:48,029 - INFO - IMAGE EVENT: Received button reply: id=option_B, text=B
2025-07-08 14:36:48,030 - INFO - IMAGE EVENT: Handling other button response
2025-07-08 14:36:48,030 - INFO - IMAGE EVENT: Button/List response received: id=option_B, text=B
2025-07-08 14:36:48,030 - INFO - IMAGE EVENT: Unknown button/list response: option_B from 2349068959261
2025-07-08 14:36:48,031 - INFO - IMAGE EVENT: Handling text message for 2349068959261: B
2025-07-08 14:36:48,031 - INFO - IMAGE EVENT: Handling quiz response for 2349068959261: B
2025-07-08 14:36:48,031 - INFO - IMAGE EVENT: User 153 answered question 2 correctly
2025-07-08 14:36:48,032 - INFO - IMAGE EVENT: Inserted response for user 153: question 2, correct=1, quiz=quiz6
2025-07-08 14:36:48,558 - INFO - IMAGE EVENT: Moving to next question. New index: 2
2025-07-08 14:36:48,567 - INFO - IMAGE EVENT: Preparing to send interactive message to 2349068959261
2025-07-08 14:36:48,567 - INFO - IMAGE EVENT: Preparing button message for 2349068959261
2025-07-08 14:36:48,567 - INFO - IMAGE EVENT: Sending request to WhatsApp API for 2349068959261
2025-07-08 14:36:48,567 - INFO - IMAGE EVENT: Request data: {
  "messaging_product": "whatsapp",
  "to": "2349068959261",
  "type": "interactive",
  "interactive": {
    "type": "button",
    "body": {
      "text": "Question 3 out of 5:\n\nWhat is the first step in process mapping?\n\nA) Hiring staff\nB) Identifying core processes\nC) Buying equipment\n"
    },
    "action": {
      "buttons": [
        {
          "type": "reply",
          "reply": {
            "id": "option_A",
            "title": "A"
          }
        },
        {
          "type": "reply",
          "reply": {
            "id": "option_B",
            "title": "B"
          }
        },
        {
          "type": "reply",
          "reply": {
            "id": "option_C",
            "title": "C"
          }
        }
      ]
    }
  }
}
2025-07-08 14:36:48,972 - INFO - IMAGE EVENT: Received response from WhatsApp API for 2349068959261 - Status: 200
2025-07-08 14:36:48,973 - INFO - IMAGE EVENT: Response content: {"messaging_product":"whatsapp","contacts":[{"input":"2349068959261","wa_id":"2349068959261"}],"messages":[{"id":"wamid.HBgNMjM0OTA2ODk1OTI2MRUCABEYEjJENDBDQ0Q3NDYzQ0I5MjE5MgA="}]}
2025-07-08 14:36:48,974 - INFO - IMAGE EVENT: Successfully sent interactive message to 2349068959261
2025-07-08 14:37:24,947 - INFO - IMAGE EVENT: Full message content: {
  "context": {
    "from": "2349134774276",
    "id": "wamid.HBgNMjM0OTA2ODk1OTI2MRUCABEYEjJENDBDQ0Q3NDYzQ0I5MjE5MgA="
  },
  "from": "2349068959261",
  "id": "wamid.HBgNMjM0OTA2ODk1OTI2MRUCABIYFDNBODA2MzE2RTQ5Q0RBMDMwQjcwAA==",
  "timestamp": "1751985444",
  "type": "interactive",
  "interactive": {
    "type": "button_reply",
    "button_reply": {
      "id": "option_B",
      "title": "B"
    }
  }
}
2025-07-08 14:37:24,948 - INFO - IMAGE EVENT: Received message of type 'interactive' from 2349068959261
2025-07-08 14:37:24,949 - INFO - IMAGE EVENT: Processing message wamid.HBgNMjM0OTA2ODk1OTI2MRUCABIYFDNBODA2MzE2RTQ5Q0RBMDMwQjcwAA== for user: <sqlite3.Row object at 0x7fab247c3370>
2025-07-08 14:37:24,949 - INFO - IMAGE EVENT: User state: quiz_2
2025-07-08 14:37:24,949 - INFO - IMAGE EVENT: Processing interactive message: {
  "type": "button_reply",
  "button_reply": {
    "id": "option_B",
    "title": "B"
  }
}
2025-07-08 14:37:24,950 - INFO - IMAGE EVENT: Received button reply: id=option_B, text=B
2025-07-08 14:37:24,950 - INFO - IMAGE EVENT: Handling other button response
2025-07-08 14:37:24,950 - INFO - IMAGE EVENT: Button/List response received: id=option_B, text=B
2025-07-08 14:37:24,950 - INFO - IMAGE EVENT: Unknown button/list response: option_B from 2349068959261
2025-07-08 14:37:24,950 - INFO - IMAGE EVENT: Handling text message for 2349068959261: B
2025-07-08 14:37:24,951 - INFO - IMAGE EVENT: Handling quiz response for 2349068959261: B
2025-07-08 14:37:24,951 - INFO - IMAGE EVENT: User 153 answered question 3 correctly
2025-07-08 14:37:24,951 - INFO - IMAGE EVENT: Inserted response for user 153: question 3, correct=1, quiz=quiz6
2025-07-08 14:37:25,389 - INFO - IMAGE EVENT: Moving to next question. New index: 3
2025-07-08 14:37:25,460 - INFO - IMAGE EVENT: Preparing to send interactive message to 2349068959261
2025-07-08 14:37:25,460 - INFO - IMAGE EVENT: Preparing button message for 2349068959261
2025-07-08 14:37:25,460 - INFO - IMAGE EVENT: Sending request to WhatsApp API for 2349068959261
2025-07-08 14:37:25,461 - INFO - IMAGE EVENT: Request data: {
  "messaging_product": "whatsapp",
  "to": "2349068959261",
  "type": "interactive",
  "interactive": {
    "type": "button",
    "body": {
      "text": "Question 4 out of 5:\n\nHow should technology adoption be approached?\n\nA) Buy the most expensive option\nB) Ignore it completely\nC) Based on cost-benefit analysis\n"
    },
    "action": {
      "buttons": [
        {
          "type": "reply",
          "reply": {
            "id": "option_A",
            "title": "A"
          }
        },
        {
          "type": "reply",
          "reply": {
            "id": "option_B",
            "title": "B"
          }
        },
        {
          "type": "reply",
          "reply": {
            "id": "option_C",
            "title": "C"
          }
        }
      ]
    }
  }
}
2025-07-08 14:37:25,873 - INFO - IMAGE EVENT: Received response from WhatsApp API for 2349068959261 - Status: 200
2025-07-08 14:37:25,873 - INFO - IMAGE EVENT: Response content: {"messaging_product":"whatsapp","contacts":[{"input":"2349068959261","wa_id":"2349068959261"}],"messages":[{"id":"wamid.HBgNMjM0OTA2ODk1OTI2MRUCABEYEkU4RjFGRjkxQkZDNjRBQkUyNAA="}]}
2025-07-08 14:37:25,873 - INFO - IMAGE EVENT: Successfully sent interactive message to 2349068959261
2025-07-08 14:38:09,567 - INFO - IMAGE EVENT: Full message content: {
  "context": {
    "from": "2349134774276",
    "id": "wamid.HBgNMjM0OTA2ODk1OTI2MRUCABEYEkU4RjFGRjkxQkZDNjRBQkUyNAA="
  },
  "from": "2349068959261",
  "id": "wamid.HBgNMjM0OTA2ODk1OTI2MRUCABIYFDNBMjNFMEZFRTc3RjFCRkM2RUI5AA==",
  "timestamp": "1751985488",
  "type": "interactive",
  "interactive": {
    "type": "button_reply",
    "button_reply": {
      "id": "option_C",
      "title": "C"
    }
  }
}
2025-07-08 14:38:09,567 - INFO - IMAGE EVENT: Received message of type 'interactive' from 2349068959261
2025-07-08 14:38:09,568 - INFO - IMAGE EVENT: Processing message wamid.HBgNMjM0OTA2ODk1OTI2MRUCABIYFDNBMjNFMEZFRTc3RjFCRkM2RUI5AA== for user: <sqlite3.Row object at 0x7fab247c3bd0>
2025-07-08 14:38:09,568 - INFO - IMAGE EVENT: User state: quiz_3
2025-07-08 14:38:09,569 - INFO - IMAGE EVENT: Processing interactive message: {
  "type": "button_reply",
  "button_reply": {
    "id": "option_C",
    "title": "C"
  }
}
2025-07-08 14:38:09,569 - INFO - IMAGE EVENT: Received button reply: id=option_C, text=C
2025-07-08 14:38:09,569 - INFO - IMAGE EVENT: Handling other button response
2025-07-08 14:38:09,569 - INFO - IMAGE EVENT: Button/List response received: id=option_C, text=C
2025-07-08 14:38:09,574 - INFO - IMAGE EVENT: Unknown button/list response: option_C from 2349068959261
2025-07-08 14:38:09,574 - INFO - IMAGE EVENT: Handling text message for 2349068959261: C
2025-07-08 14:38:09,574 - INFO - IMAGE EVENT: Handling quiz response for 2349068959261: C
2025-07-08 14:38:09,575 - INFO - IMAGE EVENT: User 153 answered question 4 correctly
2025-07-08 14:38:09,575 - INFO - IMAGE EVENT: Inserted response for user 153: question 4, correct=1, quiz=quiz6
2025-07-08 14:38:10,192 - INFO - IMAGE EVENT: Moving to next question. New index: 4
2025-07-08 14:38:10,266 - INFO - IMAGE EVENT: Preparing to send interactive message to 2349068959261
2025-07-08 14:38:10,267 - INFO - IMAGE EVENT: Preparing button message for 2349068959261
2025-07-08 14:38:10,267 - INFO - IMAGE EVENT: Sending request to WhatsApp API for 2349068959261
2025-07-08 14:38:10,267 - INFO - IMAGE EVENT: Request data: {
  "messaging_product": "whatsapp",
  "to": "2349068959261",
  "type": "interactive",
  "interactive": {
    "type": "button",
    "body": {
      "text": "Question 5 out of 5:\n\nWhat is the primary goal of quality control?\n\nA) Increasing prices\nB) Maintaining standards\nC) Reducing staff\n"
    },
    "action": {
      "buttons": [
        {
          "type": "reply",
          "reply": {
            "id": "option_A",
            "title": "A"
          }
        },
        {
          "type": "reply",
          "reply": {
            "id": "option_B",
            "title": "B"
          }
        },
        {
          "type": "reply",
          "reply": {
            "id": "option_C",
            "title": "C"
          }
        }
      ]
    }
  }
}
2025-07-08 14:38:10,688 - INFO - IMAGE EVENT: Received response from WhatsApp API for 2349068959261 - Status: 200
2025-07-08 14:38:10,688 - INFO - IMAGE EVENT: Response content: {"messaging_product":"whatsapp","contacts":[{"input":"2349068959261","wa_id":"2349068959261"}],"messages":[{"id":"wamid.HBgNMjM0OTA2ODk1OTI2MRUCABEYEjIwNkZFNzg2QTdCNDZGNUEwRgA="}]}
2025-07-08 14:38:10,690 - INFO - IMAGE EVENT: Successfully sent interactive message to 2349068959261
2025-07-08 14:38:31,659 - INFO - IMAGE EVENT: Full message content: {
  "context": {
    "from": "2349134774276",
    "id": "wamid.HBgNMjM0OTA2ODk1OTI2MRUCABEYEjIwNkZFNzg2QTdCNDZGNUEwRgA="
  },
  "from": "2349068959261",
  "id": "wamid.HBgNMjM0OTA2ODk1OTI2MRUCABIYFDNBMjM4MjEzNDFCODc2MDA0RThBAA==",
  "timestamp": "1751985510",
  "type": "interactive",
  "interactive": {
    "type": "button_reply",
    "button_reply": {
      "id": "option_B",
      "title": "B"
    }
  }
}
2025-07-08 14:38:31,659 - INFO - IMAGE EVENT: Received message of type 'interactive' from 2349068959261
2025-07-08 14:38:31,661 - INFO - IMAGE EVENT: Processing message wamid.HBgNMjM0OTA2ODk1OTI2MRUCABIYFDNBMjM4MjEzNDFCODc2MDA0RThBAA== for user: <sqlite3.Row object at 0x7fab247c33d0>
2025-07-08 14:38:31,661 - INFO - IMAGE EVENT: User state: quiz_4
2025-07-08 14:38:31,662 - INFO - IMAGE EVENT: Processing interactive message: {
  "type": "button_reply",
  "button_reply": {
    "id": "option_B",
    "title": "B"
  }
}
2025-07-08 14:38:31,662 - INFO - IMAGE EVENT: Received button reply: id=option_B, text=B
2025-07-08 14:38:31,663 - INFO - IMAGE EVENT: Handling other button response
2025-07-08 14:38:31,663 - INFO - IMAGE EVENT: Button/List response received: id=option_B, text=B
2025-07-08 14:38:31,663 - INFO - IMAGE EVENT: Unknown button/list response: option_B from 2349068959261
2025-07-08 14:38:31,664 - INFO - IMAGE EVENT: Handling text message for 2349068959261: B
2025-07-08 14:38:31,664 - INFO - IMAGE EVENT: Handling quiz response for 2349068959261: B
2025-07-08 14:38:31,665 - INFO - IMAGE EVENT: User 153 answered question 5 correctly
2025-07-08 14:38:31,665 - INFO - IMAGE EVENT: Inserted response for user 153: question 5, correct=1, quiz=quiz6
2025-07-08 14:38:32,163 - INFO - IMAGE EVENT: Moving to next question. New index: 5
2025-07-08 14:38:32,165 - INFO - IMAGE EVENT: Finishing quiz quiz6 for user 153
2025-07-08 14:38:32,647 - INFO - IMAGE EVENT: Database updated for user 153 after finishing quiz quiz6
2025-07-08 14:38:32,647 - INFO - IMAGE EVENT: Preparing to send interactive message to 2349068959261
2025-07-08 14:38:32,647 - INFO - IMAGE EVENT: Preparing button message for 2349068959261
2025-07-08 14:38:32,647 - INFO - IMAGE EVENT: Sending request to WhatsApp API for 2349068959261
2025-07-08 14:38:32,648 - INFO - IMAGE EVENT: Request data: {
  "messaging_product": "whatsapp",
  "to": "2349068959261",
  "type": "interactive",
  "interactive": {
    "type": "button",
    "body": {
      "text": "What would you like to do next?"
    },
    "action": {
      "buttons": [
        {
          "type": "reply",
          "reply": {
            "id": "quiz",
            "title": "Take Another Quiz"
          }
        },
        {
          "type": "reply",
          "reply": {
            "id": "records",
            "title": "Switch to Records"
          }
        },
        {
          "type": "reply",
          "reply": {
            "id": "ai_chat",
            "title": "Review Mistakes (AI)"
          }
        }
      ]
    }
  }
}
2025-07-08 14:38:33,454 - INFO - IMAGE EVENT: Received response from WhatsApp API for 2349068959261 - Status: 200
2025-07-08 14:38:33,455 - INFO - IMAGE EVENT: Response content: {"messaging_product":"whatsapp","contacts":[{"input":"2349068959261","wa_id":"2349068959261"}],"messages":[{"id":"wamid.HBgNMjM0OTA2ODk1OTI2MRUCABEYEjI3Nzc1ODAyMjc4NEY2NzAzRAA="}]}
2025-07-08 14:38:33,458 - INFO - IMAGE EVENT: Successfully sent interactive message to 2349068959261
2025-07-08 14:38:33,458 - INFO - IMAGE EVENT: Quiz quiz6 finished successfully for user 153
